timestamp, name, memory.used [MiB], memory.total [MiB], utilization.gpu [%], temperature.gpu, power.draw [W], clocks.current.sm [MHz]
2026/09/30 04:09:49.539, Tesla T4, 0 MiB, 15360 MiB, 0 %, 52, 12.23 W, 300 MHz
2026/09/30 04:09:50.055, Tesla T4, 0 MiB, 15360 MiB, 0 %, 53, 29.68 W, 900 MHz
2026/09/30 04:09:50.565, Tesla T4, 0 MiB, 15360 MiB, 0 %, 53, 29.69 W, 900 MHz
2026/09/30 04:09:51.079, Tesla T4, 0 MiB, 15360 MiB, 0 %, 53, 29.79 W, 900 MHz
2026/09/30 04:09:51.585, Tesla T4, 0 MiB, 15360 MiB, 0 %, 53, 23.10 W, 360 MHz
2026/09/30 04:09:52.099, Tesla T4, 0 MiB, 15360 MiB, 0 %, 52, 12.53 W, 300 MHz
2026/09/30 04:09:52.620, Tesla T4, 0 MiB, 15360 MiB, 0 %, 52, 12.53 W, 300 MHz
2026/09/30 04:09:53.151, Tesla T4, 0 MiB, 15360 MiB, 0 %, 52, 12.23 W, 300 MHz
2026/09/30 04:09:53.718, Tesla T4, 0 MiB, 15360 MiB, 0 %, 52, 11.94 W, 300 MHz
2026/09/30 04:09:54.253, Tesla T4, 0 MiB, 15360 MiB, 0 %, 52, 12.14 W, 300 MHz
2026/09/30 04:09:54.762, Tesla T4, 0 MiB, 15360 MiB, 0 %, 52, 12.53 W, 300 MHz
2026/09/30 04:09:55.271, Tesla T4, 0 MiB, 15360 MiB, 0 %, 52, 12.14 W, 300 MHz
2026/09/30 04:09:55.780, Tesla T4, 0 MiB, 15360 MiB, 0 %, 52, 12.53 W, 300 MHz
2026/09/30 04:09:56.290, Tesla T4, 0 MiB, 15360 MiB, 0 %, 52, 12.14 W, 300 MHz
2026/09/30 04:09:56.799, Tesla T4, 0 MiB, 15360 MiB, 0 %, 52, 12.93 W, 300 MHz
2026/09/30 04:09:57.307, Tesla T4, 0 MiB, 15360 MiB, 0 %, 52, 12.13 W, 300 MHz
2026/09/30 04:09:57.816, Tesla T4, 0 MiB, 15360 MiB, 0 %, 52, 12.73 W, 300 MHz
2026/09/30 04:09:58.325, Tesla T4, 0 MiB, 15360 MiB, 0 %, 52, 12.13 W, 300 MHz
2026/09/30 04:09:58.834, Tesla T4, 0 MiB, 15360 MiB, 0 %, 52, 12.33 W, 300 MHz
2026/09/30 04:09:59.343, Tesla T4, 0 MiB, 15360 MiB, 0 %, 52, 12.33 W, 300 MHz
2026/09/30 04:09:59.853, Tesla T4, 0 MiB, 15360 MiB, 0 %, 52, 12.34 W, 300 MHz
2026/09/30 04:10:00.362, Tesla T4, 0 MiB, 15360 MiB, 0 %, 52, 12.13 W, 300 MHz
2026/09/30 04:10:00.873, Tesla T4, 0 MiB, 15360 MiB, 0 %, 52, 12.23 W, 300 MHz
2026/09/30 04:10:01.391, Tesla T4, 0 MiB, 15360 MiB, 0 %, 52, 12.13 W, 300 MHz
2026/09/30 04:10:01.902, Tesla T4, 0 MiB, 15360 MiB, 0 %, 52, 12.13 W, 300 MHz
2026/09/30 04:10:02.422, Tesla T4, 0 MiB, 15360 MiB, 0 %, 52, 12.13 W, 300 MHz
2026/09/30 04:10:02.931, Tesla T4, 0 MiB, 15360 MiB, 0 %, 52, 12.04 W, 300 MHz
2026/09/30 04:10:03.440, Tesla T4, 0 MiB, 15360 MiB, 0 %, 52, 12.13 W, 300 MHz
2026/09/30 04:10:03.949, Tesla T4, 0 MiB, 15360 MiB, 0 %, 52, 12.04 W, 300 MHz
2026/09/30 04:10:04.458, Tesla T4, 0 MiB, 15360 MiB, 0 %, 52, 12.13 W, 300 MHz
2026/09/30 04:10:04.967, Tesla T4, 0 MiB, 15360 MiB, 0 %, 52, 12.43 W, 300 MHz
2026/09/30 04:10:05.477, Tesla T4, 0 MiB, 15360 MiB, 0 %, 52, 11.94 W, 300 MHz
2026/09/30 04:10:06.001, Tesla T4, 0 MiB, 15360 MiB, 0 %, 52, 12.73 W, 300 MHz
2026/09/30 04:10:06.513, Tesla T4, 0 MiB, 15360 MiB, 0 %, 51, 12.13 W, 300 MHz
2026/09/30 04:10:07.031, Tesla T4, 0 MiB, 15360 MiB, 0 %, 51, 12.53 W, 300 MHz
2026/09/30 04:10:07.552, Tesla T4, 0 MiB, 15360 MiB, 0 %, 51, 11.94 W, 300 MHz
2026/09/30 04:10:08.075, Tesla T4, 0 MiB, 15360 MiB, 0 %, 51, 12.03 W, 300 MHz
2026/09/30 04:10:08.584, Tesla T4, 0 MiB, 15360 MiB, 0 %, 51, 12.13 W, 300 MHz
2026/09/30 04:10:09.093, Tesla T4, 0 MiB, 15360 MiB, 0 %, 51, 12.04 W, 300 MHz
2026/09/30 04:10:09.602, Tesla T4, 0 MiB, 15360 MiB, 0 %, 51, 12.13 W, 300 MHz
2026/09/30 04:10:10.113, Tesla T4, 0 MiB, 15360 MiB, 0 %, 51, 12.13 W, 300 MHz
2026/09/30 04:10:10.622, Tesla T4, 0 MiB, 15360 MiB, 0 %, 51, 12.14 W, 300 MHz
2026/09/30 04:10:11.130, Tesla T4, 0 MiB, 15360 MiB, 0 %, 51, 11.94 W, 300 MHz
2026/09/30 04:10:11.639, Tesla T4, 0 MiB, 15360 MiB, 0 %, 51, 12.33 W, 300 MHz
2026/09/30 04:10:12.148, Tesla T4, 0 MiB, 15360 MiB, 0 %, 51, 11.94 W, 300 MHz
2026/09/30 04:10:12.657, Tesla T4, 0 MiB, 15360 MiB, 0 %, 51, 12.13 W, 300 MHz
2026/09/30 04:10:13.167, Tesla T4, 0 MiB, 15360 MiB, 0 %, 51, 11.94 W, 300 MHz
2026/09/30 04:10:13.676, Tesla T4, 0 MiB, 15360 MiB, 0 %, 51, 12.03 W, 300 MHz
2026/09/30 04:10:14.198, Tesla T4, 0 MiB, 15360 MiB, 0 %, 51, 12.14 W, 300 MHz
2026/09/30 04:10:14.724, Tesla T4, 0 MiB, 15360 MiB, 0 %, 51, 11.94 W, 300 MHz
2026/09/30 04:10:15.250, Tesla T4, 0 MiB, 15360 MiB, 0 %, 51, 12.64 W, 300 MHz
2026/09/30 04:10:15.760, Tesla T4, 0 MiB, 15360 MiB, 0 %, 51, 12.14 W, 300 MHz
2026/09/30 04:10:16.269, Tesla T4, 0 MiB, 15360 MiB, 0 %, 51, 12.14 W, 300 MHz
2026/09/30 04:10:16.778, Tesla T4, 0 MiB, 15360 MiB, 0 %, 51, 11.94 W, 300 MHz
2026/09/30 04:10:17.287, Tesla T4, 0 MiB, 15360 MiB, 0 %, 51, 12.24 W, 300 MHz
2026/09/30 04:10:17.797, Tesla T4, 0 MiB, 15360 MiB, 0 %, 51, 12.54 W, 300 MHz
2026/09/30 04:10:18.312, Tesla T4, 0 MiB, 15360 MiB, 0 %, 51, 11.94 W, 300 MHz
2026/09/30 04:10:18.828, Tesla T4, 0 MiB, 15360 MiB, 0 %, 51, 12.63 W, 300 MHz
2026/09/30 04:10:19.345, Tesla T4, 0 MiB, 15360 MiB, 0 %, 51, 12.03 W, 300 MHz
2026/09/30 04:10:19.863, Tesla T4, 0 MiB, 15360 MiB, 0 %, 51, 12.64 W, 300 MHz
2026/09/30 04:10:20.380, Tesla T4, 0 MiB, 15360 MiB, 0 %, 51, 11.94 W, 300 MHz
2026/09/30 04:10:20.891, Tesla T4, 0 MiB, 15360 MiB, 0 %, 50, 12.24 W, 300 MHz
2026/09/30 04:10:21.399, Tesla T4, 0 MiB, 15360 MiB, 0 %, 50, 12.24 W, 300 MHz
2026/09/30 04:10:21.910, Tesla T4, 0 MiB, 15360 MiB, 0 %, 50, 11.94 W, 300 MHz
2026/09/30 04:10:22.427, Tesla T4, 0 MiB, 15360 MiB, 0 %, 50, 12.63 W, 300 MHz
2026/09/30 04:10:22.937, Tesla T4, 0 MiB, 15360 MiB, 0 %, 50, 12.23 W, 300 MHz
2026/09/30 04:10:23.456, Tesla T4, 0 MiB, 15360 MiB, 0 %, 50, 12.33 W, 300 MHz
2026/09/30 04:10:23.966, Tesla T4, 0 MiB, 15360 MiB, 0 %, 50, 11.94 W, 300 MHz
2026/09/30 04:10:24.486, Tesla T4, 0 MiB, 15360 MiB, 0 %, 50, 12.43 W, 300 MHz
2026/09/30 04:10:24.995, Tesla T4, 0 MiB, 15360 MiB, 0 %, 50, 12.13 W, 300 MHz
2026/09/30 04:10:25.506, Tesla T4, 0 MiB, 15360 MiB, 0 %, 50, 12.13 W, 300 MHz
2026/09/30 04:10:26.014, Tesla T4, 3 MiB, 15360 MiB, 0 %, 50, 12.03 W, 300 MHz
2026/09/30 04:10:26.524, Tesla T4, 3 MiB, 15360 MiB, 0 %, 50, 11.84 W, 300 MHz
2026/09/30 04:10:27.033, Tesla T4, 3 MiB, 15360 MiB, 0 %, 50, 12.13 W, 300 MHz
2026/09/30 04:10:27.542, Tesla T4, 3 MiB, 15360 MiB, 0 %, 50, 11.84 W, 300 MHz
2026/09/30 04:10:28.050, Tesla T4, 3 MiB, 15360 MiB, 0 %, 50, 12.24 W, 300 MHz
2026/09/30 04:10:28.560, Tesla T4, 3 MiB, 15360 MiB, 0 %, 50, 11.94 W, 300 MHz
2026/09/30 04:10:29.068, Tesla T4, 3 MiB, 15360 MiB, 0 %, 50, 12.23 W, 300 MHz
2026/09/30 04:10:29.577, Tesla T4, 3 MiB, 15360 MiB, 0 %, 50, 12.14 W, 300 MHz
2026/09/30 04:10:30.087, Tesla T4, 3 MiB, 15360 MiB, 0 %, 50, 12.04 W, 300 MHz
2026/09/30 04:10:30.596, Tesla T4, 3 MiB, 15360 MiB, 0 %, 50, 11.94 W, 300 MHz
2026/09/30 04:10:31.107, Tesla T4, 3 MiB, 15360 MiB, 0 %, 50, 12.04 W, 300 MHz
2026/09/30 04:10:31.617, Tesla T4, 3 MiB, 15360 MiB, 0 %, 50, 11.94 W, 300 MHz
2026/09/30 04:10:32.126, Tesla T4, 3 MiB, 15360 MiB, 0 %, 50, 11.84 W, 300 MHz
2026/09/30 04:10:32.635, Tesla T4, 3 MiB, 15360 MiB, 0 %, 50, 12.04 W, 300 MHz
2026/09/30 04:10:33.144, Tesla T4, 0 MiB, 15360 MiB, 0 %, 50, 11.94 W, 300 MHz
2026/09/30 04:10:33.656, Tesla T4, 0 MiB, 15360 MiB, 0 %, 50, 12.13 W, 300 MHz
2026/09/30 04:10:34.165, Tesla T4, 0 MiB, 15360 MiB, 0 %, 50, 11.84 W, 300 MHz
2026/09/30 04:10:34.675, Tesla T4, 3 MiB, 15360 MiB, 0 %, 50, 12.53 W, 300 MHz
2026/09/30 04:10:35.185, Tesla T4, 0 MiB, 15360 MiB, 0 %, 50, 12.14 W, 300 MHz
2026/09/30 04:10:35.694, Tesla T4, 0 MiB, 15360 MiB, 0 %, 49, 12.04 W, 300 MHz
2026/09/30 04:10:36.203, Tesla T4, 0 MiB, 15360 MiB, 0 %, 50, 12.13 W, 300 MHz
2026/09/30 04:10:36.712, Tesla T4, 0 MiB, 15360 MiB, 0 %, 49, 12.04 W, 300 MHz
2026/09/30 04:10:37.221, Tesla T4, 0 MiB, 15360 MiB, 0 %, 49, 11.94 W, 300 MHz
2026/09/30 04:10:37.730, Tesla T4, 3 MiB, 15360 MiB, 0 %, 49, 12.53 W, 300 MHz
2026/09/30 04:10:38.240, Tesla T4, 3 MiB, 15360 MiB, 0 %, 49, 12.04 W, 300 MHz
2026/09/30 04:10:38.749, Tesla T4, 3 MiB, 15360 MiB, 0 %, 49, 12.53 W, 300 MHz
2026/09/30 04:10:39.258, Tesla T4, 3 MiB, 15360 MiB, 0 %, 49, 12.03 W, 300 MHz
2026/09/30 04:10:39.767, Tesla T4, 3 MiB, 15360 MiB, 0 %, 49, 11.84 W, 300 MHz
2026/09/30 04:10:40.276, Tesla T4, 3 MiB, 15360 MiB, 0 %, 49, 12.03 W, 300 MHz
2026/09/30 04:10:40.785, Tesla T4, 3 MiB, 15360 MiB, 0 %, 49, 11.84 W, 300 MHz
2026/09/30 04:10:41.294, Tesla T4, 3 MiB, 15360 MiB, 0 %, 49, 12.24 W, 300 MHz
2026/09/30 04:10:41.803, Tesla T4, 3 MiB, 15360 MiB, 0 %, 49, 11.94 W, 300 MHz
2026/09/30 04:10:42.312, Tesla T4, 3 MiB, 15360 MiB, 0 %, 49, 12.04 W, 300 MHz
2026/09/30 04:10:42.821, Tesla T4, 3 MiB, 15360 MiB, 0 %, 49, 11.84 W, 300 MHz
2026/09/30 04:10:43.334, Tesla T4, 3 MiB, 15360 MiB, 0 %, 49, 12.63 W, 300 MHz
2026/09/30 04:10:43.869, Tesla T4, 3 MiB, 15360 MiB, 0 %, 49, 12.03 W, 300 MHz
2026/09/30 04:10:44.385, Tesla T4, 3 MiB, 15360 MiB, 0 %, 49, 12.43 W, 300 MHz
2026/09/30 04:10:44.903, Tesla T4, 3 MiB, 15360 MiB, 0 %, 49, 12.13 W, 300 MHz
2026/09/30 04:10:45.422, Tesla T4, 3 MiB, 15360 MiB, 0 %, 49, 12.33 W, 300 MHz
2026/09/30 04:10:45.933, Tesla T4, 3 MiB, 15360 MiB, 0 %, 49, 12.03 W, 300 MHz
2026/09/30 04:10:46.457, Tesla T4, 3 MiB, 15360 MiB, 0 %, 49, 12.04 W, 300 MHz
2026/09/30 04:10:46.967, Tesla T4, 3 MiB, 15360 MiB, 0 %, 49, 11.84 W, 300 MHz
2026/09/30 04:10:47.488, Tesla T4, 3 MiB, 15360 MiB, 0 %, 49, 12.24 W, 300 MHz
2026/09/30 04:10:47.997, Tesla T4, 3 MiB, 15360 MiB, 0 %, 49, 12.33 W, 300 MHz
2026/09/30 04:10:48.506, Tesla T4, 3 MiB, 15360 MiB, 0 %, 49, 11.94 W, 300 MHz
2026/09/30 04:10:49.015, Tesla T4, 3 MiB, 15360 MiB, 0 %, 48, 11.94 W, 300 MHz
2026/09/30 04:10:49.524, Tesla T4, 3 MiB, 15360 MiB, 0 %, 48, 12.03 W, 300 MHz
2026/09/30 04:10:50.033, Tesla T4, 3 MiB, 15360 MiB, 0 %, 48, 12.04 W, 300 MHz
2026/09/30 04:10:50.542, Tesla T4, 3 MiB, 15360 MiB, 0 %, 48, 11.94 W, 300 MHz
2026/09/30 04:10:51.051, Tesla T4, 3 MiB, 15360 MiB, 0 %, 48, 11.84 W, 300 MHz
2026/09/30 04:10:51.560, Tesla T4, 0 MiB, 15360 MiB, 0 %, 48, 12.03 W, 300 MHz
2026/09/30 04:10:52.069, Tesla T4, 0 MiB, 15360 MiB, 0 %, 48, 12.04 W, 300 MHz
2026/09/30 04:10:52.578, Tesla T4, 0 MiB, 15360 MiB, 0 %, 48, 11.84 W, 300 MHz
2026/09/30 04:10:53.087, Tesla T4, 0 MiB, 15360 MiB, 0 %, 48, 11.94 W, 300 MHz
2026/09/30 04:10:53.596, Tesla T4, 0 MiB, 15360 MiB, 0 %, 48, 11.84 W, 300 MHz
2026/09/30 04:10:54.106, Tesla T4, 0 MiB, 15360 MiB, 0 %, 48, 12.13 W, 300 MHz
2026/09/30 04:10:54.615, Tesla T4, 0 MiB, 15360 MiB, 0 %, 48, 11.84 W, 300 MHz
2026/09/30 04:10:55.125, Tesla T4, 0 MiB, 15360 MiB, 0 %, 48, 11.94 W, 300 MHz
2026/09/30 04:10:55.648, Tesla T4, 0 MiB, 15360 MiB, 0 %, 48, 11.84 W, 300 MHz
2026/09/30 04:10:56.185, Tesla T4, 0 MiB, 15360 MiB, 0 %, 48, 11.84 W, 300 MHz
2026/09/30 04:10:56.738, Tesla T4, 0 MiB, 15360 MiB, 0 %, 48, 12.03 W, 300 MHz
2026/09/30 04:10:57.276, Tesla T4, 0 MiB, 15360 MiB, 0 %, 48, 12.13 W, 300 MHz
2026/09/30 04:10:57.844, Tesla T4, 0 MiB, 15360 MiB, 0 %, 48, 11.94 W, 300 MHz
2026/09/30 04:10:58.353, Tesla T4, 0 MiB, 15360 MiB, 0 %, 48, 11.94 W, 300 MHz
2026/09/30 04:10:58.862, Tesla T4, 0 MiB, 15360 MiB, 0 %, 48, 12.03 W, 300 MHz
2026/09/30 04:10:59.371, Tesla T4, 0 MiB, 15360 MiB, 0 %, 48, 12.93 W, 300 MHz
2026/09/30 04:10:59.881, Tesla T4, 0 MiB, 15360 MiB, 0 %, 48, 11.94 W, 300 MHz
2026/09/30 04:11:00.390, Tesla T4, 0 MiB, 15360 MiB, 0 %, 48, 12.14 W, 300 MHz
2026/09/30 04:11:00.899, Tesla T4, 0 MiB, 15360 MiB, 0 %, 48, 11.94 W, 300 MHz
2026/09/30 04:11:01.409, Tesla T4, 0 MiB, 15360 MiB, 0 %, 48, 12.13 W, 300 MHz
2026/09/30 04:11:01.922, Tesla T4, 0 MiB, 15360 MiB, 0 %, 48, 12.33 W, 300 MHz
2026/09/30 04:11:02.431, Tesla T4, 0 MiB, 15360 MiB, 0 %, 48, 12.03 W, 300 MHz
2026/09/30 04:11:02.940, Tesla T4, 0 MiB, 15360 MiB, 0 %, 48, 11.94 W, 300 MHz
2026/09/30 04:11:03.449, Tesla T4, 0 MiB, 15360 MiB, 0 %, 48, 12.23 W, 300 MHz
2026/09/30 04:11:03.959, Tesla T4, 0 MiB, 15360 MiB, 0 %, 48, 11.84 W, 300 MHz
2026/09/30 04:11:04.468, Tesla T4, 0 MiB, 15360 MiB, 0 %, 48, 12.33 W, 300 MHz
2026/09/30 04:11:04.977, Tesla T4, 0 MiB, 15360 MiB, 0 %, 48, 12.13 W, 300 MHz
2026/09/30 04:11:05.485, Tesla T4, 0 MiB, 15360 MiB, 0 %, 48, 12.03 W, 300 MHz
2026/09/30 04:11:05.994, Tesla T4, 0 MiB, 15360 MiB, 0 %, 48, 12.53 W, 300 MHz
2026/09/30 04:11:06.503, Tesla T4, 0 MiB, 15360 MiB, 0 %, 48, 11.94 W, 300 MHz
2026/09/30 04:11:07.012, Tesla T4, 0 MiB, 15360 MiB, 0 %, 48, 12.13 W, 300 MHz
2026/09/30 04:11:07.521, Tesla T4, 0 MiB, 15360 MiB, 0 %, 48, 12.13 W, 300 MHz
2026/09/30 04:11:08.030, Tesla T4, 0 MiB, 15360 MiB, 0 %, 48, 12.23 W, 300 MHz
2026/09/30 04:11:08.539, Tesla T4, 0 MiB, 15360 MiB, 0 %, 48, 11.84 W, 300 MHz
2026/09/30 04:11:09.060, Tesla T4, 0 MiB, 15360 MiB, 0 %, 48, 12.13 W, 300 MHz
2026/09/30 04:11:09.578, Tesla T4, 0 MiB, 15360 MiB, 0 %, 48, 12.03 W, 300 MHz
2026/09/30 04:11:10.096, Tesla T4, 0 MiB, 15360 MiB, 0 %, 48, 11.74 W, 300 MHz
2026/09/30 04:11:10.616, Tesla T4, 0 MiB, 15360 MiB, 0 %, 48, 11.94 W, 300 MHz
2026/09/30 04:11:11.138, Tesla T4, 0 MiB, 15360 MiB, 0 %, 48, 12.13 W, 300 MHz
2026/09/30 04:11:11.647, Tesla T4, 0 MiB, 15360 MiB, 0 %, 48, 11.74 W, 300 MHz
2026/09/30 04:11:12.156, Tesla T4, 0 MiB, 15360 MiB, 0 %, 47, 12.04 W, 300 MHz
2026/09/30 04:11:12.667, Tesla T4, 0 MiB, 15360 MiB, 0 %, 48, 11.74 W, 300 MHz
2026/09/30 04:11:13.186, Tesla T4, 0 MiB, 15360 MiB, 0 %, 47, 11.84 W, 300 MHz
2026/09/30 04:11:13.705, Tesla T4, 0 MiB, 15360 MiB, 0 %, 47, 11.94 W, 300 MHz
2026/09/30 04:11:14.213, Tesla T4, 0 MiB, 15360 MiB, 0 %, 47, 11.84 W, 300 MHz
2026/09/30 04:11:14.722, Tesla T4, 0 MiB, 15360 MiB, 0 %, 47, 12.03 W, 300 MHz
2026/09/30 04:11:15.231, Tesla T4, 0 MiB, 15360 MiB, 0 %, 47, 12.03 W, 300 MHz
2026/09/30 04:11:15.741, Tesla T4, 0 MiB, 15360 MiB, 0 %, 47, 11.94 W, 300 MHz
2026/09/30 04:11:16.250, Tesla T4, 0 MiB, 15360 MiB, 0 %, 47, 11.84 W, 300 MHz
2026/09/30 04:11:16.761, Tesla T4, 0 MiB, 15360 MiB, 0 %, 47, 11.84 W, 300 MHz
2026/09/30 04:11:17.270, Tesla T4, 0 MiB, 15360 MiB, 0 %, 47, 11.84 W, 300 MHz
2026/09/30 04:11:17.779, Tesla T4, 0 MiB, 15360 MiB, 0 %, 47, 11.84 W, 300 MHz
2026/09/30 04:11:18.288, Tesla T4, 0 MiB, 15360 MiB, 0 %, 47, 11.74 W, 300 MHz
2026/09/30 04:11:18.797, Tesla T4, 0 MiB, 15360 MiB, 0 %, 47, 12.14 W, 300 MHz
2026/09/30 04:11:19.306, Tesla T4, 0 MiB, 15360 MiB, 0 %, 47, 11.94 W, 300 MHz
2026/09/30 04:11:19.816, Tesla T4, 0 MiB, 15360 MiB, 0 %, 47, 11.74 W, 300 MHz
2026/09/30 04:11:20.325, Tesla T4, 0 MiB, 15360 MiB, 0 %, 47, 12.13 W, 300 MHz
2026/09/30 04:11:20.834, Tesla T4, 0 MiB, 15360 MiB, 0 %, 47, 11.74 W, 300 MHz
2026/09/30 04:11:21.343, Tesla T4, 0 MiB, 15360 MiB, 0 %, 47, 11.84 W, 300 MHz
2026/09/30 04:11:21.871, Tesla T4, 0 MiB, 15360 MiB, 0 %, 47, 11.94 W, 300 MHz
2026/09/30 04:11:22.399, Tesla T4, 0 MiB, 15360 MiB, 0 %, 47, 11.84 W, 300 MHz
2026/09/30 04:11:22.921, Tesla T4, 0 MiB, 15360 MiB, 0 %, 47, 11.94 W, 300 MHz
2026/09/30 04:11:23.438, Tesla T4, 0 MiB, 15360 MiB, 0 %, 47, 12.03 W, 300 MHz
2026/09/30 04:11:23.959, Tesla T4, 0 MiB, 15360 MiB, 0 %, 47, 12.04 W, 300 MHz
2026/09/30 04:11:24.468, Tesla T4, 0 MiB, 15360 MiB, 0 %, 47, 12.13 W, 300 MHz
2026/09/30 04:11:24.977, Tesla T4, 0 MiB, 15360 MiB, 0 %, 47, 11.84 W, 300 MHz
2026/09/30 04:11:25.486, Tesla T4, 0 MiB, 15360 MiB, 0 %, 47, 12.43 W, 300 MHz
2026/09/30 04:11:25.995, Tesla T4, 0 MiB, 15360 MiB, 0 %, 47, 11.84 W, 300 MHz
2026/09/30 04:11:26.504, Tesla T4, 0 MiB, 15360 MiB, 0 %, 47, 12.13 W, 300 MHz
2026/09/30 04:11:27.013, Tesla T4, 0 MiB, 15360 MiB, 0 %, 47, 12.04 W, 300 MHz
2026/09/30 04:11:27.522, Tesla T4, 0 MiB, 15360 MiB, 0 %, 47, 11.94 W, 300 MHz
2026/09/30 04:11:28.031, Tesla T4, 0 MiB, 15360 MiB, 0 %, 47, 11.94 W, 300 MHz
2026/09/30 04:11:28.539, Tesla T4, 0 MiB, 15360 MiB, 0 %, 47, 11.84 W, 300 MHz
2026/09/30 04:11:29.051, Tesla T4, 0 MiB, 15360 MiB, 0 %, 47, 11.74 W, 300 MHz
2026/09/30 04:11:29.559, Tesla T4, 0 MiB, 15360 MiB, 0 %, 47, 12.04 W, 300 MHz
2026/09/30 04:11:30.068, Tesla T4, 0 MiB, 15360 MiB, 0 %, 47, 11.94 W, 300 MHz
2026/09/30 04:11:30.578, Tesla T4, 0 MiB, 15360 MiB, 0 %, 47, 11.94 W, 300 MHz
2026/09/30 04:11:31.091, Tesla T4, 0 MiB, 15360 MiB, 0 %, 47, 11.74 W, 300 MHz
2026/09/30 04:11:31.600, Tesla T4, 0 MiB, 15360 MiB, 0 %, 47, 12.03 W, 300 MHz
2026/09/30 04:11:32.109, Tesla T4, 0 MiB, 15360 MiB, 0 %, 47, 11.74 W, 300 MHz
2026/09/30 04:11:32.618, Tesla T4, 1 MiB, 15360 MiB, 0 %, 47, 11.84 W, 300 MHz
2026/09/30 04:11:33.135, Tesla T4, 3 MiB, 15360 MiB, 0 %, 47, 11.84 W, 300 MHz
2026/09/30 04:11:33.644, Tesla T4, 0 MiB, 15360 MiB, 0 %, 47, 11.84 W, 300 MHz
2026/09/30 04:11:34.154, Tesla T4, 0 MiB, 15360 MiB, 0 %, 47, 11.84 W, 300 MHz
2026/09/30 04:11:34.675, Tesla T4, 0 MiB, 15360 MiB, 0 %, 47, 12.24 W, 300 MHz
2026/09/30 04:11:35.207, Tesla T4, 0 MiB, 15360 MiB, 0 %, 47, 11.94 W, 300 MHz
2026/09/30 04:11:35.724, Tesla T4, 0 MiB, 15360 MiB, 0 %, 47, 11.84 W, 300 MHz
2026/09/30 04:11:36.243, Tesla T4, 0 MiB, 15360 MiB, 0 %, 46, 12.53 W, 300 MHz
2026/09/30 04:11:36.762, Tesla T4, 0 MiB, 15360 MiB, 0 %, 47, 11.84 W, 300 MHz
2026/09/30 04:11:37.271, Tesla T4, 0 MiB, 15360 MiB, 0 %, 47, 11.74 W, 300 MHz
2026/09/30 04:11:37.780, Tesla T4, 0 MiB, 15360 MiB, 0 %, 47, 11.74 W, 300 MHz
2026/09/30 04:11:38.289, Tesla T4, 0 MiB, 15360 MiB, 0 %, 46, 11.94 W, 300 MHz
2026/09/30 04:11:38.797, Tesla T4, 0 MiB, 15360 MiB, 0 %, 46, 12.13 W, 300 MHz
2026/09/30 04:11:39.308, Tesla T4, 0 MiB, 15360 MiB, 0 %, 46, 11.74 W, 300 MHz
2026/09/30 04:11:39.817, Tesla T4, 0 MiB, 15360 MiB, 0 %, 46, 11.84 W, 300 MHz
2026/09/30 04:11:40.326, Tesla T4, 0 MiB, 15360 MiB, 0 %, 46, 11.74 W, 300 MHz
2026/09/30 04:11:40.843, Tesla T4, 0 MiB, 15360 MiB, 0 %, 46, 12.03 W, 300 MHz
2026/09/30 04:11:41.353, Tesla T4, 0 MiB, 15360 MiB, 0 %, 46, 12.63 W, 300 MHz
2026/09/30 04:11:41.863, Tesla T4, 0 MiB, 15360 MiB, 0 %, 46, 11.94 W, 300 MHz
2026/09/30 04:11:42.372, Tesla T4, 0 MiB, 15360 MiB, 0 %, 47, 15.99 W, 300 MHz
2026/09/30 04:11:42.971, Tesla T4, 0 MiB, 15360 MiB, 0 %, 47, 28.90 W, 720 MHz
2026/09/30 04:11:43.479, Tesla T4, 0 MiB, 15360 MiB, 0 %, 47, 28.90 W, 720 MHz
2026/09/30 04:11:43.985, Tesla T4, 0 MiB, 15360 MiB, 0 %, 48, 28.90 W, 720 MHz
2026/09/30 04:11:44.492, Tesla T4, 0 MiB, 15360 MiB, 0 %, 47, 16.09 W, 300 MHz
2026/09/30 04:11:45.001, Tesla T4, 3 MiB, 15360 MiB, 0 %, 47, 15.90 W, 300 MHz
2026/09/30 04:11:45.510, Tesla T4, 3 MiB, 15360 MiB, 0 %, 47, 15.99 W, 300 MHz
2026/09/30 04:11:46.019, Tesla T4, 3 MiB, 15360 MiB, 0 %, 47, 15.90 W, 300 MHz
2026/09/30 04:11:46.528, Tesla T4, 3 MiB, 15360 MiB, 0 %, 47, 15.99 W, 300 MHz
2026/09/30 04:11:47.038, Tesla T4, 3 MiB, 15360 MiB, 0 %, 47, 15.99 W, 300 MHz
2026/09/30 04:11:47.552, Tesla T4, 3 MiB, 15360 MiB, 0 %, 47, 15.99 W, 300 MHz
2026/09/30 04:11:48.078, Tesla T4, 3 MiB, 15360 MiB, 0 %, 47, 15.99 W, 300 MHz
2026/09/30 04:11:48.605, Tesla T4, 3 MiB, 15360 MiB, 0 %, 47, 15.99 W, 300 MHz
2026/09/30 04:11:49.123, Tesla T4, 3 MiB, 15360 MiB, 0 %, 47, 15.99 W, 300 MHz
2026/09/30 04:11:49.645, Tesla T4, 3 MiB, 15360 MiB, 0 %, 47, 15.99 W, 300 MHz
2026/09/30 04:11:50.155, Tesla T4, 3 MiB, 15360 MiB, 0 %, 47, 15.99 W, 300 MHz
2026/09/30 04:11:50.672, Tesla T4, 3 MiB, 15360 MiB, 0 %, 47, 15.99 W, 300 MHz
2026/09/30 04:11:51.180, Tesla T4, 3 MiB, 15360 MiB, 0 %, 47, 15.90 W, 300 MHz
2026/09/30 04:11:51.697, Tesla T4, 3 MiB, 15360 MiB, 0 %, 47, 15.90 W, 300 MHz
2026/09/30 04:11:52.217, Tesla T4, 3 MiB, 15360 MiB, 0 %, 47, 15.90 W, 300 MHz
2026/09/30 04:11:52.743, Tesla T4, 3 MiB, 15360 MiB, 0 %, 47, 15.90 W, 300 MHz
2026/09/30 04:11:53.270, Tesla T4, 3 MiB, 15360 MiB, 0 %, 47, 15.99 W, 300 MHz
2026/09/30 04:11:53.789, Tesla T4, 3 MiB, 15360 MiB, 0 %, 47, 15.90 W, 300 MHz
2026/09/30 04:11:54.308, Tesla T4, 3 MiB, 15360 MiB, 0 %, 47, 15.90 W, 300 MHz
2026/09/30 04:11:54.825, Tesla T4, 3 MiB, 15360 MiB, 0 %, 47, 15.90 W, 300 MHz
2026/09/30 04:11:55.334, Tesla T4, 3 MiB, 15360 MiB, 0 %, 47, 15.99 W, 300 MHz
2026/09/30 04:11:55.843, Tesla T4, 3 MiB, 15360 MiB, 0 %, 47, 15.99 W, 300 MHz
2026/09/30 04:11:56.352, Tesla T4, 3 MiB, 15360 MiB, 0 %, 47, 15.90 W, 300 MHz
2026/09/30 04:11:56.860, Tesla T4, 3 MiB, 15360 MiB, 0 %, 47, 15.90 W, 300 MHz
2026/09/30 04:11:57.369, Tesla T4, 3 MiB, 15360 MiB, 0 %, 47, 15.90 W, 300 MHz
2026/09/30 04:11:57.878, Tesla T4, 3 MiB, 15360 MiB, 0 %, 47, 15.99 W, 300 MHz
2026/09/30 04:11:58.388, Tesla T4, 3 MiB, 15360 MiB, 0 %, 47, 15.90 W, 300 MHz
2026/09/30 04:11:58.897, Tesla T4, 3 MiB, 15360 MiB, 0 %, 47, 15.90 W, 300 MHz
2026/09/30 04:11:59.405, Tesla T4, 3 MiB, 15360 MiB, 0 %, 47, 15.99 W, 300 MHz
2026/09/30 04:11:59.914, Tesla T4, 3 MiB, 15360 MiB, 0 %, 47, 15.99 W, 300 MHz
2026/09/30 04:12:00.423, Tesla T4, 3 MiB, 15360 MiB, 0 %, 47, 15.90 W, 300 MHz
2026/09/30 04:12:00.933, Tesla T4, 3 MiB, 15360 MiB, 0 %, 47, 15.99 W, 300 MHz
2026/09/30 04:12:01.449, Tesla T4, 3 MiB, 15360 MiB, 0 %, 47, 15.90 W, 300 MHz
2026/09/30 04:12:01.960, Tesla T4, 3 MiB, 15360 MiB, 0 %, 47, 15.90 W, 300 MHz
2026/09/30 04:12:02.482, Tesla T4, 3 MiB, 15360 MiB, 0 %, 47, 15.99 W, 300 MHz
2026/09/30 04:12:03.035, Tesla T4, 3 MiB, 15360 MiB, 0 %, 47, 15.99 W, 300 MHz
2026/09/30 04:12:03.552, Tesla T4, 3 MiB, 15360 MiB, 0 %, 47, 15.90 W, 300 MHz
2026/09/30 04:12:04.070, Tesla T4, 3 MiB, 15360 MiB, 0 %, 47, 16.00 W, 300 MHz
2026/09/30 04:12:04.632, Tesla T4, 3 MiB, 15360 MiB, 0 %, 47, 15.99 W, 300 MHz
2026/09/30 04:12:05.150, Tesla T4, 3 MiB, 15360 MiB, 0 %, 47, 15.99 W, 300 MHz
2026/09/30 04:12:05.683, Tesla T4, 3 MiB, 15360 MiB, 0 %, 47, 15.99 W, 300 MHz
2026/09/30 04:12:06.193, Tesla T4, 3 MiB, 15360 MiB, 0 %, 47, 15.90 W, 300 MHz
2026/09/30 04:12:06.701, Tesla T4, 3 MiB, 15360 MiB, 0 %, 47, 15.99 W, 300 MHz
2026/09/30 04:12:07.210, Tesla T4, 3 MiB, 15360 MiB, 0 %, 47, 15.90 W, 300 MHz
2026/09/30 04:12:07.720, Tesla T4, 3 MiB, 15360 MiB, 0 %, 47, 15.90 W, 300 MHz
2026/09/30 04:12:08.236, Tesla T4, 3 MiB, 15360 MiB, 0 %, 47, 15.99 W, 300 MHz
2026/09/30 04:12:08.745, Tesla T4, 3 MiB, 15360 MiB, 0 %, 47, 15.90 W, 300 MHz
2026/09/30 04:12:09.258, Tesla T4, 3 MiB, 15360 MiB, 0 %, 47, 15.90 W, 300 MHz
2026/09/30 04:12:09.767, Tesla T4, 3 MiB, 15360 MiB, 0 %, 47, 15.90 W, 300 MHz
2026/09/30 04:12:10.275, Tesla T4, 3 MiB, 15360 MiB, 0 %, 47, 15.90 W, 300 MHz
2026/09/30 04:12:10.784, Tesla T4, 3 MiB, 15360 MiB, 0 %, 47, 15.99 W, 300 MHz
2026/09/30 04:12:11.293, Tesla T4, 3 MiB, 15360 MiB, 0 %, 47, 15.99 W, 300 MHz
2026/09/30 04:12:11.802, Tesla T4, 3 MiB, 15360 MiB, 0 %, 47, 16.00 W, 300 MHz
2026/09/30 04:12:12.322, Tesla T4, 3 MiB, 15360 MiB, 0 %, 47, 15.99 W, 300 MHz
2026/09/30 04:12:12.832, Tesla T4, 3 MiB, 15360 MiB, 0 %, 47, 15.99 W, 300 MHz
2026/09/30 04:12:13.352, Tesla T4, 3 MiB, 15360 MiB, 0 %, 47, 15.99 W, 300 MHz
2026/09/30 04:12:13.868, Tesla T4, 3 MiB, 15360 MiB, 0 %, 47, 15.99 W, 300 MHz
2026/09/30 04:12:14.377, Tesla T4, 3 MiB, 15360 MiB, 0 %, 47, 15.90 W, 300 MHz
2026/09/30 04:12:14.886, Tesla T4, 3 MiB, 15360 MiB, 0 %, 47, 15.90 W, 300 MHz
2026/09/30 04:12:15.395, Tesla T4, 3 MiB, 15360 MiB, 0 %, 47, 15.99 W, 300 MHz
2026/09/30 04:12:15.907, Tesla T4, 3 MiB, 15360 MiB, 0 %, 47, 15.99 W, 300 MHz
2026/09/30 04:12:16.421, Tesla T4, 3 MiB, 15360 MiB, 0 %, 47, 15.90 W, 300 MHz
2026/09/30 04:12:16.930, Tesla T4, 3 MiB, 15360 MiB, 0 %, 47, 15.99 W, 300 MHz
2026/09/30 04:12:17.440, Tesla T4, 3 MiB, 15360 MiB, 0 %, 47, 15.90 W, 300 MHz
2026/09/30 04:12:17.948, Tesla T4, 171 MiB, 15360 MiB, 3 %, 47, 28.90 W, 750 MHz
2026/09/30 04:12:18.456, Tesla T4, 249 MiB, 15360 MiB, 28 %, 49, 65.63 W, 585 MHz
2026/09/30 04:12:18.964, Tesla T4, 153 MiB, 15360 MiB, 0 %, 48, 30.66 W, 1155 MHz
2026/09/30 04:12:19.470, Tesla T4, 423 MiB, 15360 MiB, 1 %, 48, 30.68 W, 1155 MHz
2026/09/30 04:12:19.980, Tesla T4, 423 MiB, 15360 MiB, 0 %, 48, 30.68 W, 1155 MHz
2026/09/30 04:12:20.505, Tesla T4, 425 MiB, 15360 MiB, 0 %, 48, 29.00 W, 585 MHz
2026/09/30 04:12:21.019, Tesla T4, 505 MiB, 15360 MiB, 0 %, 48, 28.80 W, 585 MHz
2026/09/30 04:12:21.527, Tesla T4, 505 MiB, 15360 MiB, 0 %, 48, 28.80 W, 585 MHz
2026/09/30 04:12:22.034, Tesla T4, 505 MiB, 15360 MiB, 0 %, 48, 28.80 W, 585 MHz
2026/09/30 04:12:22.540, Tesla T4, 505 MiB, 15360 MiB, 0 %, 48, 28.80 W, 585 MHz
2026/09/30 04:12:23.046, Tesla T4, 505 MiB, 15360 MiB, 0 %, 48, 28.80 W, 585 MHz
2026/09/30 04:12:23.554, Tesla T4, 505 MiB, 15360 MiB, 0 %, 48, 28.90 W, 585 MHz
2026/09/30 04:12:24.061, Tesla T4, 505 MiB, 15360 MiB, 0 %, 48, 28.82 W, 585 MHz
2026/09/30 04:12:24.569, Tesla T4, 505 MiB, 15360 MiB, 0 %, 48, 28.90 W, 585 MHz
2026/09/30 04:12:25.080, Tesla T4, 513 MiB, 15360 MiB, 0 %, 48, 28.92 W, 585 MHz
2026/09/30 04:12:25.594, Tesla T4, 515 MiB, 15360 MiB, 1 %, 49, 28.80 W, 585 MHz
2026/09/30 04:12:26.102, Tesla T4, 2843 MiB, 15360 MiB, 46 %, 49, 51.62 W, 675 MHz
2026/09/30 04:12:26.615, Tesla T4, 4613 MiB, 15360 MiB, 64 %, 51, 35.76 W, 1575 MHz
2026/09/30 04:12:27.123, Tesla T4, 4623 MiB, 15360 MiB, 93 %, 51, 75.54 W, 1095 MHz
2026/09/30 04:12:27.630, Tesla T4, 4625 MiB, 15360 MiB, 97 %, 51, 63.57 W, 1095 MHz
2026/09/30 04:12:28.162, Tesla T4, 4625 MiB, 15360 MiB, 94 %, 52, 66.63 W, 1170 MHz
2026/09/30 04:12:28.674, Tesla T4, 4625 MiB, 15360 MiB, 78 %, 51, 35.86 W, 1560 MHz
2026/09/30 04:12:29.186, Tesla T4, 9373 MiB, 15360 MiB, 100 %, 52, 62.50 W, 1365 MHz
2026/09/30 04:12:29.695, Tesla T4, 9373 MiB, 15360 MiB, 94 %, 53, 73.88 W, 885 MHz
2026/09/30 04:12:30.203, Tesla T4, 9373 MiB, 15360 MiB, 98 %, 53, 69.02 W, 1140 MHz
2026/09/30 04:12:30.711, Tesla T4, 9373 MiB, 15360 MiB, 100 %, 53, 65.20 W, 945 MHz
2026/09/30 04:12:31.223, Tesla T4, 9373 MiB, 15360 MiB, 100 %, 54, 68.39 W, 1065 MHz
2026/09/30 04:12:31.739, Tesla T4, 9373 MiB, 15360 MiB, 98 %, 55, 68.58 W, 1125 MHz
2026/09/30 04:12:32.250, Tesla T4, 9373 MiB, 15360 MiB, 79 %, 54, 53.68 W, 1095 MHz
2026/09/30 04:12:32.758, Tesla T4, 9373 MiB, 15360 MiB, 100 %, 55, 71.13 W, 1155 MHz
2026/09/30 04:12:33.266, Tesla T4, 9373 MiB, 15360 MiB, 100 %, 55, 66.67 W, 1350 MHz
2026/09/30 04:12:33.776, Tesla T4, 9373 MiB, 15360 MiB, 94 %, 55, 74.17 W, 855 MHz
2026/09/30 04:12:34.289, Tesla T4, 9373 MiB, 15360 MiB, 98 %, 55, 63.87 W, 1215 MHz
2026/09/30 04:12:34.805, Tesla T4, 9373 MiB, 15360 MiB, 95 %, 56, 79.30 W, 1245 MHz
2026/09/30 04:12:35.313, Tesla T4, 9389 MiB, 15360 MiB, 29 %, 56, 71.82 W, 825 MHz
2026/09/30 04:12:35.824, Tesla T4, 9389 MiB, 15360 MiB, 94 %, 56, 66.24 W, 915 MHz
2026/09/30 04:12:36.338, Tesla T4, 9389 MiB, 15360 MiB, 100 %, 56, 65.49 W, 1110 MHz
2026/09/30 04:12:36.853, Tesla T4, 9389 MiB, 15360 MiB, 100 %, 56, 74.12 W, 1260 MHz
2026/09/30 04:12:37.387, Tesla T4, 9389 MiB, 15360 MiB, 89 %, 57, 70.60 W, 1170 MHz
2026/09/30 04:12:37.905, Tesla T4, 9389 MiB, 15360 MiB, 98 %, 57, 67.55 W, 1095 MHz
2026/09/30 04:12:38.421, Tesla T4, 9389 MiB, 15360 MiB, 93 %, 58, 68.84 W, 1095 MHz
2026/09/30 04:12:38.947, Tesla T4, 9389 MiB, 15360 MiB, 93 %, 58, 77.05 W, 1005 MHz
2026/09/30 04:12:39.465, Tesla T4, 9389 MiB, 15360 MiB, 81 %, 58, 64.28 W, 1455 MHz
2026/09/30 04:12:39.977, Tesla T4, 9391 MiB, 15360 MiB, 100 %, 58, 61.95 W, 1380 MHz
2026/09/30 04:12:40.491, Tesla T4, 9391 MiB, 15360 MiB, 94 %, 58, 69.48 W, 765 MHz
2026/09/30 04:12:41.002, Tesla T4, 9391 MiB, 15360 MiB, 100 %, 59, 66.08 W, 1095 MHz
2026/09/30 04:12:41.511, Tesla T4, 9391 MiB, 15360 MiB, 100 %, 59, 75.10 W, 825 MHz
2026/09/30 04:12:42.026, Tesla T4, 9391 MiB, 15360 MiB, 100 %, 59, 74.11 W, 1260 MHz
2026/09/30 04:12:42.537, Tesla T4, 9391 MiB, 15360 MiB, 100 %, 59, 59.40 W, 1470 MHz
2026/09/30 04:12:43.047, Tesla T4, 9391 MiB, 15360 MiB, 92 %, 59, 77.98 W, 1035 MHz
2026/09/30 04:12:43.555, Tesla T4, 9391 MiB, 15360 MiB, 100 %, 60, 68.00 W, 1245 MHz
2026/09/30 04:12:44.063, Tesla T4, 9391 MiB, 15360 MiB, 98 %, 60, 72.07 W, 1005 MHz
2026/09/30 04:12:44.621, Tesla T4, 9391 MiB, 15360 MiB, 87 %, 60, 57.47 W, 1395 MHz
2026/09/30 04:12:45.133, Tesla T4, 9391 MiB, 15360 MiB, 75 %, 60, 66.91 W, 825 MHz
2026/09/30 04:12:45.643, Tesla T4, 9391 MiB, 15360 MiB, 100 %, 61, 94.86 W, 945 MHz
2026/09/30 04:12:46.156, Tesla T4, 9391 MiB, 15360 MiB, 94 %, 61, 66.94 W, 780 MHz
2026/09/30 04:12:46.672, Tesla T4, 9391 MiB, 15360 MiB, 97 %, 61, 67.16 W, 1035 MHz
2026/09/30 04:12:47.182, Tesla T4, 9391 MiB, 15360 MiB, 100 %, 61, 73.53 W, 1005 MHz
2026/09/30 04:12:47.689, Tesla T4, 9391 MiB, 15360 MiB, 100 %, 61, 65.90 W, 1050 MHz
2026/09/30 04:12:48.195, Tesla T4, 9391 MiB, 15360 MiB, 98 %, 62, 64.96 W, 1035 MHz
2026/09/30 04:12:48.710, Tesla T4, 9391 MiB, 15360 MiB, 100 %, 61, 71.91 W, 975 MHz
2026/09/30 04:12:49.230, Tesla T4, 9391 MiB, 15360 MiB, 100 %, 62, 46.72 W, 945 MHz
2026/09/30 04:12:49.739, Tesla T4, 9391 MiB, 15360 MiB, 96 %, 62, 65.79 W, 990 MHz
2026/09/30 04:12:50.255, Tesla T4, 9391 MiB, 15360 MiB, 89 %, 62, 65.59 W, 1035 MHz
2026/09/30 04:12:50.770, Tesla T4, 9391 MiB, 15360 MiB, 100 %, 62, 66.02 W, 1020 MHz
2026/09/30 04:12:51.290, Tesla T4, 9391 MiB, 15360 MiB, 100 %, 62, 59.69 W, 1200 MHz
2026/09/30 04:12:51.829, Tesla T4, 9391 MiB, 15360 MiB, 92 %, 63, 71.07 W, 1320 MHz
2026/09/30 04:12:52.341, Tesla T4, 9391 MiB, 15360 MiB, 100 %, 63, 63.38 W, 1200 MHz
2026/09/30 04:12:52.850, Tesla T4, 9391 MiB, 15360 MiB, 94 %, 63, 64.61 W, 990 MHz
2026/09/30 04:12:53.365, Tesla T4, 9391 MiB, 15360 MiB, 98 %, 63, 70.98 W, 1185 MHz
2026/09/30 04:12:53.874, Tesla T4, 9391 MiB, 15360 MiB, 98 %, 64, 65.65 W, 1065 MHz
2026/09/30 04:12:54.382, Tesla T4, 9391 MiB, 15360 MiB, 98 %, 64, 60.18 W, 1215 MHz
2026/09/30 04:12:54.973, Tesla T4, 9391 MiB, 15360 MiB, 100 %, 64, 51.06 W, 1380 MHz
2026/09/30 04:12:55.535, Tesla T4, 9391 MiB, 15360 MiB, 94 %, 64, 73.19 W, 960 MHz
2026/09/30 04:12:56.047, Tesla T4, 9391 MiB, 15360 MiB, 91 %, 64, 70.74 W, 900 MHz
2026/09/30 04:12:56.557, Tesla T4, 9391 MiB, 15360 MiB, 100 %, 65, 71.23 W, 885 MHz
2026/09/30 04:12:57.066, Tesla T4, 9391 MiB, 15360 MiB, 71 %, 65, 70.69 W, 960 MHz
2026/09/30 04:12:57.574, Tesla T4, 9391 MiB, 15360 MiB, 100 %, 65, 71.77 W, 825 MHz
2026/09/30 04:12:58.086, Tesla T4, 9391 MiB, 15360 MiB, 100 %, 65, 46.99 W, 1125 MHz
2026/09/30 04:12:58.595, Tesla T4, 9391 MiB, 15360 MiB, 100 %, 65, 62.69 W, 1410 MHz
2026/09/30 04:12:59.113, Tesla T4, 9391 MiB, 15360 MiB, 94 %, 65, 59.30 W, 1080 MHz
2026/09/30 04:12:59.622, Tesla T4, 9391 MiB, 15360 MiB, 98 %, 65, 69.47 W, 990 MHz
2026/09/30 04:13:00.131, Tesla T4, 9391 MiB, 15360 MiB, 100 %, 65, 77.49 W, 825 MHz
2026/09/30 04:13:00.641, Tesla T4, 9391 MiB, 15360 MiB, 100 %, 65, 54.59 W, 1200 MHz
2026/09/30 04:13:01.148, Tesla T4, 9391 MiB, 15360 MiB, 98 %, 66, 65.36 W, 1050 MHz
2026/09/30 04:13:01.656, Tesla T4, 9391 MiB, 15360 MiB, 100 %, 66, 73.24 W, 1020 MHz
2026/09/30 04:13:02.164, Tesla T4, 9391 MiB, 15360 MiB, 98 %, 66, 80.37 W, 1095 MHz
2026/09/30 04:13:02.678, Tesla T4, 9391 MiB, 15360 MiB, 46 %, 66, 66.18 W, 990 MHz
2026/09/30 04:13:03.204, Tesla T4, 9391 MiB, 15360 MiB, 95 %, 66, 73.50 W, 1110 MHz
2026/09/30 04:13:03.729, Tesla T4, 9391 MiB, 15360 MiB, 98 %, 67, 65.40 W, 990 MHz
2026/09/30 04:13:04.251, Tesla T4, 9391 MiB, 15360 MiB, 76 %, 67, 62.50 W, 1275 MHz
2026/09/30 04:13:04.771, Tesla T4, 9391 MiB, 15360 MiB, 55 %, 67, 60.78 W, 1350 MHz
2026/09/30 04:13:05.288, Tesla T4, 9391 MiB, 15360 MiB, 98 %, 67, 64.18 W, 1005 MHz
2026/09/30 04:13:05.799, Tesla T4, 9391 MiB, 15360 MiB, 99 %, 67, 62.40 W, 1260 MHz
2026/09/30 04:13:06.311, Tesla T4, 9391 MiB, 15360 MiB, 94 %, 68, 67.12 W, 945 MHz
2026/09/30 04:13:06.819, Tesla T4, 9391 MiB, 15360 MiB, 94 %, 68, 73.67 W, 1020 MHz
2026/09/30 04:13:07.327, Tesla T4, 9391 MiB, 15360 MiB, 100 %, 68, 83.33 W, 1065 MHz
2026/09/30 04:13:07.837, Tesla T4, 9391 MiB, 15360 MiB, 93 %, 68, 70.46 W, 960 MHz
2026/09/30 04:13:08.347, Tesla T4, 9391 MiB, 15360 MiB, 98 %, 68, 68.58 W, 975 MHz
2026/09/30 04:13:08.861, Tesla T4, 9391 MiB, 15360 MiB, 100 %, 68, 60.02 W, 1035 MHz
2026/09/30 04:13:09.379, Tesla T4, 9391 MiB, 15360 MiB, 100 %, 68, 69.07 W, 975 MHz
2026/09/30 04:13:09.901, Tesla T4, 9391 MiB, 15360 MiB, 98 %, 68, 68.05 W, 1035 MHz
2026/09/30 04:13:10.409, Tesla T4, 9391 MiB, 15360 MiB, 100 %, 68, 59.20 W, 1305 MHz
2026/09/30 04:13:10.937, Tesla T4, 9391 MiB, 15360 MiB, 94 %, 69, 73.78 W, 870 MHz
2026/09/30 04:13:11.444, Tesla T4, 9391 MiB, 15360 MiB, 98 %, 69, 67.12 W, 975 MHz
2026/09/30 04:13:11.969, Tesla T4, 9391 MiB, 15360 MiB, 84 %, 69, 62.69 W, 1110 MHz
2026/09/30 04:13:12.477, Tesla T4, 9391 MiB, 15360 MiB, 100 %, 69, 76.76 W, 1140 MHz
2026/09/30 04:13:12.986, Tesla T4, 9391 MiB, 15360 MiB, 94 %, 69, 69.47 W, 945 MHz
2026/09/30 04:13:13.494, Tesla T4, 9391 MiB, 15360 MiB, 100 %, 70, 66.20 W, 1020 MHz
2026/09/30 04:13:14.003, Tesla T4, 9391 MiB, 15360 MiB, 100 %, 69, 67.57 W, 930 MHz
2026/09/30 04:13:14.520, Tesla T4, 9391 MiB, 15360 MiB, 87 %, 70, 100.86 W, 1155 MHz
2026/09/30 04:13:15.039, Tesla T4, 9391 MiB, 15360 MiB, 100 %, 70, 65.10 W, 1395 MHz
2026/09/30 04:13:15.555, Tesla T4, 9391 MiB, 15360 MiB, 89 %, 70, 60.77 W, 1035 MHz
2026/09/30 04:13:16.082, Tesla T4, 9391 MiB, 15360 MiB, 98 %, 70, 65.49 W, 1020 MHz
2026/09/30 04:13:16.606, Tesla T4, 9391 MiB, 15360 MiB, 100 %, 70, 59.43 W, 1230 MHz
2026/09/30 04:13:17.126, Tesla T4, 9391 MiB, 15360 MiB, 90 %, 71, 67.64 W, 810 MHz
2026/09/30 04:13:17.645, Tesla T4, 9391 MiB, 15360 MiB, 97 %, 71, 63.89 W, 1035 MHz
2026/09/30 04:13:18.156, Tesla T4, 9391 MiB, 15360 MiB, 100 %, 71, 69.86 W, 795 MHz
2026/09/30 04:13:18.669, Tesla T4, 9391 MiB, 15360 MiB, 100 %, 71, 67.51 W, 1290 MHz
2026/09/30 04:13:19.176, Tesla T4, 9391 MiB, 15360 MiB, 81 %, 71, 64.46 W, 1065 MHz
2026/09/30 04:13:19.684, Tesla T4, 9391 MiB, 15360 MiB, 98 %, 71, 80.86 W, 975 MHz
2026/09/30 04:13:20.192, Tesla T4, 9391 MiB, 15360 MiB, 100 %, 71, 65.75 W, 780 MHz
2026/09/30 04:13:20.705, Tesla T4, 9391 MiB, 15360 MiB, 100 %, 72, 99.14 W, 1005 MHz
2026/09/30 04:13:21.223, Tesla T4, 9391 MiB, 15360 MiB, 98 %, 72, 81.54 W, 885 MHz
2026/09/30 04:13:21.732, Tesla T4, 9391 MiB, 15360 MiB, 93 %, 72, 68.88 W, 945 MHz
2026/09/30 04:13:22.239, Tesla T4, 9391 MiB, 15360 MiB, 94 %, 72, 64.71 W, 915 MHz
2026/09/30 04:13:22.746, Tesla T4, 9391 MiB, 15360 MiB, 98 %, 72, 65.26 W, 975 MHz
2026/09/30 04:13:23.254, Tesla T4, 9391 MiB, 15360 MiB, 100 %, 72, 66.78 W, 930 MHz
2026/09/30 04:13:23.762, Tesla T4, 9391 MiB, 15360 MiB, 100 %, 72, 65.49 W, 960 MHz
2026/09/30 04:13:24.269, Tesla T4, 9391 MiB, 15360 MiB, 100 %, 72, 62.59 W, 1170 MHz
2026/09/30 04:13:24.777, Tesla T4, 9391 MiB, 15360 MiB, 100 %, 73, 66.24 W, 825 MHz
2026/09/30 04:13:25.286, Tesla T4, 9391 MiB, 15360 MiB, 98 %, 73, 68.47 W, 945 MHz
2026/09/30 04:13:25.797, Tesla T4, 9391 MiB, 15360 MiB, 94 %, 73, 75.15 W, 840 MHz
2026/09/30 04:13:26.314, Tesla T4, 9391 MiB, 15360 MiB, 94 %, 73, 64.08 W, 735 MHz
2026/09/30 04:13:26.822, Tesla T4, 9391 MiB, 15360 MiB, 98 %, 73, 66.06 W, 960 MHz
2026/09/30 04:13:27.331, Tesla T4, 9391 MiB, 15360 MiB, 100 %, 73, 68.00 W, 900 MHz
2026/09/30 04:13:27.840, Tesla T4, 9391 MiB, 15360 MiB, 97 %, 73, 65.26 W, 930 MHz
2026/09/30 04:13:28.369, Tesla T4, 9391 MiB, 15360 MiB, 81 %, 74, 73.00 W, 960 MHz
2026/09/30 04:13:28.896, Tesla T4, 9391 MiB, 15360 MiB, 86 %, 74, 50.10 W, 1260 MHz
2026/09/30 04:13:29.441, Tesla T4, 9391 MiB, 15360 MiB, 98 %, 73, 58.10 W, 1215 MHz
2026/09/30 04:13:29.957, Tesla T4, 9391 MiB, 15360 MiB, 100 %, 74, 61.85 W, 1200 MHz
2026/09/30 04:13:30.481, Tesla T4, 9391 MiB, 15360 MiB, 100 %, 74, 66.24 W, 690 MHz
2026/09/30 04:13:30.993, Tesla T4, 9391 MiB, 15360 MiB, 98 %, 74, 65.89 W, 975 MHz
2026/09/30 04:13:31.501, Tesla T4, 9391 MiB, 15360 MiB, 100 %, 74, 69.28 W, 855 MHz
2026/09/30 04:13:32.009, Tesla T4, 9391 MiB, 15360 MiB, 100 %, 74, 65.65 W, 960 MHz
2026/09/30 04:13:32.518, Tesla T4, 9391 MiB, 15360 MiB, 100 %, 74, 64.91 W, 885 MHz
2026/09/30 04:13:33.097, Tesla T4, 9391 MiB, 15360 MiB, 100 %, 74, 67.45 W, 855 MHz
2026/09/30 04:13:33.606, Tesla T4, 9391 MiB, 15360 MiB, 98 %, 74, 67.26 W, 915 MHz
2026/09/30 04:13:34.115, Tesla T4, 9391 MiB, 15360 MiB, 77 %, 75, 58.81 W, 960 MHz
2026/09/30 04:13:34.623, Tesla T4, 9391 MiB, 15360 MiB, 99 %, 75, 65.14 W, 960 MHz
2026/09/30 04:13:35.131, Tesla T4, 9391 MiB, 15360 MiB, 99 %, 75, 74.90 W, 795 MHz
2026/09/30 04:13:35.644, Tesla T4, 9391 MiB, 15360 MiB, 100 %, 75, 66.43 W, 1245 MHz
2026/09/30 04:13:36.159, Tesla T4, 9391 MiB, 15360 MiB, 98 %, 75, 66.14 W, 1275 MHz
2026/09/30 04:13:36.671, Tesla T4, 9391 MiB, 15360 MiB, 100 %, 75, 68.49 W, 1275 MHz
2026/09/30 04:13:37.190, Tesla T4, 9391 MiB, 15360 MiB, 70 %, 76, 67.06 W, 1530 MHz
2026/09/30 04:13:37.746, Tesla T4, 9391 MiB, 15360 MiB, 65 %, 75, 63.69 W, 930 MHz
2026/09/30 04:13:38.254, Tesla T4, 9391 MiB, 15360 MiB, 100 %, 75, 65.36 W, 960 MHz
2026/09/30 04:13:38.762, Tesla T4, 9391 MiB, 15360 MiB, 100 %, 76, 59.89 W, 1320 MHz
2026/09/30 04:13:39.269, Tesla T4, 9391 MiB, 15360 MiB, 100 %, 76, 68.85 W, 930 MHz
2026/09/30 04:13:39.777, Tesla T4, 9391 MiB, 15360 MiB, 98 %, 76, 66.04 W, 975 MHz
2026/09/30 04:13:40.287, Tesla T4, 9391 MiB, 15360 MiB, 100 %, 76, 60.77 W, 1065 MHz
2026/09/30 04:13:40.815, Tesla T4, 9391 MiB, 15360 MiB, 100 %, 76, 73.28 W, 1110 MHz
2026/09/30 04:13:41.354, Tesla T4, 9391 MiB, 15360 MiB, 98 %, 76, 69.86 W, 1005 MHz
2026/09/30 04:13:41.881, Tesla T4, 9391 MiB, 15360 MiB, 86 %, 77, 73.93 W, 1005 MHz
2026/09/30 04:13:42.402, Tesla T4, 9391 MiB, 15360 MiB, 58 %, 77, 73.97 W, 825 MHz
2026/09/30 04:13:42.934, Tesla T4, 9391 MiB, 15360 MiB, 35 %, 76, 44.16 W, 1590 MHz
2026/09/30 04:13:43.440, Tesla T4, 9391 MiB, 15360 MiB, 0 %, 76, 44.85 W, 1590 MHz
2026/09/30 04:13:43.945, Tesla T4, 9391 MiB, 15360 MiB, 0 %, 76, 44.75 W, 1590 MHz
2026/09/30 04:13:44.450, Tesla T4, 9391 MiB, 15360 MiB, 63 %, 76, 67.96 W, 780 MHz
2026/09/30 04:13:44.969, Tesla T4, 9391 MiB, 15360 MiB, 93 %, 77, 79.74 W, 765 MHz
2026/09/30 04:13:45.477, Tesla T4, 9391 MiB, 15360 MiB, 100 %, 77, 69.90 W, 960 MHz
2026/09/30 04:13:45.985, Tesla T4, 9391 MiB, 15360 MiB, 100 %, 77, 60.77 W, 1170 MHz
2026/09/30 04:13:46.499, Tesla T4, 9391 MiB, 15360 MiB, 100 %, 77, 61.22 W, 900 MHz
2026/09/30 04:13:47.007, Tesla T4, 9391 MiB, 15360 MiB, 100 %, 77, 66.33 W, 1395 MHz
2026/09/30 04:13:47.514, Tesla T4, 9391 MiB, 15360 MiB, 100 %, 77, 67.61 W, 825 MHz
2026/09/30 04:13:48.029, Tesla T4, 9391 MiB, 15360 MiB, 100 %, 78, 66.00 W, 975 MHz
2026/09/30 04:13:48.537, Tesla T4, 9391 MiB, 15360 MiB, 98 %, 77, 65.59 W, 1305 MHz
2026/09/30 04:13:49.054, Tesla T4, 9391 MiB, 15360 MiB, 94 %, 77, 67.02 W, 795 MHz
2026/09/30 04:13:49.565, Tesla T4, 9391 MiB, 15360 MiB, 98 %, 78, 67.55 W, 900 MHz
2026/09/30 04:13:50.074, Tesla T4, 9391 MiB, 15360 MiB, 94 %, 78, 69.42 W, 600 MHz
2026/09/30 04:13:50.583, Tesla T4, 9391 MiB, 15360 MiB, 100 %, 77, 38.81 W, 1395 MHz
2026/09/30 04:13:51.089, Tesla T4, 9391 MiB, 15360 MiB, 88 %, 79, 93.49 W, 1305 MHz
2026/09/30 04:13:51.596, Tesla T4, 9391 MiB, 15360 MiB, 98 %, 78, 64.96 W, 960 MHz
2026/09/30 04:13:52.105, Tesla T4, 9391 MiB, 15360 MiB, 94 %, 78, 62.07 W, 780 MHz
2026/09/30 04:13:52.626, Tesla T4, 9391 MiB, 15360 MiB, 94 %, 78, 65.20 W, 810 MHz
2026/09/30 04:13:53.134, Tesla T4, 9391 MiB, 15360 MiB, 100 %, 78, 68.88 W, 900 MHz
2026/09/30 04:13:53.657, Tesla T4, 9391 MiB, 15360 MiB, 65 %, 78, 63.77 W, 885 MHz
2026/09/30 04:13:54.183, Tesla T4, 9391 MiB, 15360 MiB, 100 %, 79, 63.34 W, 945 MHz
2026/09/30 04:13:54.704, Tesla T4, 9391 MiB, 15360 MiB, 99 %, 79, 68.33 W, 975 MHz
2026/09/30 04:13:55.238, Tesla T4, 9391 MiB, 15360 MiB, 90 %, 79, 73.63 W, 585 MHz
2026/09/30 04:13:55.766, Tesla T4, 9391 MiB, 15360 MiB, 97 %, 79, 63.38 W, 885 MHz
2026/09/30 04:13:56.275, Tesla T4, 9391 MiB, 15360 MiB, 100 %, 79, 66.04 W, 780 MHz
2026/09/30 04:13:56.783, Tesla T4, 9391 MiB, 15360 MiB, 98 %, 79, 70.05 W, 930 MHz
2026/09/30 04:13:57.292, Tesla T4, 9391 MiB, 15360 MiB, 100 %, 79, 61.81 W, 1215 MHz
2026/09/30 04:13:57.799, Tesla T4, 9391 MiB, 15360 MiB, 93 %, 79, 68.00 W, 825 MHz
2026/09/30 04:13:58.316, Tesla T4, 9391 MiB, 15360 MiB, 100 %, 79, 68.24 W, 840 MHz
2026/09/30 04:13:58.825, Tesla T4, 9391 MiB, 15360 MiB, 100 %, 79, 63.79 W, 960 MHz
2026/09/30 04:13:59.338, Tesla T4, 9391 MiB, 15360 MiB, 86 %, 79, 76.22 W, 1095 MHz
2026/09/30 04:13:59.848, Tesla T4, 9391 MiB, 15360 MiB, 100 %, 79, 62.99 W, 840 MHz
2026/09/30 04:14:00.365, Tesla T4, 9391 MiB, 15360 MiB, 99 %, 79, 65.20 W, 915 MHz
2026/09/30 04:14:00.874, Tesla T4, 9391 MiB, 15360 MiB, 100 %, 79, 63.73 W, 960 MHz
2026/09/30 04:14:01.383, Tesla T4, 9391 MiB, 15360 MiB, 93 %, 79, 66.28 W, 645 MHz
2026/09/30 04:14:01.895, Tesla T4, 9391 MiB, 15360 MiB, 100 %, 79, 69.51 W, 885 MHz
2026/09/30 04:14:02.406, Tesla T4, 9391 MiB, 15360 MiB, 100 %, 79, 62.99 W, 1065 MHz
2026/09/30 04:14:02.921, Tesla T4, 9391 MiB, 15360 MiB, 73 %, 79, 75.79 W, 615 MHz
2026/09/30 04:14:03.430, Tesla T4, 9391 MiB, 15360 MiB, 98 %, 79, 66.73 W, 930 MHz
2026/09/30 04:14:03.939, Tesla T4, 9391 MiB, 15360 MiB, 100 %, 79, 66.88 W, 795 MHz
2026/09/30 04:14:04.446, Tesla T4, 9391 MiB, 15360 MiB, 100 %, 79, 65.59 W, 945 MHz
2026/09/30 04:14:04.955, Tesla T4, 9391 MiB, 15360 MiB, 98 %, 79, 61.36 W, 1155 MHz
2026/09/30 04:14:05.466, Tesla T4, 9391 MiB, 15360 MiB, 93 %, 79, 75.15 W, 900 MHz
2026/09/30 04:14:05.983, Tesla T4, 9391 MiB, 15360 MiB, 85 %, 79, 70.44 W, 1545 MHz
2026/09/30 04:14:06.494, Tesla T4, 9391 MiB, 15360 MiB, 99 %, 79, 79.54 W, 1245 MHz
2026/09/30 04:14:07.015, Tesla T4, 9391 MiB, 15360 MiB, 90 %, 79, 62.85 W, 840 MHz
2026/09/30 04:14:07.534, Tesla T4, 9391 MiB, 15360 MiB, 98 %, 79, 67.61 W, 900 MHz
2026/09/30 04:14:08.055, Tesla T4, 9391 MiB, 15360 MiB, 99 %, 79, 68.63 W, 645 MHz
2026/09/30 04:14:08.573, Tesla T4, 9391 MiB, 15360 MiB, 95 %, 78, 65.40 W, 915 MHz
2026/09/30 04:14:09.081, Tesla T4, 9391 MiB, 15360 MiB, 88 %, 78, 66.67 W, 1530 MHz
2026/09/30 04:14:09.595, Tesla T4, 9391 MiB, 15360 MiB, 98 %, 79, 61.32 W, 1095 MHz
2026/09/30 04:14:10.106, Tesla T4, 9391 MiB, 15360 MiB, 94 %, 79, 77.30 W, 780 MHz
2026/09/30 04:14:10.615, Tesla T4, 9391 MiB, 15360 MiB, 98 %, 79, 68.58 W, 915 MHz
2026/09/30 04:14:11.124, Tesla T4, 9391 MiB, 15360 MiB, 93 %, 79, 65.51 W, 780 MHz
2026/09/30 04:14:11.637, Tesla T4, 9391 MiB, 15360 MiB, 94 %, 79, 65.20 W, 675 MHz
2026/09/30 04:14:12.151, Tesla T4, 9391 MiB, 15360 MiB, 98 %, 79, 66.73 W, 885 MHz
2026/09/30 04:14:12.665, Tesla T4, 9391 MiB, 15360 MiB, 100 %, 79, 69.21 W, 675 MHz
2026/09/30 04:14:13.178, Tesla T4, 9391 MiB, 15360 MiB, 100 %, 78, 66.14 W, 885 MHz
2026/09/30 04:14:13.684, Tesla T4, 9391 MiB, 15360 MiB, 92 %, 78, 60.83 W, 1440 MHz
2026/09/30 04:14:14.190, Tesla T4, 9391 MiB, 15360 MiB, 98 %, 79, 77.88 W, 945 MHz
2026/09/30 04:14:14.699, Tesla T4, 9391 MiB, 15360 MiB, 100 %, 78, 65.59 W, 795 MHz
2026/09/30 04:14:15.216, Tesla T4, 9391 MiB, 15360 MiB, 100 %, 79, 73.00 W, 765 MHz
2026/09/30 04:14:15.734, Tesla T4, 9391 MiB, 15360 MiB, 98 %, 79, 70.30 W, 1275 MHz
2026/09/30 04:14:16.241, Tesla T4, 9391 MiB, 15360 MiB, 93 %, 78, 65.94 W, 870 MHz
2026/09/30 04:14:16.750, Tesla T4, 9391 MiB, 15360 MiB, 95 %, 78, 74.31 W, 870 MHz
2026/09/30 04:14:17.259, Tesla T4, 9391 MiB, 15360 MiB, 100 %, 79, 71.14 W, 1260 MHz
2026/09/30 04:14:17.766, Tesla T4, 9391 MiB, 15360 MiB, 94 %, 78, 62.14 W, 780 MHz
2026/09/30 04:14:18.280, Tesla T4, 9391 MiB, 15360 MiB, 98 %, 78, 65.69 W, 945 MHz
2026/09/30 04:14:18.792, Tesla T4, 9391 MiB, 15360 MiB, 92 %, 78, 67.61 W, 840 MHz
2026/09/30 04:14:19.321, Tesla T4, 9391 MiB, 15360 MiB, 98 %, 78, 67.08 W, 900 MHz
2026/09/30 04:14:19.858, Tesla T4, 9391 MiB, 15360 MiB, 100 %, 78, 76.27 W, 960 MHz
2026/09/30 04:14:20.398, Tesla T4, 9391 MiB, 15360 MiB, 85 %, 78, 68.04 W, 765 MHz
2026/09/30 04:14:20.917, Tesla T4, 9391 MiB, 15360 MiB, 100 %, 78, 64.03 W, 855 MHz
2026/09/30 04:14:21.439, Tesla T4, 9391 MiB, 15360 MiB, 96 %, 78, 68.98 W, 825 MHz
2026/09/30 04:14:21.948, Tesla T4, 9391 MiB, 15360 MiB, 98 %, 78, 65.69 W, 945 MHz
2026/09/30 04:14:22.456, Tesla T4, 9391 MiB, 15360 MiB, 97 %, 78, 76.42 W, 990 MHz
2026/09/30 04:14:22.964, Tesla T4, 9391 MiB, 15360 MiB, 94 %, 78, 64.63 W, 660 MHz
2026/09/30 04:14:23.473, Tesla T4, 9391 MiB, 15360 MiB, 100 %, 78, 66.18 W, 930 MHz
2026/09/30 04:14:23.981, Tesla T4, 9391 MiB, 15360 MiB, 100 %, 77, 62.10 W, 1095 MHz
2026/09/30 04:14:24.497, Tesla T4, 9391 MiB, 15360 MiB, 94 %, 78, 65.41 W, 810 MHz
2026/09/30 04:14:25.006, Tesla T4, 9391 MiB, 15360 MiB, 100 %, 78, 85.82 W, 825 MHz
2026/09/30 04:14:25.518, Tesla T4, 9391 MiB, 15360 MiB, 74 %, 78, 54.59 W, 1215 MHz
2026/09/30 04:14:26.025, Tesla T4, 9391 MiB, 15360 MiB, 100 %, 77, 68.39 W, 660 MHz
2026/09/30 04:14:26.536, Tesla T4, 9391 MiB, 15360 MiB, 94 %, 77, 67.55 W, 915 MHz
2026/09/30 04:14:27.045, Tesla T4, 9391 MiB, 15360 MiB, 92 %, 77, 67.27 W, 1140 MHz
2026/09/30 04:14:27.553, Tesla T4, 9391 MiB, 15360 MiB, 98 %, 77, 66.77 W, 975 MHz
2026/09/30 04:14:28.067, Tesla T4, 9391 MiB, 15360 MiB, 98 %, 77, 60.57 W, 1200 MHz
2026/09/30 04:14:28.579, Tesla T4, 9391 MiB, 15360 MiB, 92 %, 77, 63.48 W, 900 MHz
2026/09/30 04:14:29.092, Tesla T4, 9391 MiB, 15360 MiB, 100 %, 77, 66.18 W, 1005 MHz
2026/09/30 04:14:29.599, Tesla T4, 9391 MiB, 15360 MiB, 100 %, 77, 61.03 W, 915 MHz
2026/09/30 04:14:30.129, Tesla T4, 9391 MiB, 15360 MiB, 100 %, 77, 57.37 W, 1065 MHz
2026/09/30 04:14:30.647, Tesla T4, 9391 MiB, 15360 MiB, 79 %, 77, 58.06 W, 915 MHz
2026/09/30 04:14:31.168, Tesla T4, 9391 MiB, 15360 MiB, 98 %, 77, 67.51 W, 930 MHz
2026/09/30 04:14:31.691, Tesla T4, 9391 MiB, 15360 MiB, 72 %, 77, 62.69 W, 1110 MHz
2026/09/30 04:14:32.212, Tesla T4, 9391 MiB, 15360 MiB, 77 %, 77, 61.03 W, 870 MHz
2026/09/30 04:14:32.737, Tesla T4, 9391 MiB, 15360 MiB, 86 %, 77, 42.22 W, 1470 MHz
2026/09/30 04:14:33.256, Tesla T4, 9391 MiB, 15360 MiB, 95 %, 77, 69.56 W, 1020 MHz
2026/09/30 04:14:33.777, Tesla T4, 9391 MiB, 15360 MiB, 95 %, 77, 62.10 W, 840 MHz
2026/09/30 04:14:34.295, Tesla T4, 9391 MiB, 15360 MiB, 100 %, 77, 72.06 W, 675 MHz
2026/09/30 04:14:34.803, Tesla T4, 9391 MiB, 15360 MiB, 98 %, 77, 66.96 W, 930 MHz
2026/09/30 04:14:35.312, Tesla T4, 9391 MiB, 15360 MiB, 94 %, 77, 68.24 W, 900 MHz
2026/09/30 04:14:35.821, Tesla T4, 9391 MiB, 15360 MiB, 100 %, 77, 65.24 W, 900 MHz
2026/09/30 04:14:36.333, Tesla T4, 9391 MiB, 15360 MiB, 100 %, 77, 68.00 W, 810 MHz
2026/09/30 04:14:36.846, Tesla T4, 9391 MiB, 15360 MiB, 100 %, 76, 64.16 W, 1320 MHz
2026/09/30 04:14:37.351, Tesla T4, 9391 MiB, 15360 MiB, 96 %, 77, 66.18 W, 1005 MHz
2026/09/30 04:14:37.858, Tesla T4, 9391 MiB, 15360 MiB, 100 %, 77, 61.97 W, 1125 MHz
2026/09/30 04:14:38.369, Tesla T4, 9391 MiB, 15360 MiB, 100 %, 77, 68.84 W, 660 MHz
2026/09/30 04:14:38.880, Tesla T4, 9391 MiB, 15360 MiB, 98 %, 77, 64.22 W, 990 MHz
2026/09/30 04:14:39.388, Tesla T4, 9391 MiB, 15360 MiB, 100 %, 77, 61.71 W, 1110 MHz
2026/09/30 04:14:39.905, Tesla T4, 9391 MiB, 15360 MiB, 92 %, 77, 91.33 W, 735 MHz
2026/09/30 04:14:40.414, Tesla T4, 9391 MiB, 15360 MiB, 98 %, 77, 63.87 W, 990 MHz
2026/09/30 04:14:40.923, Tesla T4, 9391 MiB, 15360 MiB, 94 %, 77, 65.89 W, 855 MHz
2026/09/30 04:14:41.431, Tesla T4, 9391 MiB, 15360 MiB, 94 %, 77, 67.37 W, 750 MHz
2026/09/30 04:14:41.939, Tesla T4, 9391 MiB, 15360 MiB, 98 %, 77, 66.63 W, 930 MHz
2026/09/30 04:14:42.450, Tesla T4, 9391 MiB, 15360 MiB, 100 %, 77, 66.12 W, 870 MHz
2026/09/30 04:14:42.963, Tesla T4, 9391 MiB, 15360 MiB, 100 %, 77, 68.78 W, 945 MHz
2026/09/30 04:14:43.473, Tesla T4, 9391 MiB, 15360 MiB, 100 %, 76, 74.85 W, 915 MHz
2026/09/30 04:14:43.989, Tesla T4, 9391 MiB, 15360 MiB, 100 %, 77, 66.14 W, 1425 MHz
2026/09/30 04:14:44.505, Tesla T4, 9391 MiB, 15360 MiB, 98 %, 77, 63.59 W, 930 MHz
2026/09/30 04:14:45.031, Tesla T4, 9391 MiB, 15360 MiB, 83 %, 76, 67.02 W, 885 MHz
2026/09/30 04:14:45.553, Tesla T4, 9391 MiB, 15360 MiB, 100 %, 76, 68.19 W, 945 MHz
2026/09/30 04:14:46.068, Tesla T4, 9391 MiB, 15360 MiB, 99 %, 76, 61.46 W, 1080 MHz
2026/09/30 04:14:46.590, Tesla T4, 9391 MiB, 15360 MiB, 100 %, 77, 38.03 W, 960 MHz
2026/09/30 04:14:47.100, Tesla T4, 9391 MiB, 15360 MiB, 98 %, 77, 64.75 W, 1305 MHz
2026/09/30 04:14:47.608, Tesla T4, 9391 MiB, 15360 MiB, 87 %, 76, 68.84 W, 810 MHz
2026/09/30 04:14:48.120, Tesla T4, 9391 MiB, 15360 MiB, 100 %, 77, 66.82 W, 960 MHz
2026/09/30 04:14:48.631, Tesla T4, 9391 MiB, 15360 MiB, 100 %, 76, 68.14 W, 870 MHz
2026/09/30 04:14:49.144, Tesla T4, 9391 MiB, 15360 MiB, 100 %, 76, 67.90 W, 975 MHz
2026/09/30 04:14:49.654, Tesla T4, 9391 MiB, 15360 MiB, 100 %, 76, 62.59 W, 930 MHz
2026/09/30 04:14:50.162, Tesla T4, 9391 MiB, 15360 MiB, 100 %, 76, 61.36 W, 855 MHz
2026/09/30 04:14:50.670, Tesla T4, 9391 MiB, 15360 MiB, 100 %, 76, 66.73 W, 960 MHz
2026/09/30 04:14:51.178, Tesla T4, 9391 MiB, 15360 MiB, 98 %, 76, 68.39 W, 975 MHz
2026/09/30 04:14:51.687, Tesla T4, 9391 MiB, 15360 MiB, 100 %, 76, 64.26 W, 1185 MHz
2026/09/30 04:14:52.209, Tesla T4, 9391 MiB, 15360 MiB, 94 %, 77, 71.82 W, 780 MHz
2026/09/30 04:14:52.718, Tesla T4, 9391 MiB, 15360 MiB, 98 %, 76, 65.65 W, 930 MHz
2026/09/30 04:14:53.226, Tesla T4, 9391 MiB, 15360 MiB, 100 %, 77, 65.40 W, 885 MHz
2026/09/30 04:14:53.737, Tesla T4, 9391 MiB, 15360 MiB, 98 %, 76, 64.28 W, 945 MHz
2026/09/30 04:14:54.248, Tesla T4, 9391 MiB, 15360 MiB, 100 %, 76, 63.28 W, 1215 MHz
2026/09/30 04:14:54.765, Tesla T4, 9391 MiB, 15360 MiB, 94 %, 76, 61.71 W, 930 MHz
2026/09/30 04:14:55.273, Tesla T4, 9391 MiB, 15360 MiB, 98 %, 76, 67.12 W, 990 MHz
2026/09/30 04:14:55.782, Tesla T4, 9391 MiB, 15360 MiB, 92 %, 76, 63.97 W, 795 MHz
2026/09/30 04:14:56.299, Tesla T4, 9391 MiB, 15360 MiB, 83 %, 77, 77.30 W, 780 MHz
2026/09/30 04:14:56.811, Tesla T4, 9391 MiB, 15360 MiB, 100 %, 77, 65.49 W, 930 MHz
2026/09/30 04:14:57.330, Tesla T4, 9391 MiB, 15360 MiB, 89 %, 76, 64.61 W, 945 MHz
2026/09/30 04:14:57.860, Tesla T4, 9391 MiB, 15360 MiB, 100 %, 76, 66.78 W, 1020 MHz
2026/09/30 04:14:58.392, Tesla T4, 9391 MiB, 15360 MiB, 100 %, 76, 61.62 W, 885 MHz
2026/09/30 04:14:58.924, Tesla T4, 9391 MiB, 15360 MiB, 100 %, 76, 39.97 W, 1395 MHz
2026/09/30 04:14:59.436, Tesla T4, 9391 MiB, 15360 MiB, 86 %, 76, 67.21 W, 1515 MHz
2026/09/30 04:14:59.953, Tesla T4, 9391 MiB, 15360 MiB, 98 %, 77, 63.34 W, 900 MHz
2026/09/30 04:15:00.461, Tesla T4, 9391 MiB, 15360 MiB, 100 %, 76, 67.02 W, 870 MHz
2026/09/30 04:15:00.969, Tesla T4, 9391 MiB, 15360 MiB, 100 %, 77, 67.35 W, 975 MHz
2026/09/30 04:15:01.479, Tesla T4, 9391 MiB, 15360 MiB, 98 %, 77, 68.39 W, 975 MHz
2026/09/30 04:15:01.987, Tesla T4, 9391 MiB, 15360 MiB, 100 %, 76, 62.79 W, 1290 MHz
2026/09/30 04:15:02.502, Tesla T4, 9391 MiB, 15360 MiB, 0 %, 76, 44.55 W, 1590 MHz
2026/09/30 04:15:03.007, Tesla T4, 9391 MiB, 15360 MiB, 0 %, 76, 44.95 W, 1590 MHz
2026/09/30 04:15:03.512, Tesla T4, 9391 MiB, 15360 MiB, 1 %, 75, 44.85 W, 1590 MHz
2026/09/30 04:15:04.019, Tesla T4, 9391 MiB, 15360 MiB, 100 %, 76, 61.06 W, 1095 MHz
2026/09/30 04:15:04.528, Tesla T4, 9391 MiB, 15360 MiB, 94 %, 76, 72.91 W, 885 MHz
2026/09/30 04:15:05.039, Tesla T4, 9391 MiB, 15360 MiB, 99 %, 76, 63.93 W, 900 MHz
2026/09/30 04:15:05.567, Tesla T4, 9391 MiB, 15360 MiB, 92 %, 76, 66.73 W, 1080 MHz
2026/09/30 04:15:06.099, Tesla T4, 9391 MiB, 15360 MiB, 90 %, 77, 71.96 W, 780 MHz
2026/09/30 04:15:06.609, Tesla T4, 9391 MiB, 15360 MiB, 100 %, 76, 67.59 W, 1095 MHz
2026/09/30 04:15:07.118, Tesla T4, 9391 MiB, 15360 MiB, 100 %, 76, 61.52 W, 1020 MHz
2026/09/30 04:15:07.656, Tesla T4, 9391 MiB, 15360 MiB, 100 %, 77, 78.47 W, 885 MHz
2026/09/30 04:15:08.173, Tesla T4, 9391 MiB, 15360 MiB, 98 %, 77, 79.59 W, 915 MHz
2026/09/30 04:15:08.687, Tesla T4, 9391 MiB, 15360 MiB, 94 %, 77, 57.57 W, 900 MHz
2026/09/30 04:15:09.197, Tesla T4, 9391 MiB, 15360 MiB, 100 %, 77, 66.42 W, 930 MHz
2026/09/30 04:15:09.727, Tesla T4, 9391 MiB, 15360 MiB, 99 %, 76, 60.87 W, 990 MHz
2026/09/30 04:15:10.268, Tesla T4, 9391 MiB, 15360 MiB, 83 %, 77, 83.50 W, 1260 MHz
2026/09/30 04:15:10.782, Tesla T4, 9391 MiB, 15360 MiB, 100 %, 77, 69.42 W, 885 MHz
2026/09/30 04:15:11.313, Tesla T4, 9391 MiB, 15360 MiB, 74 %, 77, 88.36 W, 1260 MHz
2026/09/30 04:15:11.849, Tesla T4, 9391 MiB, 15360 MiB, 53 %, 77, 77.30 W, 1335 MHz
2026/09/30 04:15:12.356, Tesla T4, 9391 MiB, 15360 MiB, 98 %, 76, 66.18 W, 990 MHz
2026/09/30 04:15:12.862, Tesla T4, 9391 MiB, 15360 MiB, 98 %, 77, 64.16 W, 900 MHz
2026/09/30 04:15:13.371, Tesla T4, 9391 MiB, 15360 MiB, 70 %, 77, 73.39 W, 945 MHz
2026/09/30 04:15:13.879, Tesla T4, 9391 MiB, 15360 MiB, 100 %, 77, 65.40 W, 930 MHz
2026/09/30 04:15:14.388, Tesla T4, 9391 MiB, 15360 MiB, 99 %, 77, 61.06 W, 960 MHz
2026/09/30 04:15:14.900, Tesla T4, 9391 MiB, 15360 MiB, 100 %, 77, 63.38 W, 735 MHz
2026/09/30 04:15:15.418, Tesla T4, 9391 MiB, 15360 MiB, 100 %, 77, 62.63 W, 1215 MHz
2026/09/30 04:15:15.928, Tesla T4, 9391 MiB, 15360 MiB, 98 %, 77, 61.26 W, 1290 MHz
2026/09/30 04:15:16.446, Tesla T4, 9391 MiB, 15360 MiB, 82 %, 77, 57.51 W, 915 MHz
2026/09/30 04:15:16.956, Tesla T4, 9391 MiB, 15360 MiB, 95 %, 77, 73.24 W, 810 MHz
2026/09/30 04:15:17.464, Tesla T4, 9391 MiB, 15360 MiB, 98 %, 77, 64.81 W, 975 MHz
2026/09/30 04:15:17.974, Tesla T4, 9391 MiB, 15360 MiB, 96 %, 77, 60.57 W, 1080 MHz
2026/09/30 04:15:18.484, Tesla T4, 9391 MiB, 15360 MiB, 94 %, 77, 59.99 W, 930 MHz
2026/09/30 04:15:18.993, Tesla T4, 9391 MiB, 15360 MiB, 98 %, 77, 65.94 W, 960 MHz
2026/09/30 04:15:19.502, Tesla T4, 9391 MiB, 15360 MiB, 76 %, 77, 60.67 W, 1095 MHz
2026/09/30 04:15:20.017, Tesla T4, 9391 MiB, 15360 MiB, 88 %, 77, 66.33 W, 870 MHz
2026/09/30 04:15:20.526, Tesla T4, 9391 MiB, 15360 MiB, 100 %, 77, 69.56 W, 915 MHz
2026/09/30 04:15:21.038, Tesla T4, 9391 MiB, 15360 MiB, 100 %, 77, 62.01 W, 945 MHz
2026/09/30 04:15:21.553, Tesla T4, 9391 MiB, 15360 MiB, 94 %, 77, 63.73 W, 870 MHz
2026/09/30 04:15:22.064, Tesla T4, 9391 MiB, 15360 MiB, 100 %, 78, 62.30 W, 900 MHz
2026/09/30 04:15:22.588, Tesla T4, 9391 MiB, 15360 MiB, 61 %, 77, 70.26 W, 840 MHz
2026/09/30 04:15:23.133, Tesla T4, 9391 MiB, 15360 MiB, 96 %, 77, 64.55 W, 915 MHz
2026/09/30 04:15:23.658, Tesla T4, 9391 MiB, 15360 MiB, 98 %, 77, 68.15 W, 915 MHz
2026/09/30 04:15:24.177, Tesla T4, 9391 MiB, 15360 MiB, 73 %, 77, 67.55 W, 645 MHz
2026/09/30 04:15:24.698, Tesla T4, 9391 MiB, 15360 MiB, 99 %, 77, 78.47 W, 855 MHz
2026/09/30 04:15:25.206, Tesla T4, 9391 MiB, 15360 MiB, 98 %, 77, 64.77 W, 825 MHz
2026/09/30 04:15:25.716, Tesla T4, 9391 MiB, 15360 MiB, 80 %, 77, 71.08 W, 810 MHz
2026/09/30 04:15:26.225, Tesla T4, 9391 MiB, 15360 MiB, 100 %, 77, 63.63 W, 960 MHz
2026/09/30 04:15:26.741, Tesla T4, 9391 MiB, 15360 MiB, 100 %, 77, 61.85 W, 1080 MHz
2026/09/30 04:15:27.253, Tesla T4, 9391 MiB, 15360 MiB, 100 %, 77, 57.18 W, 840 MHz
2026/09/30 04:15:27.762, Tesla T4, 9391 MiB, 15360 MiB, 98 %, 77, 68.28 W, 945 MHz
2026/09/30 04:15:28.270, Tesla T4, 9391 MiB, 15360 MiB, 100 %, 77, 61.91 W, 1020 MHz
2026/09/30 04:15:28.778, Tesla T4, 9391 MiB, 15360 MiB, 100 %, 77, 86.22 W, 720 MHz
2026/09/30 04:15:29.287, Tesla T4, 9391 MiB, 15360 MiB, 98 %, 77, 86.31 W, 915 MHz
2026/09/30 04:15:29.798, Tesla T4, 9391 MiB, 15360 MiB, 88 %, 78, 68.05 W, 1005 MHz
2026/09/30 04:15:30.313, Tesla T4, 9391 MiB, 15360 MiB, 100 %, 78, 68.49 W, 840 MHz
2026/09/30 04:15:30.821, Tesla T4, 9391 MiB, 15360 MiB, 100 %, 77, 65.94 W, 930 MHz
2026/09/30 04:15:31.329, Tesla T4, 9391 MiB, 15360 MiB, 98 %, 77, 60.93 W, 1200 MHz
2026/09/30 04:15:31.839, Tesla T4, 9391 MiB, 15360 MiB, 78 %, 77, 65.34 W, 735 MHz
2026/09/30 04:15:32.352, Tesla T4, 9391 MiB, 15360 MiB, 98 %, 77, 63.48 W, 915 MHz
2026/09/30 04:15:32.872, Tesla T4, 9391 MiB, 15360 MiB, 93 %, 77, 66.63 W, 885 MHz
2026/09/30 04:15:33.380, Tesla T4, 9391 MiB, 15360 MiB, 100 %, 77, 66.20 W, 930 MHz
2026/09/30 04:15:33.890, Tesla T4, 9391 MiB, 15360 MiB, 100 %, 77, 61.55 W, 1020 MHz
2026/09/30 04:15:34.403, Tesla T4, 9391 MiB, 15360 MiB, 94 %, 78, 74.90 W, 735 MHz
2026/09/30 04:15:34.916, Tesla T4, 9391 MiB, 15360 MiB, 100 %, 78, 65.00 W, 825 MHz
2026/09/30 04:15:35.468, Tesla T4, 9391 MiB, 15360 MiB, 63 %, 78, 64.95 W, 720 MHz
2026/09/30 04:15:35.993, Tesla T4, 9391 MiB, 15360 MiB, 98 %, 77, 73.29 W, 945 MHz
2026/09/30 04:15:36.510, Tesla T4, 9391 MiB, 15360 MiB, 89 %, 77, 67.51 W, 840 MHz
2026/09/30 04:15:37.033, Tesla T4, 9391 MiB, 15360 MiB, 100 %, 77, 64.91 W, 870 MHz
2026/09/30 04:15:37.565, Tesla T4, 9391 MiB, 15360 MiB, 98 %, 77, 70.11 W, 1005 MHz
2026/09/30 04:15:38.075, Tesla T4, 9391 MiB, 15360 MiB, 100 %, 78, 58.94 W, 975 MHz
2026/09/30 04:15:38.587, Tesla T4, 9391 MiB, 15360 MiB, 99 %, 77, 67.21 W, 705 MHz
2026/09/30 04:15:39.100, Tesla T4, 9391 MiB, 15360 MiB, 94 %, 77, 68.04 W, 780 MHz
2026/09/30 04:15:39.618, Tesla T4, 9391 MiB, 15360 MiB, 98 %, 77, 64.46 W, 915 MHz
2026/09/30 04:15:40.128, Tesla T4, 9391 MiB, 15360 MiB, 94 %, 77, 66.04 W, 855 MHz
2026/09/30 04:15:40.642, Tesla T4, 9391 MiB, 15360 MiB, 93 %, 77, 65.79 W, 795 MHz
2026/09/30 04:15:41.160, Tesla T4, 9391 MiB, 15360 MiB, 98 %, 77, 67.06 W, 945 MHz
2026/09/30 04:15:41.670, Tesla T4, 9391 MiB, 15360 MiB, 100 %, 78, 66.86 W, 750 MHz
2026/09/30 04:15:42.179, Tesla T4, 9391 MiB, 15360 MiB, 100 %, 77, 47.74 W, 780 MHz
2026/09/30 04:15:42.688, Tesla T4, 9391 MiB, 15360 MiB, 98 %, 78, 66.73 W, 930 MHz
2026/09/30 04:15:43.197, Tesla T4, 9391 MiB, 15360 MiB, 93 %, 77, 67.66 W, 885 MHz
2026/09/30 04:15:43.707, Tesla T4, 9391 MiB, 15360 MiB, 100 %, 78, 74.27 W, 1095 MHz
2026/09/30 04:15:44.223, Tesla T4, 9391 MiB, 15360 MiB, 100 %, 77, 61.75 W, 1230 MHz
2026/09/30 04:15:44.734, Tesla T4, 9391 MiB, 15360 MiB, 78 %, 78, 63.32 W, 870 MHz
2026/09/30 04:15:45.241, Tesla T4, 9391 MiB, 15360 MiB, 98 %, 77, 67.66 W, 945 MHz
2026/09/30 04:15:45.756, Tesla T4, 9391 MiB, 15360 MiB, 100 %, 77, 74.90 W, 690 MHz
2026/09/30 04:15:46.271, Tesla T4, 9391 MiB, 15360 MiB, 94 %, 77, 66.47 W, 1020 MHz
2026/09/30 04:15:46.778, Tesla T4, 9391 MiB, 15360 MiB, 98 %, 78, 64.67 W, 960 MHz
2026/09/30 04:15:47.293, Tesla T4, 9391 MiB, 15360 MiB, 93 %, 77, 63.06 W, 1095 MHz
2026/09/30 04:15:47.818, Tesla T4, 9391 MiB, 15360 MiB, 41 %, 78, 75.44 W, 645 MHz
2026/09/30 04:15:48.351, Tesla T4, 9391 MiB, 15360 MiB, 98 %, 77, 65.44 W, 900 MHz
2026/09/30 04:15:48.872, Tesla T4, 9391 MiB, 15360 MiB, 93 %, 77, 62.30 W, 855 MHz
2026/09/30 04:15:49.403, Tesla T4, 9391 MiB, 15360 MiB, 89 %, 78, 66.63 W, 810 MHz
2026/09/30 04:15:49.921, Tesla T4, 9391 MiB, 15360 MiB, 97 %, 77, 75.78 W, 840 MHz
2026/09/30 04:15:50.431, Tesla T4, 9391 MiB, 15360 MiB, 94 %, 77, 66.53 W, 900 MHz
2026/09/30 04:15:50.947, Tesla T4, 9391 MiB, 15360 MiB, 100 %, 77, 67.69 W, 900 MHz
2026/09/30 04:15:51.457, Tesla T4, 9391 MiB, 15360 MiB, 100 %, 77, 66.38 W, 915 MHz
2026/09/30 04:15:51.972, Tesla T4, 9391 MiB, 15360 MiB, 93 %, 77, 45.83 W, 795 MHz
2026/09/30 04:15:52.487, Tesla T4, 9391 MiB, 15360 MiB, 98 %, 77, 68.53 W, 930 MHz
2026/09/30 04:15:52.996, Tesla T4, 9391 MiB, 15360 MiB, 100 %, 77, 67.35 W, 630 MHz
2026/09/30 04:15:53.505, Tesla T4, 9391 MiB, 15360 MiB, 100 %, 77, 64.42 W, 945 MHz
2026/09/30 04:15:54.011, Tesla T4, 9391 MiB, 15360 MiB, 100 %, 77, 60.93 W, 1155 MHz
2026/09/30 04:15:54.524, Tesla T4, 9391 MiB, 15360 MiB, 100 %, 77, 60.57 W, 780 MHz
2026/09/30 04:15:55.042, Tesla T4, 9391 MiB, 15360 MiB, 98 %, 77, 63.38 W, 900 MHz
2026/09/30 04:15:55.552, Tesla T4, 9391 MiB, 15360 MiB, 94 %, 77, 66.92 W, 900 MHz
2026/09/30 04:15:56.062, Tesla T4, 9391 MiB, 15360 MiB, 100 %, 77, 66.10 W, 975 MHz
2026/09/30 04:15:56.570, Tesla T4, 9391 MiB, 15360 MiB, 96 %, 77, 70.05 W, 960 MHz
2026/09/30 04:15:57.080, Tesla T4, 9391 MiB, 15360 MiB, 97 %, 77, 65.20 W, 1005 MHz
2026/09/30 04:15:57.594, Tesla T4, 9391 MiB, 15360 MiB, 98 %, 77, 64.06 W, 750 MHz
2026/09/30 04:15:58.110, Tesla T4, 9391 MiB, 15360 MiB, 100 %, 77, 52.92 W, 1215 MHz
2026/09/30 04:15:58.617, Tesla T4, 9391 MiB, 15360 MiB, 100 %, 77, 63.89 W, 990 MHz
2026/09/30 04:15:59.126, Tesla T4, 9391 MiB, 15360 MiB, 100 %, 77, 67.16 W, 780 MHz
2026/09/30 04:15:59.645, Tesla T4, 9391 MiB, 15360 MiB, 94 %, 77, 76.81 W, 885 MHz
2026/09/30 04:16:00.154, Tesla T4, 9391 MiB, 15360 MiB, 97 %, 77, 71.96 W, 960 MHz
2026/09/30 04:16:00.681, Tesla T4, 9391 MiB, 15360 MiB, 99 %, 77, 59.59 W, 810 MHz
2026/09/30 04:16:01.205, Tesla T4, 9391 MiB, 15360 MiB, 98 %, 77, 65.36 W, 915 MHz
2026/09/30 04:16:01.732, Tesla T4, 9391 MiB, 15360 MiB, 0 %, 76, 45.24 W, 1590 MHz
2026/09/30 04:16:02.250, Tesla T4, 9391 MiB, 15360 MiB, 100 %, 77, 67.21 W, 1260 MHz
2026/09/30 04:16:02.788, Tesla T4, 9391 MiB, 15360 MiB, 94 %, 77, 73.63 W, 780 MHz
2026/09/30 04:16:03.297, Tesla T4, 9391 MiB, 15360 MiB, 100 %, 77, 66.92 W, 930 MHz
2026/09/30 04:16:03.806, Tesla T4, 9391 MiB, 15360 MiB, 100 %, 77, 61.91 W, 960 MHz
2026/09/30 04:16:04.322, Tesla T4, 9391 MiB, 15360 MiB, 97 %, 77, 67.51 W, 945 MHz
2026/09/30 04:16:04.836, Tesla T4, 9391 MiB, 15360 MiB, 86 %, 77, 60.38 W, 870 MHz
2026/09/30 04:16:05.345, Tesla T4, 9391 MiB, 15360 MiB, 100 %, 77, 64.38 W, 930 MHz
2026/09/30 04:16:05.860, Tesla T4, 9391 MiB, 15360 MiB, 100 %, 77, 65.94 W, 840 MHz
2026/09/30 04:16:06.375, Tesla T4, 9391 MiB, 15360 MiB, 100 %, 77, 65.10 W, 1020 MHz
2026/09/30 04:16:06.884, Tesla T4, 9391 MiB, 15360 MiB, 100 %, 77, 63.57 W, 1140 MHz
2026/09/30 04:16:07.392, Tesla T4, 9391 MiB, 15360 MiB, 77 %, 77, 65.20 W, 885 MHz
2026/09/30 04:16:07.908, Tesla T4, 9391 MiB, 15360 MiB, 98 %, 77, 68.93 W, 960 MHz
2026/09/30 04:16:08.417, Tesla T4, 9391 MiB, 15360 MiB, 100 %, 77, 73.68 W, 795 MHz
2026/09/30 04:16:08.924, Tesla T4, 9391 MiB, 15360 MiB, 100 %, 77, 66.63 W, 945 MHz
2026/09/30 04:16:09.433, Tesla T4, 9391 MiB, 15360 MiB, 100 %, 77, 62.01 W, 1215 MHz
2026/09/30 04:16:09.952, Tesla T4, 9391 MiB, 15360 MiB, 97 %, 77, 69.32 W, 705 MHz
2026/09/30 04:16:10.466, Tesla T4, 9391 MiB, 15360 MiB, 98 %, 77, 64.16 W, 930 MHz
2026/09/30 04:16:10.974, Tesla T4, 9391 MiB, 15360 MiB, 76 %, 77, 67.96 W, 885 MHz
2026/09/30 04:16:11.484, Tesla T4, 9391 MiB, 15360 MiB, 100 %, 77, 64.71 W, 945 MHz
2026/09/30 04:16:11.996, Tesla T4, 9391 MiB, 15360 MiB, 100 %, 77, 64.03 W, 885 MHz
2026/09/30 04:16:12.511, Tesla T4, 9391 MiB, 15360 MiB, 100 %, 77, 53.02 W, 1425 MHz
2026/09/30 04:16:13.023, Tesla T4, 9391 MiB, 15360 MiB, 97 %, 77, 82.08 W, 885 MHz
2026/09/30 04:16:13.551, Tesla T4, 9391 MiB, 15360 MiB, 90 %, 77, 78.13 W, 1065 MHz
2026/09/30 04:16:14.078, Tesla T4, 9391 MiB, 15360 MiB, 52 %, 77, 75.88 W, 690 MHz
2026/09/30 04:16:14.599, Tesla T4, 9391 MiB, 15360 MiB, 98 %, 77, 64.95 W, 915 MHz
2026/09/30 04:16:15.147, Tesla T4, 9391 MiB, 15360 MiB, 79 %, 77, 64.30 W, 885 MHz
2026/09/30 04:16:15.655, Tesla T4, 9391 MiB, 15360 MiB, 94 %, 77, 70.25 W, 750 MHz
2026/09/30 04:16:16.164, Tesla T4, 9391 MiB, 15360 MiB, 98 %, 77, 68.29 W, 930 MHz
2026/09/30 04:16:16.673, Tesla T4, 9391 MiB, 15360 MiB, 96 %, 77, 61.55 W, 1110 MHz
2026/09/30 04:16:17.181, Tesla T4, 9391 MiB, 15360 MiB, 98 %, 77, 69.18 W, 840 MHz
2026/09/30 04:16:17.696, Tesla T4, 9391 MiB, 15360 MiB, 100 %, 77, 65.55 W, 915 MHz
2026/09/30 04:16:18.205, Tesla T4, 9391 MiB, 15360 MiB, 100 %, 77, 78.81 W, 930 MHz
2026/09/30 04:16:18.714, Tesla T4, 9391 MiB, 15360 MiB, 100 %, 77, 67.31 W, 615 MHz
2026/09/30 04:16:19.223, Tesla T4, 9391 MiB, 15360 MiB, 100 %, 77, 63.89 W, 1005 MHz
2026/09/30 04:16:19.731, Tesla T4, 9391 MiB, 15360 MiB, 98 %, 77, 64.81 W, 1275 MHz
2026/09/30 04:16:20.239, Tesla T4, 9391 MiB, 15360 MiB, 79 %, 77, 65.20 W, 810 MHz
2026/09/30 04:16:20.756, Tesla T4, 9391 MiB, 15360 MiB, 99 %, 77, 64.42 W, 930 MHz
2026/09/30 04:16:21.266, Tesla T4, 9391 MiB, 15360 MiB, 100 %, 77, 68.24 W, 705 MHz
2026/09/30 04:16:21.779, Tesla T4, 9391 MiB, 15360 MiB, 100 %, 77, 65.94 W, 1080 MHz
2026/09/30 04:16:22.287, Tesla T4, 9391 MiB, 15360 MiB, 100 %, 77, 60.57 W, 1155 MHz
2026/09/30 04:16:22.798, Tesla T4, 9391 MiB, 15360 MiB, 90 %, 77, 67.51 W, 1005 MHz
2026/09/30 04:16:23.306, Tesla T4, 9391 MiB, 15360 MiB, 93 %, 76, 43.69 W, 1575 MHz
2026/09/30 04:16:23.812, Tesla T4, 9391 MiB, 15360 MiB, 0 %, 76, 45.15 W, 1590 MHz
2026/09/30 04:16:24.319, Tesla T4, 9391 MiB, 15360 MiB, 0 %, 76, 45.15 W, 1590 MHz
2026/09/30 04:16:24.824, Tesla T4, 9391 MiB, 15360 MiB, 100 %, 76, 60.38 W, 780 MHz
2026/09/30 04:16:25.341, Tesla T4, 9391 MiB, 15360 MiB, 100 %, 77, 67.78 W, 1290 MHz
2026/09/30 04:16:25.867, Tesla T4, 9391 MiB, 15360 MiB, 98 %, 77, 65.59 W, 990 MHz
2026/09/30 04:16:26.391, Tesla T4, 9391 MiB, 15360 MiB, 97 %, 77, 69.62 W, 960 MHz
2026/09/30 04:16:26.905, Tesla T4, 9391 MiB, 15360 MiB, 100 %, 77, 67.40 W, 705 MHz
2026/09/30 04:16:27.430, Tesla T4, 9391 MiB, 15360 MiB, 100 %, 76, 68.05 W, 1245 MHz
2026/09/30 04:16:27.942, Tesla T4, 9391 MiB, 15360 MiB, 93 %, 77, 60.97 W, 1170 MHz
2026/09/30 04:16:28.460, Tesla T4, 9391 MiB, 15360 MiB, 91 %, 77, 63.44 W, 840 MHz
2026/09/30 04:16:28.968, Tesla T4, 9391 MiB, 15360 MiB, 98 %, 77, 67.12 W, 1245 MHz
2026/09/30 04:16:29.477, Tesla T4, 9391 MiB, 15360 MiB, 98 %, 77, 61.91 W, 930 MHz
2026/09/30 04:16:29.985, Tesla T4, 9391 MiB, 15360 MiB, 94 %, 77, 63.24 W, 870 MHz
2026/09/30 04:16:30.494, Tesla T4, 9391 MiB, 15360 MiB, 100 %, 77, 67.69 W, 945 MHz
2026/09/30 04:16:31.002, Tesla T4, 9391 MiB, 15360 MiB, 100 %, 77, 67.35 W, 900 MHz
2026/09/30 04:16:31.525, Tesla T4, 9391 MiB, 15360 MiB, 94 %, 77, 68.25 W, 810 MHz
2026/09/30 04:16:32.035, Tesla T4, 9391 MiB, 15360 MiB, 100 %, 77, 88.03 W, 930 MHz
2026/09/30 04:16:32.544, Tesla T4, 9391 MiB, 15360 MiB, 93 %, 77, 66.53 W, 885 MHz
2026/09/30 04:16:33.053, Tesla T4, 9391 MiB, 15360 MiB, 98 %, 77, 67.12 W, 990 MHz
2026/09/30 04:16:33.562, Tesla T4, 9391 MiB, 15360 MiB, 100 %, 77, 63.38 W, 1155 MHz
2026/09/30 04:16:34.081, Tesla T4, 9391 MiB, 15360 MiB, 55 %, 77, 88.69 W, 1065 MHz
2026/09/30 04:16:34.592, Tesla T4, 9391 MiB, 15360 MiB, 100 %, 77, 62.30 W, 1275 MHz
2026/09/30 04:16:35.102, Tesla T4, 9391 MiB, 15360 MiB, 94 %, 77, 67.02 W, 765 MHz
2026/09/30 04:16:35.611, Tesla T4, 9391 MiB, 15360 MiB, 98 %, 77, 65.63 W, 915 MHz
2026/09/30 04:16:36.126, Tesla T4, 9391 MiB, 15360 MiB, 100 %, 77, 62.20 W, 930 MHz
2026/09/30 04:16:36.641, Tesla T4, 9391 MiB, 15360 MiB, 100 %, 77, 60.41 W, 900 MHz
2026/09/30 04:16:37.149, Tesla T4, 9391 MiB, 15360 MiB, 98 %, 77, 65.59 W, 1260 MHz
2026/09/30 04:16:37.657, Tesla T4, 9391 MiB, 15360 MiB, 78 %, 77, 64.08 W, 690 MHz
2026/09/30 04:16:38.166, Tesla T4, 9391 MiB, 15360 MiB, 98 %, 77, 65.14 W, 930 MHz
2026/09/30 04:16:38.683, Tesla T4, 9391 MiB, 15360 MiB, 84 %, 77, 67.43 W, 855 MHz
2026/09/30 04:16:39.220, Tesla T4, 9391 MiB, 15360 MiB, 86 %, 77, 73.22 W, 1005 MHz
2026/09/30 04:16:39.750, Tesla T4, 9391 MiB, 15360 MiB, 97 %, 77, 68.81 W, 1335 MHz
2026/09/30 04:16:40.271, Tesla T4, 9391 MiB, 15360 MiB, 100 %, 77, 63.44 W, 1275 MHz
2026/09/30 04:16:40.797, Tesla T4, 9391 MiB, 15360 MiB, 78 %, 77, 66.49 W, 630 MHz
2026/09/30 04:16:41.307, Tesla T4, 9391 MiB, 15360 MiB, 98 %, 77, 69.24 W, 930 MHz
2026/09/30 04:16:41.816, Tesla T4, 9391 MiB, 15360 MiB, 100 %, 77, 67.04 W, 900 MHz
2026/09/30 04:16:42.324, Tesla T4, 9391 MiB, 15360 MiB, 98 %, 77, 65.16 W, 915 MHz
2026/09/30 04:16:42.833, Tesla T4, 9391 MiB, 15360 MiB, 100 %, 77, 60.77 W, 1125 MHz
2026/09/30 04:16:43.355, Tesla T4, 9391 MiB, 15360 MiB, 93 %, 77, 74.27 W, 900 MHz
2026/09/30 04:16:43.863, Tesla T4, 9391 MiB, 15360 MiB, 98 %, 77, 64.75 W, 960 MHz
2026/09/30 04:16:44.372, Tesla T4, 9391 MiB, 15360 MiB, 67 %, 77, 66.33 W, 1155 MHz
2026/09/30 04:16:44.880, Tesla T4, 9391 MiB, 15360 MiB, 100 %, 77, 67.12 W, 870 MHz
2026/09/30 04:16:45.394, Tesla T4, 9391 MiB, 15360 MiB, 100 %, 77, 65.79 W, 915 MHz
2026/09/30 04:16:45.904, Tesla T4, 9391 MiB, 15360 MiB, 100 %, 77, 62.59 W, 1125 MHz
2026/09/30 04:16:46.415, Tesla T4, 9391 MiB, 15360 MiB, 100 %, 77, 66.64 W, 705 MHz
2026/09/30 04:16:46.924, Tesla T4, 9391 MiB, 15360 MiB, 98 %, 77, 66.67 W, 990 MHz
2026/09/30 04:16:47.433, Tesla T4, 9391 MiB, 15360 MiB, 100 %, 77, 62.01 W, 1215 MHz
2026/09/30 04:16:47.953, Tesla T4, 9391 MiB, 15360 MiB, 93 %, 77, 66.24 W, 870 MHz
2026/09/30 04:16:48.461, Tesla T4, 9391 MiB, 15360 MiB, 98 %, 77, 60.18 W, 1065 MHz
2026/09/30 04:16:48.969, Tesla T4, 9391 MiB, 15360 MiB, 98 %, 77, 65.14 W, 960 MHz
2026/09/30 04:16:49.477, Tesla T4, 9391 MiB, 15360 MiB, 100 %, 77, 62.24 W, 1065 MHz
2026/09/30 04:16:49.986, Tesla T4, 9391 MiB, 15360 MiB, 91 %, 77, 81.10 W, 765 MHz
2026/09/30 04:16:50.497, Tesla T4, 9391 MiB, 15360 MiB, 100 %, 77, 65.30 W, 915 MHz
2026/09/30 04:16:51.030, Tesla T4, 9391 MiB, 15360 MiB, 88 %, 77, 68.77 W, 810 MHz
2026/09/30 04:16:51.565, Tesla T4, 9391 MiB, 15360 MiB, 100 %, 77, 69.37 W, 960 MHz
2026/09/30 04:16:52.079, Tesla T4, 9391 MiB, 15360 MiB, 100 %, 77, 62.30 W, 1200 MHz
2026/09/30 04:16:52.601, Tesla T4, 9391 MiB, 15360 MiB, 80 %, 77, 66.31 W, 1575 MHz
2026/09/30 04:16:53.115, Tesla T4, 9391 MiB, 15360 MiB, 83 %, 77, 44.75 W, 1545 MHz
2026/09/30 04:16:53.623, Tesla T4, 9391 MiB, 15360 MiB, 100 %, 77, 63.14 W, 1140 MHz
2026/09/30 04:16:54.134, Tesla T4, 9391 MiB, 15360 MiB, 100 %, 77, 65.69 W, 840 MHz
2026/09/30 04:16:54.642, Tesla T4, 9391 MiB, 15360 MiB, 98 %, 77, 66.53 W, 870 MHz
2026/09/30 04:16:55.151, Tesla T4, 9391 MiB, 15360 MiB, 94 %, 77, 67.45 W, 855 MHz
2026/09/30 04:16:55.660, Tesla T4, 9391 MiB, 15360 MiB, 100 %, 77, 41.55 W, 1320 MHz
2026/09/30 04:16:56.168, Tesla T4, 9391 MiB, 15360 MiB, 98 %, 77, 62.79 W, 1245 MHz
2026/09/30 04:16:56.685, Tesla T4, 9391 MiB, 15360 MiB, 76 %, 77, 65.77 W, 645 MHz
2026/09/30 04:16:57.194, Tesla T4, 9391 MiB, 15360 MiB, 98 %, 77, 70.50 W, 870 MHz
2026/09/30 04:16:57.703, Tesla T4, 9391 MiB, 15360 MiB, 94 %, 77, 64.51 W, 870 MHz
2026/09/30 04:16:58.222, Tesla T4, 9391 MiB, 15360 MiB, 100 %, 77, 64.71 W, 930 MHz
2026/09/30 04:16:58.733, Tesla T4, 9391 MiB, 15360 MiB, 100 %, 77, 69.37 W, 975 MHz
2026/09/30 04:16:59.258, Tesla T4, 9391 MiB, 15360 MiB, 94 %, 77, 54.79 W, 840 MHz
2026/09/30 04:16:59.767, Tesla T4, 9391 MiB, 15360 MiB, 100 %, 78, 65.00 W, 960 MHz
2026/09/30 04:17:00.276, Tesla T4, 9391 MiB, 15360 MiB, 80 %, 77, 65.59 W, 705 MHz
2026/09/30 04:17:00.791, Tesla T4, 9391 MiB, 15360 MiB, 98 %, 77, 67.10 W, 960 MHz
2026/09/30 04:17:01.303, Tesla T4, 9391 MiB, 15360 MiB, 100 %, 77, 66.57 W, 795 MHz
2026/09/30 04:17:01.818, Tesla T4, 9391 MiB, 15360 MiB, 100 %, 77, 66.38 W, 825 MHz
2026/09/30 04:17:02.326, Tesla T4, 9391 MiB, 15360 MiB, 98 %, 77, 62.36 W, 855 MHz
2026/09/30 04:17:02.835, Tesla T4, 9391 MiB, 15360 MiB, 94 %, 77, 64.96 W, 765 MHz
2026/09/30 04:17:03.353, Tesla T4, 9391 MiB, 15360 MiB, 79 %, 77, 76.71 W, 1200 MHz
2026/09/30 04:17:03.865, Tesla T4, 9391 MiB, 15360 MiB, 100 %, 77, 71.24 W, 945 MHz
2026/09/30 04:17:04.390, Tesla T4, 9391 MiB, 15360 MiB, 94 %, 77, 66.71 W, 870 MHz
2026/09/30 04:17:04.914, Tesla T4, 9391 MiB, 15360 MiB, 100 %, 77, 66.67 W, 945 MHz
2026/09/30 04:17:05.433, Tesla T4, 9391 MiB, 15360 MiB, 98 %, 77, 62.40 W, 1095 MHz
2026/09/30 04:17:05.954, Tesla T4, 9391 MiB, 15360 MiB, 94 %, 77, 69.18 W, 675 MHz
2026/09/30 04:17:06.465, Tesla T4, 9391 MiB, 15360 MiB, 98 %, 77, 67.35 W, 960 MHz
2026/09/30 04:17:06.978, Tesla T4, 9391 MiB, 15360 MiB, 100 %, 77, 61.36 W, 855 MHz
2026/09/30 04:17:07.495, Tesla T4, 9391 MiB, 15360 MiB, 94 %, 77, 62.10 W, 885 MHz
2026/09/30 04:17:08.014, Tesla T4, 9391 MiB, 15360 MiB, 98 %, 77, 64.63 W, 960 MHz
2026/09/30 04:17:08.522, Tesla T4, 9391 MiB, 15360 MiB, 93 %, 77, 67.20 W, 705 MHz
2026/09/30 04:17:09.033, Tesla T4, 9391 MiB, 15360 MiB, 100 %, 77, 61.22 W, 1140 MHz
2026/09/30 04:17:09.540, Tesla T4, 9391 MiB, 15360 MiB, 100 %, 77, 62.79 W, 1110 MHz
2026/09/30 04:17:10.051, Tesla T4, 9391 MiB, 15360 MiB, 81 %, 77, 69.67 W, 1035 MHz
2026/09/30 04:17:10.558, Tesla T4, 9391 MiB, 15360 MiB, 94 %, 77, 64.26 W, 1170 MHz
2026/09/30 04:17:11.067, Tesla T4, 9391 MiB, 15360 MiB, 98 %, 77, 81.83 W, 915 MHz
2026/09/30 04:17:11.576, Tesla T4, 9391 MiB, 15360 MiB, 100 %, 77, 67.27 W, 870 MHz
2026/09/30 04:17:12.091, Tesla T4, 9391 MiB, 15360 MiB, 99 %, 77, 66.96 W, 930 MHz
2026/09/30 04:17:12.600, Tesla T4, 9391 MiB, 15360 MiB, 100 %, 77, 74.03 W, 750 MHz
2026/09/30 04:17:13.114, Tesla T4, 9391 MiB, 15360 MiB, 100 %, 77, 69.06 W, 1170 MHz
2026/09/30 04:17:13.622, Tesla T4, 9391 MiB, 15360 MiB, 98 %, 77, 64.71 W, 1230 MHz
2026/09/30 04:17:14.130, Tesla T4, 9391 MiB, 15360 MiB, 94 %, 77, 62.99 W, 945 MHz
2026/09/30 04:17:14.644, Tesla T4, 9391 MiB, 15360 MiB, 100 %, 77, 64.51 W, 915 MHz
2026/09/30 04:17:15.155, Tesla T4, 9391 MiB, 15360 MiB, 100 %, 77, 68.15 W, 795 MHz
2026/09/30 04:17:15.669, Tesla T4, 9391 MiB, 15360 MiB, 93 %, 77, 73.58 W, 885 MHz
2026/09/30 04:17:16.179, Tesla T4, 9391 MiB, 15360 MiB, 97 %, 77, 66.22 W, 990 MHz
2026/09/30 04:17:16.701, Tesla T4, 9391 MiB, 15360 MiB, 100 %, 77, 68.10 W, 1095 MHz
2026/09/30 04:17:17.227, Tesla T4, 9391 MiB, 15360 MiB, 89 %, 77, 64.95 W, 1005 MHz
2026/09/30 04:17:17.770, Tesla T4, 9391 MiB, 15360 MiB, 95 %, 77, 65.45 W, 945 MHz
2026/09/30 04:17:18.297, Tesla T4, 9391 MiB, 15360 MiB, 100 %, 77, 69.12 W, 795 MHz
2026/09/30 04:17:18.811, Tesla T4, 9391 MiB, 15360 MiB, 100 %, 77, 68.78 W, 945 MHz
2026/09/30 04:17:19.321, Tesla T4, 9391 MiB, 15360 MiB, 98 %, 77, 61.06 W, 1260 MHz
2026/09/30 04:17:19.838, Tesla T4, 9391 MiB, 15360 MiB, 72 %, 77, 66.73 W, 915 MHz
2026/09/30 04:17:20.346, Tesla T4, 9391 MiB, 15360 MiB, 100 %, 77, 67.31 W, 1035 MHz
2026/09/30 04:17:20.854, Tesla T4, 9391 MiB, 15360 MiB, 100 %, 77, 63.18 W, 1230 MHz
2026/09/30 04:17:21.366, Tesla T4, 9391 MiB, 15360 MiB, 94 %, 77, 69.56 W, 780 MHz
2026/09/30 04:17:21.885, Tesla T4, 9391 MiB, 15360 MiB, 98 %, 77, 67.12 W, 930 MHz
2026/09/30 04:17:22.393, Tesla T4, 9391 MiB, 15360 MiB, 98 %, 77, 67.70 W, 930 MHz
2026/09/30 04:17:22.901, Tesla T4, 9391 MiB, 15360 MiB, 80 %, 77, 67.16 W, 810 MHz
2026/09/30 04:17:23.409, Tesla T4, 9391 MiB, 15360 MiB, 100 %, 77, 65.40 W, 915 MHz
2026/09/30 04:17:23.917, Tesla T4, 9391 MiB, 15360 MiB, 97 %, 77, 66.16 W, 1290 MHz
2026/09/30 04:17:24.424, Tesla T4, 9391 MiB, 15360 MiB, 98 %, 77, 64.42 W, 930 MHz
2026/09/30 04:17:24.932, Tesla T4, 9391 MiB, 15360 MiB, 95 %, 77, 60.77 W, 930 MHz
2026/09/30 04:17:25.454, Tesla T4, 9391 MiB, 15360 MiB, 77 %, 77, 68.49 W, 765 MHz
2026/09/30 04:17:25.961, Tesla T4, 9391 MiB, 15360 MiB, 100 %, 77, 66.53 W, 915 MHz
2026/09/30 04:17:26.470, Tesla T4, 9391 MiB, 15360 MiB, 98 %, 77, 57.76 W, 1215 MHz
2026/09/30 04:17:26.977, Tesla T4, 9391 MiB, 15360 MiB, 98 %, 77, 62.89 W, 1140 MHz
2026/09/30 04:17:27.487, Tesla T4, 9391 MiB, 15360 MiB, 95 %, 78, 70.21 W, 990 MHz
2026/09/30 04:17:27.994, Tesla T4, 9391 MiB, 15360 MiB, 90 %, 77, 58.94 W, 1275 MHz
2026/09/30 04:17:28.503, Tesla T4, 9391 MiB, 15360 MiB, 97 %, 77, 68.92 W, 930 MHz
2026/09/30 04:17:29.023, Tesla T4, 9391 MiB, 15360 MiB, 100 %, 77, 65.63 W, 780 MHz
2026/09/30 04:17:29.562, Tesla T4, 9391 MiB, 15360 MiB, 100 %, 77, 75.63 W, 795 MHz
2026/09/30 04:17:30.100, Tesla T4, 9391 MiB, 15360 MiB, 98 %, 77, 66.38 W, 870 MHz
2026/09/30 04:17:30.618, Tesla T4, 9391 MiB, 15360 MiB, 88 %, 77, 60.83 W, 885 MHz
2026/09/30 04:17:31.135, Tesla T4, 9391 MiB, 15360 MiB, 97 %, 77, 66.43 W, 900 MHz
2026/09/30 04:17:31.644, Tesla T4, 9391 MiB, 15360 MiB, 100 %, 77, 74.46 W, 720 MHz
2026/09/30 04:17:32.156, Tesla T4, 9391 MiB, 15360 MiB, 100 %, 77, 63.61 W, 1140 MHz
2026/09/30 04:17:32.663, Tesla T4, 9391 MiB, 15360 MiB, 100 %, 77, 64.67 W, 960 MHz
2026/09/30 04:17:33.172, Tesla T4, 9391 MiB, 15360 MiB, 98 %, 77, 68.88 W, 885 MHz
2026/09/30 04:17:33.685, Tesla T4, 9391 MiB, 15360 MiB, 100 %, 78, 66.71 W, 660 MHz
2026/09/30 04:17:34.201, Tesla T4, 9391 MiB, 15360 MiB, 100 %, 77, 65.61 W, 915 MHz
2026/09/30 04:17:34.716, Tesla T4, 9391 MiB, 15360 MiB, 100 %, 77, 62.20 W, 1005 MHz
2026/09/30 04:17:35.238, Tesla T4, 9391 MiB, 15360 MiB, 100 %, 77, 52.60 W, 870 MHz
2026/09/30 04:17:35.759, Tesla T4, 9391 MiB, 15360 MiB, 98 %, 78, 64.22 W, 915 MHz
2026/09/30 04:17:36.273, Tesla T4, 9391 MiB, 15360 MiB, 93 %, 77, 66.43 W, 855 MHz
2026/09/30 04:17:36.785, Tesla T4, 9391 MiB, 15360 MiB, 100 %, 77, 66.28 W, 1215 MHz
2026/09/30 04:17:37.295, Tesla T4, 9391 MiB, 15360 MiB, 100 %, 77, 60.77 W, 1230 MHz
2026/09/30 04:17:37.827, Tesla T4, 9391 MiB, 15360 MiB, 75 %, 78, 68.35 W, 630 MHz
2026/09/30 04:17:38.343, Tesla T4, 9391 MiB, 15360 MiB, 100 %, 77, 66.10 W, 960 MHz
2026/09/30 04:17:38.874, Tesla T4, 9391 MiB, 15360 MiB, 100 %, 77, 62.20 W, 945 MHz
2026/09/30 04:17:39.389, Tesla T4, 9391 MiB, 15360 MiB, 94 %, 77, 70.24 W, 705 MHz
2026/09/30 04:17:39.922, Tesla T4, 9391 MiB, 15360 MiB, 98 %, 77, 76.86 W, 900 MHz
2026/09/30 04:17:40.433, Tesla T4, 9391 MiB, 15360 MiB, 97 %, 77, 68.15 W, 840 MHz
2026/09/30 04:17:40.963, Tesla T4, 9391 MiB, 15360 MiB, 92 %, 77, 66.28 W, 660 MHz
2026/09/30 04:17:41.475, Tesla T4, 9391 MiB, 15360 MiB, 97 %, 77, 65.26 W, 885 MHz
2026/09/30 04:17:42.009, Tesla T4, 9391 MiB, 15360 MiB, 98 %, 77, 67.70 W, 660 MHz
2026/09/30 04:17:42.544, Tesla T4, 9391 MiB, 15360 MiB, 100 %, 77, 58.73 W, 1395 MHz
2026/09/30 04:17:43.054, Tesla T4, 9391 MiB, 15360 MiB, 93 %, 77, 65.30 W, 1365 MHz
2026/09/30 04:17:43.565, Tesla T4, 9391 MiB, 15360 MiB, 100 %, 77, 57.28 W, 1290 MHz
2026/09/30 04:17:44.072, Tesla T4, 9391 MiB, 15360 MiB, 7 %, 76, 44.65 W, 1590 MHz
2026/09/30 04:17:44.577, Tesla T4, 9391 MiB, 15360 MiB, 0 %, 76, 45.34 W, 1590 MHz
2026/09/30 04:17:45.082, Tesla T4, 9391 MiB, 15360 MiB, 0 %, 76, 45.44 W, 1590 MHz
2026/09/30 04:17:45.589, Tesla T4, 9391 MiB, 15360 MiB, 0 %, 76, 45.15 W, 1590 MHz
2026/09/30 04:17:46.094, Tesla T4, 9391 MiB, 15360 MiB, 0 %, 75, 33.33 W, 585 MHz
2026/09/30 04:17:46.600, Tesla T4, 9391 MiB, 15360 MiB, 0 %, 75, 33.23 W, 585 MHz
2026/09/30 04:17:47.107, Tesla T4, 9391 MiB, 15360 MiB, 0 %, 74, 33.13 W, 585 MHz
2026/09/30 04:17:47.614, Tesla T4, 9391 MiB, 15360 MiB, 0 %, 74, 33.03 W, 585 MHz
2026/09/30 04:17:48.121, Tesla T4, 9391 MiB, 15360 MiB, 0 %, 74, 33.03 W, 585 MHz
2026/09/30 04:17:48.629, Tesla T4, 0 MiB, 15360 MiB, 6 %, 74, 36.07 W, 585 MHz
2026/09/30 04:17:49.224, Tesla T4, 0 MiB, 15360 MiB, 58 %, 74, 44.46 W, 1590 MHz
2026/09/30 04:17:49.729, Tesla T4, 0 MiB, 15360 MiB, 0 %, 74, 44.26 W, 1590 MHz
2026/09/30 04:17:50.234, Tesla T4, 0 MiB, 15360 MiB, 0 %, 74, 44.26 W, 1590 MHz
2026/09/30 04:17:50.739, Tesla T4, 0 MiB, 15360 MiB, 0 %, 74, 44.26 W, 1590 MHz
2026/09/30 04:17:51.244, Tesla T4, 0 MiB, 15360 MiB, 0 %, 73, 32.54 W, 345 MHz
2026/09/30 04:17:51.753, Tesla T4, 0 MiB, 15360 MiB, 0 %, 73, 32.54 W, 345 MHz
2026/09/30 04:17:52.260, Tesla T4, 0 MiB, 15360 MiB, 0 %, 72, 17.78 W, 345 MHz
2026/09/30 04:17:52.771, Tesla T4, 0 MiB, 15360 MiB, 0 %, 72, 13.52 W, 300 MHz
2026/09/30 04:17:53.282, Tesla T4, 0 MiB, 15360 MiB, 0 %, 71, 13.42 W, 300 MHz
2026/09/30 04:17:53.793, Tesla T4, 0 MiB, 15360 MiB, 0 %, 71, 13.42 W, 300 MHz
2026/09/30 04:17:54.304, Tesla T4, 0 MiB, 15360 MiB, 0 %, 71, 13.23 W, 300 MHz
2026/09/30 04:17:54.835, Tesla T4, 0 MiB, 15360 MiB, 0 %, 70, 13.13 W, 300 MHz
2026/09/30 04:17:55.364, Tesla T4, 0 MiB, 15360 MiB, 0 %, 70, 13.13 W, 300 MHz
2026/09/30 04:17:55.881, Tesla T4, 0 MiB, 15360 MiB, 0 %, 70, 13.13 W, 300 MHz
2026/09/30 04:17:56.392, Tesla T4, 0 MiB, 15360 MiB, 0 %, 70, 13.13 W, 300 MHz
2026/09/30 04:17:56.902, Tesla T4, 0 MiB, 15360 MiB, 0 %, 70, 13.03 W, 300 MHz
2026/09/30 04:17:57.436, Tesla T4, 0 MiB, 15360 MiB, 0 %, 69, 14.12 W, 300 MHz
2026/09/30 04:17:57.948, Tesla T4, 0 MiB, 15360 MiB, 0 %, 69, 13.03 W, 300 MHz
2026/09/30 04:17:58.459, Tesla T4, 0 MiB, 15360 MiB, 0 %, 69, 13.23 W, 300 MHz
2026/09/30 04:17:58.969, Tesla T4, 0 MiB, 15360 MiB, 0 %, 69, 13.03 W, 300 MHz
2026/09/30 04:17:59.480, Tesla T4, 0 MiB, 15360 MiB, 0 %, 69, 13.13 W, 300 MHz
2026/09/30 04:17:59.991, Tesla T4, 0 MiB, 15360 MiB, 0 %, 69, 13.03 W, 300 MHz
2026/09/30 04:18:00.502, Tesla T4, 0 MiB, 15360 MiB, 0 %, 69, 12.93 W, 300 MHz
2026/09/30 04:18:01.012, Tesla T4, 0 MiB, 15360 MiB, 0 %, 68, 12.93 W, 300 MHz
2026/09/30 04:18:01.523, Tesla T4, 0 MiB, 15360 MiB, 0 %, 68, 12.93 W, 300 MHz
2026/09/30 04:18:02.033, Tesla T4, 0 MiB, 15360 MiB, 0 %, 68, 13.03 W, 300 MHz
2026/09/30 04:18:02.544, Tesla T4, 0 MiB, 15360 MiB, 0 %, 68, 13.13 W, 300 MHz
2026/09/30 04:18:03.054, Tesla T4, 0 MiB, 15360 MiB, 0 %, 68, 13.03 W, 300 MHz
2026/09/30 04:18:03.565, Tesla T4, 0 MiB, 15360 MiB, 0 %, 68, 13.23 W, 300 MHz
2026/09/30 04:18:04.075, Tesla T4, 0 MiB, 15360 MiB, 0 %, 68, 13.23 W, 300 MHz
2026/09/30 04:18:04.586, Tesla T4, 0 MiB, 15360 MiB, 0 %, 68, 13.03 W, 300 MHz
2026/09/30 04:18:05.096, Tesla T4, 0 MiB, 15360 MiB, 0 %, 67, 12.93 W, 300 MHz
2026/09/30 04:18:05.606, Tesla T4, 3 MiB, 15360 MiB, 0 %, 68, 13.03 W, 300 MHz
2026/09/30 04:18:06.117, Tesla T4, 3 MiB, 15360 MiB, 0 %, 67, 12.93 W, 300 MHz
2026/09/30 04:18:06.629, Tesla T4, 3 MiB, 15360 MiB, 0 %, 67, 12.83 W, 300 MHz
2026/09/30 04:18:07.143, Tesla T4, 3 MiB, 15360 MiB, 0 %, 67, 13.13 W, 300 MHz
2026/09/30 04:18:07.655, Tesla T4, 3 MiB, 15360 MiB, 0 %, 67, 12.83 W, 300 MHz
2026/09/30 04:18:08.167, Tesla T4, 3 MiB, 15360 MiB, 0 %, 67, 12.83 W, 300 MHz
2026/09/30 04:18:08.693, Tesla T4, 3 MiB, 15360 MiB, 0 %, 67, 13.03 W, 300 MHz
2026/09/30 04:18:09.204, Tesla T4, 3 MiB, 15360 MiB, 0 %, 67, 12.93 W, 300 MHz
2026/09/30 04:18:09.716, Tesla T4, 3 MiB, 15360 MiB, 0 %, 67, 12.83 W, 300 MHz
2026/09/30 04:18:10.228, Tesla T4, 3 MiB, 15360 MiB, 0 %, 67, 13.03 W, 300 MHz
2026/09/30 04:18:10.738, Tesla T4, 3 MiB, 15360 MiB, 0 %, 67, 13.03 W, 300 MHz
2026/09/30 04:18:11.255, Tesla T4, 3 MiB, 15360 MiB, 0 %, 67, 12.83 W, 300 MHz
2026/09/30 04:18:11.765, Tesla T4, 3 MiB, 15360 MiB, 0 %, 66, 12.73 W, 300 MHz
2026/09/30 04:18:12.281, Tesla T4, 3 MiB, 15360 MiB, 0 %, 66, 12.83 W, 300 MHz
2026/09/30 04:18:12.792, Tesla T4, 3 MiB, 15360 MiB, 0 %, 66, 13.13 W, 300 MHz
2026/09/30 04:18:13.302, Tesla T4, 625 MiB, 15360 MiB, 23 %, 67, 32.05 W, 585 MHz
2026/09/30 04:18:13.810, Tesla T4, 2105 MiB, 15360 MiB, 30 %, 67, 31.45 W, 585 MHz
2026/09/30 04:18:14.334, Tesla T4, 2119 MiB, 15360 MiB, 2 %, 67, 31.55 W, 585 MHz
2026/09/30 04:18:14.840, Tesla T4, 2145 MiB, 15360 MiB, 0 %, 67, 31.65 W, 585 MHz
2026/09/30 04:18:15.347, Tesla T4, 2153 MiB, 15360 MiB, 0 %, 67, 31.55 W, 585 MHz
2026/09/30 04:18:15.855, Tesla T4, 2231 MiB, 15360 MiB, 0 %, 68, 32.34 W, 585 MHz
2026/09/30 04:18:16.364, Tesla T4, 2819 MiB, 15360 MiB, 93 %, 69, 64.95 W, 870 MHz
2026/09/30 04:18:16.872, Tesla T4, 3415 MiB, 15360 MiB, 99 %, 70, 68.33 W, 855 MHz
2026/09/30 04:18:17.379, Tesla T4, 3415 MiB, 15360 MiB, 98 %, 70, 62.97 W, 795 MHz
2026/09/30 04:18:17.886, Tesla T4, 3415 MiB, 15360 MiB, 97 %, 71, 65.45 W, 870 MHz
2026/09/30 04:18:18.394, Tesla T4, 3415 MiB, 15360 MiB, 99 %, 71, 66.67 W, 795 MHz
2026/09/30 04:18:18.903, Tesla T4, 3415 MiB, 15360 MiB, 98 %, 71, 70.25 W, 1080 MHz
2026/09/30 04:18:19.420, Tesla T4, 3417 MiB, 15360 MiB, 98 %, 71, 67.26 W, 795 MHz
2026/09/30 04:18:19.936, Tesla T4, 3417 MiB, 15360 MiB, 99 %, 72, 72.06 W, 675 MHz
2026/09/30 04:18:20.458, Tesla T4, 3417 MiB, 15360 MiB, 98 %, 72, 64.89 W, 855 MHz
2026/09/30 04:18:20.980, Tesla T4, 3417 MiB, 15360 MiB, 99 %, 72, 70.11 W, 840 MHz
2026/09/30 04:18:21.500, Tesla T4, 3417 MiB, 15360 MiB, 85 %, 72, 67.02 W, 660 MHz
2026/09/30 04:18:22.008, Tesla T4, 3417 MiB, 15360 MiB, 98 %, 72, 67.21 W, 675 MHz
2026/09/30 04:18:22.515, Tesla T4, 3417 MiB, 15360 MiB, 99 %, 73, 63.38 W, 840 MHz
2026/09/30 04:18:23.023, Tesla T4, 3417 MiB, 15360 MiB, 99 %, 73, 67.55 W, 810 MHz
2026/09/30 04:18:23.531, Tesla T4, 3417 MiB, 15360 MiB, 97 %, 73, 66.24 W, 870 MHz
2026/09/30 04:18:24.045, Tesla T4, 3417 MiB, 15360 MiB, 98 %, 73, 62.20 W, 840 MHz
2026/09/30 04:18:24.552, Tesla T4, 3417 MiB, 15360 MiB, 98 %, 74, 68.33 W, 855 MHz
2026/09/30 04:18:25.059, Tesla T4, 3417 MiB, 15360 MiB, 95 %, 74, 69.52 W, 855 MHz
2026/09/30 04:18:25.567, Tesla T4, 3417 MiB, 15360 MiB, 98 %, 74, 65.04 W, 795 MHz
2026/09/30 04:18:26.074, Tesla T4, 3417 MiB, 15360 MiB, 98 %, 74, 66.42 W, 795 MHz
2026/09/30 04:18:26.583, Tesla T4, 3417 MiB, 15360 MiB, 98 %, 74, 64.95 W, 810 MHz
2026/09/30 04:18:27.091, Tesla T4, 3417 MiB, 15360 MiB, 98 %, 75, 64.91 W, 765 MHz
2026/09/30 04:18:27.609, Tesla T4, 3417 MiB, 15360 MiB, 98 %, 75, 65.30 W, 840 MHz
2026/09/30 04:18:28.117, Tesla T4, 3417 MiB, 15360 MiB, 98 %, 75, 66.92 W, 660 MHz
2026/09/30 04:18:28.625, Tesla T4, 3417 MiB, 15360 MiB, 98 %, 75, 66.28 W, 750 MHz
2026/09/30 04:18:29.133, Tesla T4, 3417 MiB, 15360 MiB, 98 %, 75, 64.51 W, 855 MHz
2026/09/30 04:18:29.640, Tesla T4, 3417 MiB, 15360 MiB, 98 %, 75, 64.22 W, 630 MHz
2026/09/30 04:18:30.149, Tesla T4, 3417 MiB, 15360 MiB, 99 %, 76, 61.75 W, 795 MHz
2026/09/30 04:18:30.662, Tesla T4, 3417 MiB, 15360 MiB, 99 %, 76, 68.10 W, 765 MHz
2026/09/30 04:18:31.171, Tesla T4, 3417 MiB, 15360 MiB, 99 %, 76, 65.85 W, 780 MHz
2026/09/30 04:18:31.680, Tesla T4, 3417 MiB, 15360 MiB, 98 %, 76, 66.20 W, 780 MHz
2026/09/30 04:18:32.188, Tesla T4, 3417 MiB, 15360 MiB, 99 %, 76, 68.35 W, 660 MHz
2026/09/30 04:18:32.722, Tesla T4, 3417 MiB, 15360 MiB, 99 %, 77, 67.55 W, 720 MHz
2026/09/30 04:18:33.237, Tesla T4, 3417 MiB, 15360 MiB, 95 %, 77, 66.08 W, 735 MHz
2026/09/30 04:18:33.759, Tesla T4, 3417 MiB, 15360 MiB, 99 %, 77, 68.19 W, 780 MHz
2026/09/30 04:18:34.272, Tesla T4, 3417 MiB, 15360 MiB, 97 %, 77, 65.49 W, 810 MHz
2026/09/30 04:18:34.780, Tesla T4, 3417 MiB, 15360 MiB, 99 %, 77, 67.75 W, 735 MHz
2026/09/30 04:18:35.296, Tesla T4, 3417 MiB, 15360 MiB, 99 %, 77, 68.68 W, 735 MHz
2026/09/30 04:18:35.803, Tesla T4, 3417 MiB, 15360 MiB, 98 %, 77, 62.63 W, 735 MHz
2026/09/30 04:18:36.311, Tesla T4, 3417 MiB, 15360 MiB, 98 %, 77, 67.61 W, 720 MHz
2026/09/30 04:18:36.819, Tesla T4, 3417 MiB, 15360 MiB, 99 %, 78, 65.24 W, 780 MHz
2026/09/30 04:18:37.327, Tesla T4, 3417 MiB, 15360 MiB, 99 %, 78, 72.16 W, 720 MHz
2026/09/30 04:18:37.842, Tesla T4, 3417 MiB, 15360 MiB, 99 %, 78, 66.86 W, 825 MHz
2026/09/30 04:18:38.351, Tesla T4, 3417 MiB, 15360 MiB, 99 %, 78, 67.55 W, 765 MHz
2026/09/30 04:18:38.858, Tesla T4, 3417 MiB, 15360 MiB, 98 %, 78, 66.96 W, 765 MHz
2026/09/30 04:18:39.366, Tesla T4, 3417 MiB, 15360 MiB, 98 %, 79, 67.61 W, 810 MHz
2026/09/30 04:18:39.873, Tesla T4, 3417 MiB, 15360 MiB, 99 %, 79, 68.04 W, 705 MHz
2026/09/30 04:18:40.381, Tesla T4, 3417 MiB, 15360 MiB, 99 %, 79, 64.71 W, 765 MHz
2026/09/30 04:18:40.889, Tesla T4, 3417 MiB, 15360 MiB, 98 %, 79, 62.99 W, 735 MHz
2026/09/30 04:18:41.403, Tesla T4, 3417 MiB, 15360 MiB, 99 %, 79, 65.30 W, 765 MHz
2026/09/30 04:18:41.911, Tesla T4, 3417 MiB, 15360 MiB, 91 %, 79, 66.53 W, 750 MHz
2026/09/30 04:18:42.419, Tesla T4, 3417 MiB, 15360 MiB, 99 %, 79, 73.09 W, 675 MHz
2026/09/30 04:18:42.926, Tesla T4, 3417 MiB, 15360 MiB, 99 %, 79, 68.68 W, 630 MHz
2026/09/30 04:18:43.435, Tesla T4, 3417 MiB, 15360 MiB, 99 %, 80, 66.77 W, 750 MHz
2026/09/30 04:18:43.943, Tesla T4, 3417 MiB, 15360 MiB, 98 %, 80, 63.83 W, 750 MHz
2026/09/30 04:18:44.452, Tesla T4, 3417 MiB, 15360 MiB, 98 %, 80, 67.80 W, 705 MHz
2026/09/30 04:18:44.973, Tesla T4, 3417 MiB, 15360 MiB, 96 %, 80, 58.45 W, 900 MHz
2026/09/30 04:18:45.495, Tesla T4, 3419 MiB, 15360 MiB, 98 %, 80, 67.86 W, 780 MHz
2026/09/30 04:18:46.010, Tesla T4, 3419 MiB, 15360 MiB, 98 %, 80, 68.39 W, 570 MHz
2026/09/30 04:18:46.533, Tesla T4, 3419 MiB, 15360 MiB, 99 %, 80, 66.47 W, 750 MHz
2026/09/30 04:18:47.048, Tesla T4, 3419 MiB, 15360 MiB, 96 %, 80, 71.87 W, 720 MHz
2026/09/30 04:18:47.558, Tesla T4, 3419 MiB, 15360 MiB, 99 %, 80, 64.22 W, 675 MHz
2026/09/30 04:18:48.066, Tesla T4, 3419 MiB, 15360 MiB, 99 %, 81, 66.86 W, 720 MHz
2026/09/30 04:18:48.573, Tesla T4, 3419 MiB, 15360 MiB, 98 %, 81, 69.81 W, 735 MHz
2026/09/30 04:18:49.081, Tesla T4, 3419 MiB, 15360 MiB, 99 %, 81, 64.42 W, 720 MHz
2026/09/30 04:18:49.588, Tesla T4, 3419 MiB, 15360 MiB, 99 %, 81, 66.96 W, 720 MHz
2026/09/30 04:18:50.096, Tesla T4, 3419 MiB, 15360 MiB, 98 %, 81, 66.47 W, 705 MHz
2026/09/30 04:18:50.604, Tesla T4, 3419 MiB, 15360 MiB, 97 %, 81, 61.32 W, 795 MHz
2026/09/30 04:18:51.113, Tesla T4, 3419 MiB, 15360 MiB, 98 %, 81, 61.36 W, 750 MHz
2026/09/30 04:18:51.627, Tesla T4, 3419 MiB, 15360 MiB, 98 %, 81, 69.91 W, 720 MHz
2026/09/30 04:18:52.136, Tesla T4, 3419 MiB, 15360 MiB, 94 %, 81, 69.13 W, 1050 MHz
2026/09/30 04:18:52.642, Tesla T4, 3419 MiB, 15360 MiB, 99 %, 81, 64.75 W, 750 MHz
2026/09/30 04:18:53.149, Tesla T4, 3419 MiB, 15360 MiB, 99 %, 81, 66.57 W, 765 MHz
2026/09/30 04:18:53.657, Tesla T4, 3419 MiB, 15360 MiB, 99 %, 81, 63.83 W, 795 MHz
2026/09/30 04:18:54.164, Tesla T4, 3419 MiB, 15360 MiB, 99 %, 81, 66.82 W, 735 MHz
2026/09/30 04:18:54.672, Tesla T4, 3419 MiB, 15360 MiB, 99 %, 81, 68.24 W, 765 MHz
2026/09/30 04:18:55.180, Tesla T4, 3419 MiB, 15360 MiB, 99 %, 81, 66.96 W, 720 MHz
2026/09/30 04:18:55.691, Tesla T4, 3419 MiB, 15360 MiB, 98 %, 81, 71.63 W, 705 MHz
2026/09/30 04:18:56.201, Tesla T4, 3419 MiB, 15360 MiB, 99 %, 81, 71.82 W, 660 MHz
2026/09/30 04:18:56.709, Tesla T4, 3419 MiB, 15360 MiB, 99 %, 81, 60.08 W, 825 MHz
2026/09/30 04:18:57.217, Tesla T4, 3419 MiB, 15360 MiB, 74 %, 81, 71.48 W, 795 MHz
2026/09/30 04:18:57.731, Tesla T4, 3419 MiB, 15360 MiB, 97 %, 81, 66.14 W, 705 MHz
2026/09/30 04:18:58.249, Tesla T4, 3419 MiB, 15360 MiB, 98 %, 81, 66.04 W, 750 MHz
2026/09/30 04:18:58.789, Tesla T4, 3419 MiB, 15360 MiB, 99 %, 81, 67.41 W, 810 MHz
2026/09/30 04:18:59.306, Tesla T4, 3419 MiB, 15360 MiB, 97 %, 81, 66.53 W, 705 MHz
2026/09/30 04:18:59.835, Tesla T4, 3419 MiB, 15360 MiB, 98 %, 81, 66.47 W, 675 MHz
2026/09/30 04:19:00.345, Tesla T4, 3419 MiB, 15360 MiB, 99 %, 81, 65.65 W, 705 MHz
2026/09/30 04:19:00.854, Tesla T4, 3419 MiB, 15360 MiB, 99 %, 80, 67.41 W, 810 MHz
2026/09/30 04:19:01.361, Tesla T4, 3419 MiB, 15360 MiB, 97 %, 80, 69.06 W, 720 MHz
2026/09/30 04:19:01.869, Tesla T4, 3419 MiB, 15360 MiB, 99 %, 80, 65.89 W, 720 MHz
2026/09/30 04:19:02.377, Tesla T4, 3419 MiB, 15360 MiB, 99 %, 80, 66.47 W, 855 MHz
2026/09/30 04:19:02.891, Tesla T4, 3419 MiB, 15360 MiB, 100 %, 80, 67.41 W, 735 MHz
2026/09/30 04:19:03.399, Tesla T4, 3419 MiB, 15360 MiB, 99 %, 80, 67.51 W, 705 MHz
2026/09/30 04:19:03.906, Tesla T4, 3419 MiB, 15360 MiB, 99 %, 80, 65.69 W, 615 MHz
2026/09/30 04:19:04.414, Tesla T4, 3419 MiB, 15360 MiB, 97 %, 80, 67.61 W, 750 MHz
2026/09/30 04:19:04.923, Tesla T4, 3419 MiB, 15360 MiB, 99 %, 79, 61.00 W, 795 MHz
2026/09/30 04:19:05.437, Tesla T4, 3419 MiB, 15360 MiB, 99 %, 79, 66.28 W, 750 MHz
2026/09/30 04:19:05.946, Tesla T4, 3419 MiB, 15360 MiB, 99 %, 79, 66.32 W, 750 MHz
2026/09/30 04:19:06.460, Tesla T4, 3419 MiB, 15360 MiB, 99 %, 79, 73.29 W, 690 MHz
2026/09/30 04:19:06.974, Tesla T4, 3419 MiB, 15360 MiB, 99 %, 79, 66.24 W, 630 MHz
2026/09/30 04:19:07.494, Tesla T4, 3419 MiB, 15360 MiB, 99 %, 79, 66.73 W, 750 MHz
2026/09/30 04:19:08.004, Tesla T4, 3419 MiB, 15360 MiB, 96 %, 79, 70.60 W, 720 MHz
2026/09/30 04:19:08.523, Tesla T4, 3419 MiB, 15360 MiB, 99 %, 78, 67.45 W, 600 MHz
2026/09/30 04:19:09.032, Tesla T4, 3419 MiB, 15360 MiB, 98 %, 78, 66.28 W, 765 MHz
2026/09/30 04:19:09.555, Tesla T4, 3419 MiB, 15360 MiB, 99 %, 78, 72.02 W, 825 MHz
2026/09/30 04:19:10.063, Tesla T4, 3419 MiB, 15360 MiB, 98 %, 78, 68.19 W, 840 MHz
2026/09/30 04:19:10.582, Tesla T4, 3419 MiB, 15360 MiB, 51 %, 78, 65.20 W, 825 MHz
2026/09/30 04:19:11.111, Tesla T4, 3419 MiB, 15360 MiB, 99 %, 78, 67.90 W, 720 MHz
2026/09/30 04:19:11.627, Tesla T4, 3419 MiB, 15360 MiB, 98 %, 78, 66.96 W, 765 MHz
2026/09/30 04:19:12.147, Tesla T4, 3419 MiB, 15360 MiB, 81 %, 78, 61.07 W, 795 MHz
2026/09/30 04:19:12.664, Tesla T4, 3419 MiB, 15360 MiB, 89 %, 78, 66.86 W, 690 MHz
2026/09/30 04:19:13.176, Tesla T4, 3419 MiB, 15360 MiB, 99 %, 78, 68.00 W, 750 MHz
2026/09/30 04:19:13.684, Tesla T4, 3419 MiB, 15360 MiB, 99 %, 78, 67.45 W, 855 MHz
2026/09/30 04:19:14.191, Tesla T4, 3419 MiB, 15360 MiB, 98 %, 78, 66.28 W, 735 MHz
2026/09/30 04:19:14.699, Tesla T4, 3419 MiB, 15360 MiB, 98 %, 77, 66.24 W, 660 MHz
2026/09/30 04:19:15.208, Tesla T4, 3419 MiB, 15360 MiB, 99 %, 77, 67.31 W, 750 MHz
2026/09/30 04:19:15.721, Tesla T4, 3419 MiB, 15360 MiB, 96 %, 77, 71.18 W, 735 MHz
2026/09/30 04:19:16.230, Tesla T4, 3419 MiB, 15360 MiB, 99 %, 77, 71.08 W, 900 MHz
2026/09/30 04:19:16.737, Tesla T4, 3419 MiB, 15360 MiB, 98 %, 77, 70.01 W, 795 MHz
2026/09/30 04:19:17.245, Tesla T4, 3419 MiB, 15360 MiB, 96 %, 77, 71.28 W, 795 MHz
2026/09/30 04:19:17.753, Tesla T4, 3419 MiB, 15360 MiB, 98 %, 77, 60.38 W, 735 MHz
2026/09/30 04:19:18.261, Tesla T4, 3419 MiB, 15360 MiB, 99 %, 77, 65.81 W, 870 MHz
2026/09/30 04:19:18.775, Tesla T4, 3419 MiB, 15360 MiB, 93 %, 77, 69.13 W, 930 MHz
2026/09/30 04:19:19.283, Tesla T4, 3419 MiB, 15360 MiB, 99 %, 77, 66.43 W, 825 MHz
2026/09/30 04:19:19.790, Tesla T4, 3419 MiB, 15360 MiB, 92 %, 77, 72.02 W, 945 MHz
2026/09/30 04:19:20.297, Tesla T4, 3419 MiB, 15360 MiB, 95 %, 76, 63.08 W, 945 MHz
2026/09/30 04:19:20.804, Tesla T4, 3419 MiB, 15360 MiB, 98 %, 77, 64.92 W, 840 MHz
2026/09/30 04:19:21.311, Tesla T4, 3419 MiB, 15360 MiB, 99 %, 77, 67.02 W, 810 MHz
2026/09/30 04:19:21.819, Tesla T4, 3419 MiB, 15360 MiB, 98 %, 76, 64.96 W, 780 MHz
2026/09/30 04:19:22.327, Tesla T4, 3419 MiB, 15360 MiB, 99 %, 76, 67.51 W, 780 MHz
2026/09/30 04:19:22.835, Tesla T4, 3419 MiB, 15360 MiB, 99 %, 76, 69.32 W, 630 MHz
2026/09/30 04:19:23.366, Tesla T4, 3419 MiB, 15360 MiB, 97 %, 76, 67.26 W, 660 MHz
2026/09/30 04:19:23.885, Tesla T4, 3419 MiB, 15360 MiB, 99 %, 76, 67.51 W, 615 MHz
2026/09/30 04:19:24.417, Tesla T4, 3419 MiB, 15360 MiB, 98 %, 76, 64.92 W, 780 MHz
2026/09/30 04:19:24.932, Tesla T4, 3419 MiB, 15360 MiB, 89 %, 76, 64.22 W, 900 MHz
2026/09/30 04:19:25.449, Tesla T4, 3419 MiB, 15360 MiB, 99 %, 76, 67.02 W, 795 MHz
2026/09/30 04:19:25.957, Tesla T4, 3419 MiB, 15360 MiB, 97 %, 76, 72.41 W, 615 MHz
2026/09/30 04:19:26.465, Tesla T4, 3419 MiB, 15360 MiB, 99 %, 76, 66.98 W, 795 MHz
2026/09/30 04:19:26.973, Tesla T4, 3419 MiB, 15360 MiB, 99 %, 76, 67.31 W, 810 MHz
2026/09/30 04:19:27.480, Tesla T4, 3419 MiB, 15360 MiB, 99 %, 76, 66.67 W, 795 MHz
2026/09/30 04:19:27.989, Tesla T4, 3419 MiB, 15360 MiB, 99 %, 76, 64.22 W, 825 MHz
2026/09/30 04:19:28.503, Tesla T4, 3419 MiB, 15360 MiB, 94 %, 76, 70.41 W, 855 MHz
2026/09/30 04:19:29.010, Tesla T4, 3419 MiB, 15360 MiB, 95 %, 76, 67.26 W, 810 MHz
2026/09/30 04:19:29.517, Tesla T4, 3419 MiB, 15360 MiB, 99 %, 76, 68.39 W, 840 MHz
2026/09/30 04:19:30.025, Tesla T4, 3419 MiB, 15360 MiB, 97 %, 76, 60.05 W, 780 MHz
2026/09/30 04:19:30.532, Tesla T4, 3419 MiB, 15360 MiB, 99 %, 76, 68.10 W, 870 MHz
2026/09/30 04:19:31.041, Tesla T4, 3419 MiB, 15360 MiB, 99 %, 76, 70.74 W, 765 MHz
2026/09/30 04:19:31.550, Tesla T4, 3419 MiB, 15360 MiB, 98 %, 76, 63.28 W, 855 MHz
2026/09/30 04:19:32.060, Tesla T4, 3419 MiB, 15360 MiB, 98 %, 76, 60.44 W, 855 MHz
2026/09/30 04:19:32.567, Tesla T4, 3419 MiB, 15360 MiB, 99 %, 76, 67.21 W, 810 MHz
2026/09/30 04:19:33.075, Tesla T4, 3419 MiB, 15360 MiB, 99 %, 76, 63.08 W, 795 MHz
2026/09/30 04:19:33.582, Tesla T4, 3419 MiB, 15360 MiB, 99 %, 76, 65.59 W, 840 MHz
2026/09/30 04:19:34.090, Tesla T4, 3419 MiB, 15360 MiB, 98 %, 75, 67.70 W, 855 MHz
2026/09/30 04:19:34.617, Tesla T4, 3419 MiB, 15360 MiB, 99 %, 76, 68.98 W, 855 MHz
2026/09/30 04:19:35.136, Tesla T4, 3419 MiB, 15360 MiB, 79 %, 75, 70.64 W, 1425 MHz
2026/09/30 04:19:35.645, Tesla T4, 3419 MiB, 15360 MiB, 93 %, 76, 65.00 W, 825 MHz
2026/09/30 04:19:36.173, Tesla T4, 3419 MiB, 15360 MiB, 97 %, 76, 67.45 W, 810 MHz
2026/09/30 04:19:36.688, Tesla T4, 3419 MiB, 15360 MiB, 97 %, 75, 71.24 W, 765 MHz
2026/09/30 04:19:37.203, Tesla T4, 3419 MiB, 15360 MiB, 98 %, 75, 61.95 W, 840 MHz
2026/09/30 04:19:37.721, Tesla T4, 3419 MiB, 15360 MiB, 27 %, 76, 86.80 W, 690 MHz
2026/09/30 04:19:38.231, Tesla T4, 3419 MiB, 15360 MiB, 99 %, 76, 66.77 W, 780 MHz
2026/09/30 04:19:38.739, Tesla T4, 3419 MiB, 15360 MiB, 99 %, 76, 65.00 W, 810 MHz
2026/09/30 04:19:39.246, Tesla T4, 3419 MiB, 15360 MiB, 97 %, 76, 65.59 W, 810 MHz
2026/09/30 04:19:39.754, Tesla T4, 3419 MiB, 15360 MiB, 97 %, 76, 73.09 W, 750 MHz
2026/09/30 04:19:40.262, Tesla T4, 3419 MiB, 15360 MiB, 99 %, 76, 67.26 W, 825 MHz
2026/09/30 04:19:40.770, Tesla T4, 3419 MiB, 15360 MiB, 98 %, 75, 65.20 W, 885 MHz
2026/09/30 04:19:41.283, Tesla T4, 3419 MiB, 15360 MiB, 99 %, 75, 72.21 W, 780 MHz
2026/09/30 04:19:41.791, Tesla T4, 3419 MiB, 15360 MiB, 99 %, 76, 64.81 W, 795 MHz
2026/09/30 04:19:42.299, Tesla T4, 3419 MiB, 15360 MiB, 98 %, 76, 67.16 W, 645 MHz
2026/09/30 04:19:42.808, Tesla T4, 3419 MiB, 15360 MiB, 99 %, 76, 67.12 W, 615 MHz
2026/09/30 04:19:43.316, Tesla T4, 3419 MiB, 15360 MiB, 95 %, 76, 69.23 W, 795 MHz
2026/09/30 04:19:43.824, Tesla T4, 3419 MiB, 15360 MiB, 98 %, 76, 67.31 W, 825 MHz
2026/09/30 04:19:44.344, Tesla T4, 3419 MiB, 15360 MiB, 94 %, 76, 64.22 W, 735 MHz
2026/09/30 04:19:44.852, Tesla T4, 3419 MiB, 15360 MiB, 98 %, 76, 68.29 W, 765 MHz
2026/09/30 04:19:45.360, Tesla T4, 3419 MiB, 15360 MiB, 98 %, 76, 68.68 W, 780 MHz
2026/09/30 04:19:45.867, Tesla T4, 3419 MiB, 15360 MiB, 95 %, 76, 67.17 W, 810 MHz
2026/09/30 04:19:46.375, Tesla T4, 3419 MiB, 15360 MiB, 98 %, 76, 69.07 W, 810 MHz
2026/09/30 04:19:46.883, Tesla T4, 3419 MiB, 15360 MiB, 96 %, 76, 65.69 W, 810 MHz
2026/09/30 04:19:47.391, Tesla T4, 3419 MiB, 15360 MiB, 83 %, 76, 67.51 W, 765 MHz
2026/09/30 04:19:47.906, Tesla T4, 3419 MiB, 15360 MiB, 95 %, 76, 64.75 W, 825 MHz
2026/09/30 04:19:48.421, Tesla T4, 3419 MiB, 15360 MiB, 98 %, 76, 70.99 W, 780 MHz
2026/09/30 04:19:48.942, Tesla T4, 3419 MiB, 15360 MiB, 98 %, 76, 72.85 W, 735 MHz
2026/09/30 04:19:49.456, Tesla T4, 3419 MiB, 15360 MiB, 97 %, 76, 65.30 W, 825 MHz
2026/09/30 04:19:49.980, Tesla T4, 3419 MiB, 15360 MiB, 99 %, 76, 66.77 W, 840 MHz
2026/09/30 04:19:50.500, Tesla T4, 3419 MiB, 15360 MiB, 98 %, 76, 67.26 W, 765 MHz
2026/09/30 04:19:51.008, Tesla T4, 3419 MiB, 15360 MiB, 99 %, 76, 71.38 W, 750 MHz
2026/09/30 04:19:51.516, Tesla T4, 3419 MiB, 15360 MiB, 99 %, 76, 63.57 W, 870 MHz
2026/09/30 04:19:52.023, Tesla T4, 3419 MiB, 15360 MiB, 93 %, 76, 68.98 W, 675 MHz
2026/09/30 04:19:52.531, Tesla T4, 3419 MiB, 15360 MiB, 99 %, 76, 68.10 W, 630 MHz
2026/09/30 04:19:53.040, Tesla T4, 3419 MiB, 15360 MiB, 99 %, 76, 61.52 W, 795 MHz
2026/09/30 04:19:53.552, Tesla T4, 3419 MiB, 15360 MiB, 99 %, 76, 65.45 W, 765 MHz
2026/09/30 04:19:54.063, Tesla T4, 3419 MiB, 15360 MiB, 98 %, 76, 62.50 W, 750 MHz
2026/09/30 04:19:54.571, Tesla T4, 3419 MiB, 15360 MiB, 99 %, 76, 65.59 W, 825 MHz
2026/09/30 04:19:55.079, Tesla T4, 3419 MiB, 15360 MiB, 97 %, 76, 66.47 W, 825 MHz
2026/09/30 04:19:55.586, Tesla T4, 3419 MiB, 15360 MiB, 96 %, 76, 66.86 W, 900 MHz
2026/09/30 04:19:56.094, Tesla T4, 3419 MiB, 15360 MiB, 99 %, 76, 69.17 W, 765 MHz
2026/09/30 04:19:56.610, Tesla T4, 3419 MiB, 15360 MiB, 98 %, 76, 63.14 W, 810 MHz
2026/09/30 04:19:57.118, Tesla T4, 3419 MiB, 15360 MiB, 98 %, 76, 67.35 W, 825 MHz
2026/09/30 04:19:57.625, Tesla T4, 3419 MiB, 15360 MiB, 99 %, 76, 67.80 W, 810 MHz
2026/09/30 04:19:58.133, Tesla T4, 3419 MiB, 15360 MiB, 99 %, 76, 66.49 W, 675 MHz
2026/09/30 04:19:58.641, Tesla T4, 3419 MiB, 15360 MiB, 99 %, 76, 67.51 W, 750 MHz
2026/09/30 04:19:59.151, Tesla T4, 3419 MiB, 15360 MiB, 98 %, 76, 65.40 W, 795 MHz
2026/09/30 04:19:59.658, Tesla T4, 3419 MiB, 15360 MiB, 99 %, 76, 72.06 W, 720 MHz
2026/09/30 04:20:00.169, Tesla T4, 3419 MiB, 15360 MiB, 98 %, 76, 63.93 W, 765 MHz
2026/09/30 04:20:00.689, Tesla T4, 3419 MiB, 15360 MiB, 96 %, 76, 68.19 W, 720 MHz
2026/09/30 04:20:01.204, Tesla T4, 3419 MiB, 15360 MiB, 98 %, 76, 67.12 W, 750 MHz
2026/09/30 04:20:01.732, Tesla T4, 3419 MiB, 15360 MiB, 99 %, 76, 67.61 W, 1005 MHz
2026/09/30 04:20:02.257, Tesla T4, 3419 MiB, 15360 MiB, 95 %, 77, 56.59 W, 1050 MHz
2026/09/30 04:20:02.779, Tesla T4, 3419 MiB, 15360 MiB, 97 %, 77, 64.26 W, 810 MHz
2026/09/30 04:20:03.295, Tesla T4, 3419 MiB, 15360 MiB, 99 %, 77, 65.59 W, 615 MHz
2026/09/30 04:20:03.809, Tesla T4, 3419 MiB, 15360 MiB, 99 %, 77, 67.06 W, 780 MHz
2026/09/30 04:20:04.316, Tesla T4, 3419 MiB, 15360 MiB, 98 %, 77, 67.79 W, 720 MHz
2026/09/30 04:20:04.823, Tesla T4, 3419 MiB, 15360 MiB, 97 %, 77, 69.37 W, 750 MHz
2026/09/30 04:20:05.331, Tesla T4, 3419 MiB, 15360 MiB, 99 %, 77, 67.02 W, 660 MHz
2026/09/30 04:20:05.838, Tesla T4, 3419 MiB, 15360 MiB, 99 %, 77, 66.14 W, 765 MHz
2026/09/30 04:20:06.347, Tesla T4, 3419 MiB, 15360 MiB, 99 %, 77, 66.73 W, 705 MHz
2026/09/30 04:20:06.855, Tesla T4, 3419 MiB, 15360 MiB, 98 %, 77, 68.10 W, 630 MHz
2026/09/30 04:20:07.369, Tesla T4, 3419 MiB, 15360 MiB, 99 %, 77, 67.51 W, 750 MHz
2026/09/30 04:20:07.876, Tesla T4, 3419 MiB, 15360 MiB, 98 %, 77, 68.05 W, 705 MHz
2026/09/30 04:20:08.383, Tesla T4, 3419 MiB, 15360 MiB, 99 %, 77, 68.19 W, 795 MHz
2026/09/30 04:20:08.891, Tesla T4, 3419 MiB, 15360 MiB, 98 %, 77, 66.73 W, 810 MHz
2026/09/30 04:20:09.399, Tesla T4, 3419 MiB, 15360 MiB, 98 %, 77, 72.80 W, 705 MHz
2026/09/30 04:20:09.910, Tesla T4, 3419 MiB, 15360 MiB, 98 %, 77, 64.61 W, 750 MHz
2026/09/30 04:20:10.418, Tesla T4, 3419 MiB, 15360 MiB, 99 %, 77, 67.57 W, 750 MHz
2026/09/30 04:20:10.925, Tesla T4, 3419 MiB, 15360 MiB, 99 %, 77, 67.31 W, 735 MHz
2026/09/30 04:20:11.433, Tesla T4, 3419 MiB, 15360 MiB, 99 %, 78, 66.82 W, 735 MHz
2026/09/30 04:20:11.940, Tesla T4, 3419 MiB, 15360 MiB, 99 %, 78, 68.04 W, 750 MHz
2026/09/30 04:20:12.448, Tesla T4, 3419 MiB, 15360 MiB, 98 %, 78, 67.06 W, 735 MHz
2026/09/30 04:20:12.956, Tesla T4, 3419 MiB, 15360 MiB, 97 %, 77, 60.38 W, 765 MHz
2026/09/30 04:20:13.480, Tesla T4, 3419 MiB, 15360 MiB, 99 %, 78, 66.77 W, 765 MHz
2026/09/30 04:20:14.009, Tesla T4, 3419 MiB, 15360 MiB, 99 %, 78, 67.12 W, 735 MHz
2026/09/30 04:20:14.523, Tesla T4, 3419 MiB, 15360 MiB, 99 %, 78, 67.61 W, 780 MHz
2026/09/30 04:20:15.044, Tesla T4, 3419 MiB, 15360 MiB, 97 %, 78, 68.00 W, 735 MHz
2026/09/30 04:20:15.557, Tesla T4, 3419 MiB, 15360 MiB, 98 %, 78, 61.81 W, 750 MHz
2026/09/30 04:20:16.073, Tesla T4, 3419 MiB, 15360 MiB, 97 %, 78, 70.99 W, 750 MHz
2026/09/30 04:20:16.581, Tesla T4, 3419 MiB, 15360 MiB, 99 %, 78, 67.96 W, 750 MHz
2026/09/30 04:20:17.089, Tesla T4, 3419 MiB, 15360 MiB, 95 %, 78, 68.74 W, 750 MHz
2026/09/30 04:20:17.597, Tesla T4, 3419 MiB, 15360 MiB, 99 %, 78, 68.58 W, 720 MHz
2026/09/30 04:20:18.105, Tesla T4, 3419 MiB, 15360 MiB, 99 %, 78, 65.36 W, 780 MHz
2026/09/30 04:20:18.620, Tesla T4, 3419 MiB, 15360 MiB, 98 %, 78, 67.40 W, 720 MHz
2026/09/30 04:20:19.128, Tesla T4, 3419 MiB, 15360 MiB, 98 %, 78, 67.31 W, 750 MHz
2026/09/30 04:20:19.636, Tesla T4, 3419 MiB, 15360 MiB, 98 %, 78, 63.97 W, 690 MHz
2026/09/30 04:20:20.143, Tesla T4, 3419 MiB, 15360 MiB, 99 %, 78, 66.47 W, 750 MHz
2026/09/30 04:20:20.652, Tesla T4, 3419 MiB, 15360 MiB, 97 %, 78, 67.57 W, 735 MHz
2026/09/30 04:20:21.166, Tesla T4, 3419 MiB, 15360 MiB, 99 %, 78, 61.55 W, 795 MHz
2026/09/30 04:20:21.674, Tesla T4, 3419 MiB, 15360 MiB, 99 %, 78, 66.47 W, 735 MHz
2026/09/30 04:20:22.181, Tesla T4, 3419 MiB, 15360 MiB, 99 %, 78, 68.72 W, 750 MHz
2026/09/30 04:20:22.689, Tesla T4, 3419 MiB, 15360 MiB, 98 %, 78, 64.51 W, 810 MHz
2026/09/30 04:20:23.198, Tesla T4, 3419 MiB, 15360 MiB, 99 %, 78, 68.88 W, 705 MHz
2026/09/30 04:20:23.719, Tesla T4, 3419 MiB, 15360 MiB, 99 %, 78, 67.21 W, 630 MHz
2026/09/30 04:20:24.229, Tesla T4, 3419 MiB, 15360 MiB, 99 %, 78, 66.33 W, 615 MHz
2026/09/30 04:20:24.745, Tesla T4, 3419 MiB, 15360 MiB, 99 %, 78, 65.98 W, 735 MHz
2026/09/30 04:20:25.253, Tesla T4, 3419 MiB, 15360 MiB, 98 %, 78, 64.96 W, 765 MHz
2026/09/30 04:20:25.761, Tesla T4, 3419 MiB, 15360 MiB, 99 %, 78, 68.04 W, 750 MHz
2026/09/30 04:20:26.272, Tesla T4, 3419 MiB, 15360 MiB, 98 %, 78, 66.24 W, 615 MHz
2026/09/30 04:20:26.800, Tesla T4, 3419 MiB, 15360 MiB, 99 %, 78, 70.21 W, 675 MHz
2026/09/30 04:20:27.318, Tesla T4, 3419 MiB, 15360 MiB, 99 %, 78, 68.19 W, 765 MHz
2026/09/30 04:20:27.838, Tesla T4, 3419 MiB, 15360 MiB, 97 %, 78, 67.41 W, 750 MHz
2026/09/30 04:20:28.361, Tesla T4, 3419 MiB, 15360 MiB, 97 %, 78, 68.43 W, 705 MHz
2026/09/30 04:20:28.875, Tesla T4, 3419 MiB, 15360 MiB, 99 %, 78, 67.45 W, 750 MHz
2026/09/30 04:20:29.389, Tesla T4, 3419 MiB, 15360 MiB, 99 %, 78, 66.92 W, 720 MHz
2026/09/30 04:20:29.896, Tesla T4, 3419 MiB, 15360 MiB, 98 %, 78, 66.02 W, 750 MHz
2026/09/30 04:20:30.404, Tesla T4, 3419 MiB, 15360 MiB, 98 %, 77, 71.53 W, 735 MHz
2026/09/30 04:20:30.912, Tesla T4, 3419 MiB, 15360 MiB, 99 %, 78, 67.61 W, 840 MHz
2026/09/30 04:20:31.420, Tesla T4, 3419 MiB, 15360 MiB, 99 %, 78, 67.76 W, 615 MHz
2026/09/30 04:20:31.937, Tesla T4, 3419 MiB, 15360 MiB, 97 %, 78, 66.92 W, 750 MHz
2026/09/30 04:20:32.445, Tesla T4, 3419 MiB, 15360 MiB, 98 %, 78, 72.16 W, 705 MHz
2026/09/30 04:20:32.952, Tesla T4, 3419 MiB, 15360 MiB, 99 %, 77, 67.35 W, 765 MHz
2026/09/30 04:20:33.460, Tesla T4, 3419 MiB, 15360 MiB, 99 %, 77, 64.03 W, 720 MHz
2026/09/30 04:20:33.968, Tesla T4, 3419 MiB, 15360 MiB, 99 %, 77, 66.86 W, 765 MHz
2026/09/30 04:20:34.479, Tesla T4, 3419 MiB, 15360 MiB, 99 %, 77, 70.06 W, 780 MHz
2026/09/30 04:20:34.988, Tesla T4, 3419 MiB, 15360 MiB, 98 %, 77, 66.18 W, 780 MHz
2026/09/30 04:20:35.496, Tesla T4, 3419 MiB, 15360 MiB, 99 %, 77, 61.58 W, 855 MHz
2026/09/30 04:20:36.003, Tesla T4, 3419 MiB, 15360 MiB, 97 %, 77, 65.89 W, 780 MHz
2026/09/30 04:20:36.511, Tesla T4, 3419 MiB, 15360 MiB, 99 %, 77, 65.20 W, 750 MHz
2026/09/30 04:20:37.019, Tesla T4, 3419 MiB, 15360 MiB, 97 %, 77, 70.11 W, 765 MHz
2026/09/30 04:20:37.534, Tesla T4, 3419 MiB, 15360 MiB, 97 %, 77, 70.79 W, 765 MHz
2026/09/30 04:20:38.041, Tesla T4, 3419 MiB, 15360 MiB, 99 %, 77, 66.28 W, 810 MHz
2026/09/30 04:20:38.551, Tesla T4, 3419 MiB, 15360 MiB, 99 %, 77, 71.18 W, 765 MHz
2026/09/30 04:20:39.083, Tesla T4, 3419 MiB, 15360 MiB, 98 %, 77, 67.06 W, 720 MHz
2026/09/30 04:20:39.608, Tesla T4, 3419 MiB, 15360 MiB, 82 %, 77, 55.18 W, 1260 MHz
2026/09/30 04:20:40.134, Tesla T4, 3419 MiB, 15360 MiB, 97 %, 77, 67.02 W, 795 MHz
2026/09/30 04:20:40.653, Tesla T4, 3419 MiB, 15360 MiB, 98 %, 77, 67.41 W, 780 MHz
2026/09/30 04:20:41.197, Tesla T4, 3419 MiB, 15360 MiB, 98 %, 77, 66.02 W, 765 MHz
2026/09/30 04:20:41.706, Tesla T4, 3419 MiB, 15360 MiB, 99 %, 77, 67.16 W, 780 MHz
2026/09/30 04:20:42.221, Tesla T4, 3419 MiB, 15360 MiB, 98 %, 77, 70.21 W, 750 MHz
2026/09/30 04:20:42.729, Tesla T4, 3419 MiB, 15360 MiB, 99 %, 77, 67.41 W, 765 MHz
2026/09/30 04:20:43.236, Tesla T4, 3419 MiB, 15360 MiB, 99 %, 77, 68.49 W, 780 MHz
2026/09/30 04:20:43.745, Tesla T4, 3419 MiB, 15360 MiB, 99 %, 77, 68.19 W, 870 MHz
2026/09/30 04:20:44.259, Tesla T4, 3419 MiB, 15360 MiB, 98 %, 77, 68.29 W, 780 MHz
2026/09/30 04:20:44.768, Tesla T4, 3419 MiB, 15360 MiB, 98 %, 77, 59.73 W, 900 MHz
2026/09/30 04:20:45.275, Tesla T4, 3419 MiB, 15360 MiB, 98 %, 77, 67.45 W, 750 MHz
2026/09/30 04:20:45.782, Tesla T4, 3419 MiB, 15360 MiB, 99 %, 77, 68.49 W, 810 MHz
2026/09/30 04:20:46.291, Tesla T4, 3419 MiB, 15360 MiB, 89 %, 77, 61.85 W, 1035 MHz
2026/09/30 04:20:46.805, Tesla T4, 3419 MiB, 15360 MiB, 99 %, 77, 67.61 W, 675 MHz
2026/09/30 04:20:47.314, Tesla T4, 3419 MiB, 15360 MiB, 98 %, 77, 72.70 W, 630 MHz
2026/09/30 04:20:47.823, Tesla T4, 3419 MiB, 15360 MiB, 99 %, 77, 66.49 W, 765 MHz
2026/09/30 04:20:48.331, Tesla T4, 3419 MiB, 15360 MiB, 98 %, 77, 65.83 W, 840 MHz
2026/09/30 04:20:48.849, Tesla T4, 3419 MiB, 15360 MiB, 98 %, 77, 66.47 W, 750 MHz
2026/09/30 04:20:49.358, Tesla T4, 3419 MiB, 15360 MiB, 99 %, 77, 68.00 W, 780 MHz
2026/09/30 04:20:49.875, Tesla T4, 3419 MiB, 15360 MiB, 99 %, 77, 68.58 W, 825 MHz
2026/09/30 04:20:50.383, Tesla T4, 3419 MiB, 15360 MiB, 98 %, 77, 65.79 W, 645 MHz
2026/09/30 04:20:50.897, Tesla T4, 3419 MiB, 15360 MiB, 98 %, 77, 65.53 W, 675 MHz
2026/09/30 04:20:51.406, Tesla T4, 3419 MiB, 15360 MiB, 98 %, 77, 65.00 W, 825 MHz
2026/09/30 04:20:51.932, Tesla T4, 3419 MiB, 15360 MiB, 98 %, 77, 68.14 W, 750 MHz
2026/09/30 04:20:52.475, Tesla T4, 3419 MiB, 15360 MiB, 96 %, 77, 72.51 W, 780 MHz
2026/09/30 04:20:52.997, Tesla T4, 3419 MiB, 15360 MiB, 87 %, 77, 68.98 W, 675 MHz
2026/09/30 04:20:53.518, Tesla T4, 3419 MiB, 15360 MiB, 99 %, 77, 66.67 W, 780 MHz
2026/09/30 04:20:54.028, Tesla T4, 3419 MiB, 15360 MiB, 98 %, 77, 68.00 W, 855 MHz
2026/09/30 04:20:54.535, Tesla T4, 3419 MiB, 15360 MiB, 97 %, 77, 66.28 W, 720 MHz
2026/09/30 04:20:55.044, Tesla T4, 3419 MiB, 15360 MiB, 98 %, 77, 74.85 W, 780 MHz
2026/09/30 04:20:55.551, Tesla T4, 3419 MiB, 15360 MiB, 99 %, 77, 68.10 W, 615 MHz
2026/09/30 04:20:56.060, Tesla T4, 3419 MiB, 15360 MiB, 99 %, 77, 67.26 W, 750 MHz
2026/09/30 04:20:56.568, Tesla T4, 3419 MiB, 15360 MiB, 98 %, 77, 67.45 W, 750 MHz
2026/09/30 04:20:57.084, Tesla T4, 3419 MiB, 15360 MiB, 99 %, 77, 64.36 W, 795 MHz
2026/09/30 04:20:57.591, Tesla T4, 3419 MiB, 15360 MiB, 99 %, 77, 67.51 W, 825 MHz
2026/09/30 04:20:58.099, Tesla T4, 3419 MiB, 15360 MiB, 99 %, 77, 66.53 W, 870 MHz
2026/09/30 04:20:58.606, Tesla T4, 3419 MiB, 15360 MiB, 99 %, 77, 63.08 W, 705 MHz
2026/09/30 04:20:59.114, Tesla T4, 3419 MiB, 15360 MiB, 98 %, 77, 73.15 W, 780 MHz
2026/09/30 04:20:59.622, Tesla T4, 3419 MiB, 15360 MiB, 99 %, 77, 68.84 W, 735 MHz
2026/09/30 04:21:00.130, Tesla T4, 3419 MiB, 15360 MiB, 94 %, 77, 37.04 W, 1545 MHz
2026/09/30 04:21:00.636, Tesla T4, 3419 MiB, 15360 MiB, 98 %, 77, 62.32 W, 840 MHz
2026/09/30 04:21:01.152, Tesla T4, 3419 MiB, 15360 MiB, 99 %, 77, 66.92 W, 720 MHz
2026/09/30 04:21:01.662, Tesla T4, 3419 MiB, 15360 MiB, 99 %, 77, 65.89 W, 810 MHz
2026/09/30 04:21:02.170, Tesla T4, 3419 MiB, 15360 MiB, 99 %, 77, 70.11 W, 840 MHz
2026/09/30 04:21:02.677, Tesla T4, 3419 MiB, 15360 MiB, 99 %, 77, 66.14 W, 780 MHz
2026/09/30 04:21:03.184, Tesla T4, 3419 MiB, 15360 MiB, 99 %, 77, 64.81 W, 810 MHz
2026/09/30 04:21:03.692, Tesla T4, 3419 MiB, 15360 MiB, 99 %, 77, 67.57 W, 825 MHz
2026/09/30 04:21:04.201, Tesla T4, 3419 MiB, 15360 MiB, 99 %, 77, 67.02 W, 795 MHz
2026/09/30 04:21:04.718, Tesla T4, 3419 MiB, 15360 MiB, 98 %, 77, 68.49 W, 825 MHz
2026/09/30 04:21:05.247, Tesla T4, 3419 MiB, 15360 MiB, 97 %, 77, 67.70 W, 840 MHz
2026/09/30 04:21:05.796, Tesla T4, 3419 MiB, 15360 MiB, 99 %, 77, 67.84 W, 780 MHz
2026/09/30 04:21:06.318, Tesla T4, 3419 MiB, 15360 MiB, 98 %, 77, 62.89 W, 600 MHz
2026/09/30 04:21:06.839, Tesla T4, 3419 MiB, 15360 MiB, 98 %, 77, 66.63 W, 780 MHz
2026/09/30 04:21:07.347, Tesla T4, 3419 MiB, 15360 MiB, 99 %, 77, 66.78 W, 825 MHz
2026/09/30 04:21:07.855, Tesla T4, 3419 MiB, 15360 MiB, 94 %, 77, 67.80 W, 765 MHz
2026/09/30 04:21:08.362, Tesla T4, 3419 MiB, 15360 MiB, 98 %, 77, 60.54 W, 735 MHz
2026/09/30 04:21:08.870, Tesla T4, 3419 MiB, 15360 MiB, 99 %, 77, 66.77 W, 675 MHz
2026/09/30 04:21:09.379, Tesla T4, 3419 MiB, 15360 MiB, 98 %, 77, 67.21 W, 795 MHz
2026/09/30 04:21:09.887, Tesla T4, 3419 MiB, 15360 MiB, 99 %, 77, 65.10 W, 870 MHz
2026/09/30 04:21:10.396, Tesla T4, 3419 MiB, 15360 MiB, 99 %, 77, 66.77 W, 780 MHz
2026/09/30 04:21:10.905, Tesla T4, 3419 MiB, 15360 MiB, 99 %, 77, 67.90 W, 810 MHz
2026/09/30 04:21:11.413, Tesla T4, 3419 MiB, 15360 MiB, 99 %, 77, 65.94 W, 630 MHz
2026/09/30 04:21:11.921, Tesla T4, 3419 MiB, 15360 MiB, 97 %, 77, 67.12 W, 795 MHz
2026/09/30 04:21:12.428, Tesla T4, 3419 MiB, 15360 MiB, 98 %, 77, 67.45 W, 780 MHz
2026/09/30 04:21:12.936, Tesla T4, 3419 MiB, 15360 MiB, 93 %, 77, 67.80 W, 735 MHz
2026/09/30 04:21:13.450, Tesla T4, 3419 MiB, 15360 MiB, 99 %, 77, 67.21 W, 795 MHz
2026/09/30 04:21:13.958, Tesla T4, 3419 MiB, 15360 MiB, 99 %, 77, 66.18 W, 750 MHz
2026/09/30 04:21:14.467, Tesla T4, 3419 MiB, 15360 MiB, 97 %, 77, 62.65 W, 825 MHz
2026/09/30 04:21:14.974, Tesla T4, 3419 MiB, 15360 MiB, 97 %, 77, 67.55 W, 780 MHz
2026/09/30 04:21:15.482, Tesla T4, 3419 MiB, 15360 MiB, 99 %, 77, 66.28 W, 780 MHz
2026/09/30 04:21:15.998, Tesla T4, 3419 MiB, 15360 MiB, 98 %, 77, 69.07 W, 780 MHz
2026/09/30 04:21:16.505, Tesla T4, 3419 MiB, 15360 MiB, 96 %, 77, 67.06 W, 720 MHz
2026/09/30 04:21:17.014, Tesla T4, 3419 MiB, 15360 MiB, 99 %, 77, 67.61 W, 780 MHz
2026/09/30 04:21:17.538, Tesla T4, 3419 MiB, 15360 MiB, 99 %, 77, 62.89 W, 840 MHz
2026/09/30 04:21:18.059, Tesla T4, 3419 MiB, 15360 MiB, 99 %, 77, 61.55 W, 765 MHz
2026/09/30 04:21:18.576, Tesla T4, 3419 MiB, 15360 MiB, 87 %, 77, 73.87 W, 795 MHz
2026/09/30 04:21:19.093, Tesla T4, 3419 MiB, 15360 MiB, 91 %, 77, 69.03 W, 615 MHz
2026/09/30 04:21:19.619, Tesla T4, 3419 MiB, 15360 MiB, 98 %, 77, 62.99 W, 780 MHz
2026/09/30 04:21:20.132, Tesla T4, 3419 MiB, 15360 MiB, 98 %, 77, 65.14 W, 705 MHz
2026/09/30 04:21:20.646, Tesla T4, 3419 MiB, 15360 MiB, 99 %, 77, 67.21 W, 735 MHz
2026/09/30 04:21:21.166, Tesla T4, 3419 MiB, 15360 MiB, 98 %, 77, 66.38 W, 780 MHz
2026/09/30 04:21:21.676, Tesla T4, 3419 MiB, 15360 MiB, 99 %, 77, 67.02 W, 795 MHz
2026/09/30 04:21:22.194, Tesla T4, 3419 MiB, 15360 MiB, 99 %, 77, 68.49 W, 840 MHz
2026/09/30 04:21:22.702, Tesla T4, 3419 MiB, 15360 MiB, 97 %, 77, 68.93 W, 825 MHz
2026/09/30 04:21:23.215, Tesla T4, 3419 MiB, 15360 MiB, 99 %, 77, 68.88 W, 765 MHz
2026/09/30 04:21:23.722, Tesla T4, 3419 MiB, 15360 MiB, 99 %, 77, 68.15 W, 735 MHz
2026/09/30 04:21:24.231, Tesla T4, 3419 MiB, 15360 MiB, 98 %, 77, 64.36 W, 825 MHz
2026/09/30 04:21:24.753, Tesla T4, 3419 MiB, 15360 MiB, 98 %, 77, 65.40 W, 780 MHz
2026/09/30 04:21:25.262, Tesla T4, 3419 MiB, 15360 MiB, 99 %, 77, 62.59 W, 750 MHz
2026/09/30 04:21:25.771, Tesla T4, 3419 MiB, 15360 MiB, 99 %, 77, 66.86 W, 780 MHz
2026/09/30 04:21:26.281, Tesla T4, 3419 MiB, 15360 MiB, 96 %, 77, 66.86 W, 645 MHz
2026/09/30 04:21:26.789, Tesla T4, 3419 MiB, 15360 MiB, 99 %, 77, 65.89 W, 765 MHz
2026/09/30 04:21:27.297, Tesla T4, 3419 MiB, 15360 MiB, 99 %, 77, 70.79 W, 750 MHz
2026/09/30 04:21:27.804, Tesla T4, 3419 MiB, 15360 MiB, 98 %, 77, 66.49 W, 705 MHz
2026/09/30 04:21:28.312, Tesla T4, 3419 MiB, 15360 MiB, 99 %, 77, 66.85 W, 600 MHz
2026/09/30 04:21:28.829, Tesla T4, 3419 MiB, 15360 MiB, 98 %, 77, 62.30 W, 795 MHz
2026/09/30 04:21:29.337, Tesla T4, 3419 MiB, 15360 MiB, 98 %, 77, 67.17 W, 795 MHz
2026/09/30 04:21:29.854, Tesla T4, 3419 MiB, 15360 MiB, 99 %, 77, 67.37 W, 825 MHz
2026/09/30 04:21:30.379, Tesla T4, 3419 MiB, 15360 MiB, 80 %, 77, 69.27 W, 750 MHz
2026/09/30 04:21:30.903, Tesla T4, 3419 MiB, 15360 MiB, 99 %, 77, 66.43 W, 780 MHz
2026/09/30 04:21:31.423, Tesla T4, 3419 MiB, 15360 MiB, 98 %, 77, 65.98 W, 660 MHz
2026/09/30 04:21:31.951, Tesla T4, 3419 MiB, 15360 MiB, 99 %, 77, 67.75 W, 825 MHz
2026/09/30 04:21:32.467, Tesla T4, 3419 MiB, 15360 MiB, 99 %, 77, 68.10 W, 735 MHz
2026/09/30 04:21:32.978, Tesla T4, 3419 MiB, 15360 MiB, 98 %, 77, 65.63 W, 660 MHz
2026/09/30 04:21:33.486, Tesla T4, 3419 MiB, 15360 MiB, 98 %, 77, 67.90 W, 795 MHz
2026/09/30 04:21:33.995, Tesla T4, 3419 MiB, 15360 MiB, 99 %, 77, 68.29 W, 780 MHz
2026/09/30 04:21:34.508, Tesla T4, 3419 MiB, 15360 MiB, 98 %, 77, 66.86 W, 780 MHz
2026/09/30 04:21:35.016, Tesla T4, 3419 MiB, 15360 MiB, 99 %, 77, 67.06 W, 780 MHz
2026/09/30 04:21:35.523, Tesla T4, 3419 MiB, 15360 MiB, 89 %, 77, 65.98 W, 765 MHz
2026/09/30 04:21:36.031, Tesla T4, 3419 MiB, 15360 MiB, 99 %, 77, 63.18 W, 780 MHz
2026/09/30 04:21:36.538, Tesla T4, 3419 MiB, 15360 MiB, 99 %, 77, 62.36 W, 825 MHz
2026/09/30 04:21:37.047, Tesla T4, 3419 MiB, 15360 MiB, 99 %, 77, 68.29 W, 750 MHz
2026/09/30 04:21:37.554, Tesla T4, 3419 MiB, 15360 MiB, 99 %, 77, 66.82 W, 795 MHz
2026/09/30 04:21:38.065, Tesla T4, 3419 MiB, 15360 MiB, 99 %, 77, 67.51 W, 795 MHz
2026/09/30 04:21:38.575, Tesla T4, 3419 MiB, 15360 MiB, 99 %, 77, 61.10 W, 810 MHz
2026/09/30 04:21:39.083, Tesla T4, 3419 MiB, 15360 MiB, 99 %, 77, 67.26 W, 795 MHz
2026/09/30 04:21:39.590, Tesla T4, 3419 MiB, 15360 MiB, 99 %, 77, 64.75 W, 840 MHz
2026/09/30 04:21:40.097, Tesla T4, 3419 MiB, 15360 MiB, 98 %, 77, 68.24 W, 795 MHz
2026/09/30 04:21:40.605, Tesla T4, 3419 MiB, 15360 MiB, 97 %, 77, 67.55 W, 795 MHz
2026/09/30 04:21:41.119, Tesla T4, 3419 MiB, 15360 MiB, 99 %, 77, 67.06 W, 735 MHz
2026/09/30 04:21:41.626, Tesla T4, 3419 MiB, 15360 MiB, 99 %, 77, 67.70 W, 765 MHz
2026/09/30 04:21:42.134, Tesla T4, 3419 MiB, 15360 MiB, 60 %, 77, 62.64 W, 1020 MHz
2026/09/30 04:21:42.649, Tesla T4, 3419 MiB, 15360 MiB, 98 %, 77, 62.99 W, 780 MHz
2026/09/30 04:21:43.169, Tesla T4, 3419 MiB, 15360 MiB, 99 %, 77, 62.34 W, 735 MHz
2026/09/30 04:21:43.694, Tesla T4, 3419 MiB, 15360 MiB, 98 %, 77, 68.10 W, 750 MHz
2026/09/30 04:21:44.218, Tesla T4, 3419 MiB, 15360 MiB, 85 %, 76, 61.14 W, 1095 MHz
2026/09/30 04:21:44.733, Tesla T4, 3419 MiB, 15360 MiB, 98 %, 77, 65.30 W, 795 MHz
2026/09/30 04:21:45.242, Tesla T4, 3419 MiB, 15360 MiB, 99 %, 77, 67.61 W, 750 MHz
2026/09/30 04:21:45.749, Tesla T4, 3419 MiB, 15360 MiB, 99 %, 77, 68.39 W, 795 MHz
2026/09/30 04:21:46.257, Tesla T4, 3419 MiB, 15360 MiB, 98 %, 77, 62.59 W, 885 MHz
2026/09/30 04:21:46.765, Tesla T4, 3419 MiB, 15360 MiB, 98 %, 77, 65.34 W, 780 MHz
2026/09/30 04:21:47.273, Tesla T4, 3419 MiB, 15360 MiB, 99 %, 77, 66.71 W, 825 MHz
2026/09/30 04:21:47.781, Tesla T4, 3419 MiB, 15360 MiB, 98 %, 77, 67.31 W, 780 MHz
2026/09/30 04:21:48.291, Tesla T4, 3419 MiB, 15360 MiB, 98 %, 77, 68.44 W, 795 MHz
2026/09/30 04:21:48.800, Tesla T4, 3419 MiB, 15360 MiB, 96 %, 76, 67.55 W, 615 MHz
2026/09/30 04:21:49.308, Tesla T4, 3419 MiB, 15360 MiB, 99 %, 77, 67.90 W, 780 MHz
2026/09/30 04:21:49.815, Tesla T4, 3419 MiB, 15360 MiB, 99 %, 77, 63.32 W, 840 MHz
2026/09/30 04:21:50.323, Tesla T4, 3419 MiB, 15360 MiB, 97 %, 76, 71.52 W, 735 MHz
2026/09/30 04:21:50.832, Tesla T4, 3419 MiB, 15360 MiB, 99 %, 76, 64.03 W, 780 MHz
2026/09/30 04:21:51.342, Tesla T4, 3419 MiB, 15360 MiB, 98 %, 76, 68.00 W, 765 MHz
2026/09/30 04:21:51.852, Tesla T4, 3419 MiB, 15360 MiB, 99 %, 77, 68.39 W, 810 MHz
2026/09/30 04:21:52.360, Tesla T4, 3419 MiB, 15360 MiB, 99 %, 76, 71.08 W, 750 MHz
2026/09/30 04:21:52.867, Tesla T4, 3419 MiB, 15360 MiB, 98 %, 76, 63.73 W, 795 MHz
2026/09/30 04:21:53.375, Tesla T4, 3419 MiB, 15360 MiB, 99 %, 76, 62.69 W, 825 MHz
2026/09/30 04:21:53.883, Tesla T4, 3419 MiB, 15360 MiB, 99 %, 76, 68.43 W, 1140 MHz
2026/09/30 04:21:54.390, Tesla T4, 3419 MiB, 15360 MiB, 96 %, 76, 68.86 W, 765 MHz
2026/09/30 04:21:54.912, Tesla T4, 3419 MiB, 15360 MiB, 88 %, 77, 67.02 W, 795 MHz
2026/09/30 04:21:55.429, Tesla T4, 3419 MiB, 15360 MiB, 99 %, 76, 67.10 W, 780 MHz
2026/09/30 04:21:55.946, Tesla T4, 3419 MiB, 15360 MiB, 84 %, 76, 44.46 W, 1575 MHz
2026/09/30 04:21:56.461, Tesla T4, 3419 MiB, 15360 MiB, 0 %, 76, 45.15 W, 1590 MHz
2026/09/30 04:21:56.975, Tesla T4, 3419 MiB, 15360 MiB, 0 %, 75, 44.95 W, 1590 MHz
2026/09/30 04:21:57.484, Tesla T4, 3419 MiB, 15360 MiB, 0 %, 75, 44.85 W, 1590 MHz
2026/09/30 04:21:57.990, Tesla T4, 0 MiB, 15360 MiB, 0 %, 74, 35.88 W, 1050 MHz
2026/09/30 04:21:58.513, Tesla T4, 0 MiB, 15360 MiB, 0 %, 74, 34.99 W, 1050 MHz
2026/09/30 04:21:59.020, Tesla T4, 0 MiB, 15360 MiB, 0 %, 74, 34.99 W, 1050 MHz
2026/09/30 04:21:59.526, Tesla T4, 0 MiB, 15360 MiB, 0 %, 74, 34.79 W, 1050 MHz
2026/09/30 04:22:00.032, Tesla T4, 0 MiB, 15360 MiB, 0 %, 73, 32.64 W, 345 MHz
2026/09/30 04:22:00.539, Tesla T4, 0 MiB, 15360 MiB, 0 %, 73, 32.54 W, 345 MHz
2026/09/30 04:22:01.047, Tesla T4, 0 MiB, 15360 MiB, 0 %, 73, 32.34 W, 300 MHz
2026/09/30 04:22:01.554, Tesla T4, 0 MiB, 15360 MiB, 0 %, 73, 32.34 W, 300 MHz
2026/09/30 04:22:02.062, Tesla T4, 0 MiB, 15360 MiB, 0 %, 73, 32.24 W, 300 MHz
2026/09/30 04:22:02.569, Tesla T4, 0 MiB, 15360 MiB, 0 %, 72, 32.24 W, 300 MHz
2026/09/30 04:22:03.076, Tesla T4, 0 MiB, 15360 MiB, 0 %, 72, 17.58 W, 300 MHz
2026/09/30 04:22:03.588, Tesla T4, 0 MiB, 15360 MiB, 0 %, 71, 17.48 W, 300 MHz
2026/09/30 04:22:04.108, Tesla T4, 0 MiB, 15360 MiB, 0 %, 71, 17.48 W, 300 MHz
2026/09/30 04:22:04.619, Tesla T4, 0 MiB, 15360 MiB, 0 %, 71, 17.48 W, 300 MHz
2026/09/30 04:22:05.170, Tesla T4, 0 MiB, 15360 MiB, 0 %, 70, 13.23 W, 300 MHz
2026/09/30 04:22:05.681, Tesla T4, 0 MiB, 15360 MiB, 0 %, 70, 13.32 W, 300 MHz
2026/09/30 04:22:06.192, Tesla T4, 0 MiB, 15360 MiB, 0 %, 70, 13.32 W, 300 MHz
2026/09/30 04:22:06.703, Tesla T4, 0 MiB, 15360 MiB, 0 %, 69, 13.42 W, 300 MHz
2026/09/30 04:22:07.214, Tesla T4, 0 MiB, 15360 MiB, 0 %, 69, 13.03 W, 300 MHz
2026/09/30 04:22:07.755, Tesla T4, 0 MiB, 15360 MiB, 0 %, 69, 13.03 W, 300 MHz
2026/09/30 04:22:08.277, Tesla T4, 0 MiB, 15360 MiB, 0 %, 69, 13.03 W, 300 MHz
2026/09/30 04:22:08.799, Tesla T4, 0 MiB, 15360 MiB, 0 %, 69, 12.93 W, 300 MHz
2026/09/30 04:22:09.319, Tesla T4, 0 MiB, 15360 MiB, 0 %, 68, 13.23 W, 300 MHz
2026/09/30 04:22:09.838, Tesla T4, 0 MiB, 15360 MiB, 0 %, 68, 13.13 W, 300 MHz
2026/09/30 04:22:10.348, Tesla T4, 0 MiB, 15360 MiB, 0 %, 68, 13.03 W, 300 MHz
2026/09/30 04:22:10.858, Tesla T4, 0 MiB, 15360 MiB, 0 %, 68, 13.23 W, 300 MHz
2026/09/30 04:22:11.369, Tesla T4, 0 MiB, 15360 MiB, 0 %, 68, 13.32 W, 300 MHz
2026/09/30 04:22:11.879, Tesla T4, 1 MiB, 15360 MiB, 0 %, 68, 17.09 W, 300 MHz
2026/09/30 04:22:12.396, Tesla T4, 3 MiB, 15360 MiB, 0 %, 68, 12.93 W, 300 MHz
2026/09/30 04:22:12.907, Tesla T4, 3 MiB, 15360 MiB, 0 %, 68, 13.13 W, 300 MHz
2026/09/30 04:22:13.418, Tesla T4, 3 MiB, 15360 MiB, 0 %, 67, 12.83 W, 300 MHz
2026/09/30 04:22:13.929, Tesla T4, 3 MiB, 15360 MiB, 0 %, 67, 12.93 W, 300 MHz
2026/09/30 04:22:14.439, Tesla T4, 3 MiB, 15360 MiB, 0 %, 67, 12.83 W, 300 MHz
2026/09/30 04:22:14.950, Tesla T4, 3 MiB, 15360 MiB, 0 %, 67, 12.93 W, 300 MHz
2026/09/30 04:22:15.460, Tesla T4, 3 MiB, 15360 MiB, 0 %, 67, 13.92 W, 300 MHz
2026/09/30 04:22:15.971, Tesla T4, 3 MiB, 15360 MiB, 0 %, 67, 12.83 W, 300 MHz
2026/09/30 04:22:16.481, Tesla T4, 3 MiB, 15360 MiB, 0 %, 67, 12.93 W, 300 MHz
2026/09/30 04:22:16.992, Tesla T4, 3 MiB, 15360 MiB, 0 %, 67, 12.83 W, 300 MHz
2026/09/30 04:22:17.502, Tesla T4, 3 MiB, 15360 MiB, 0 %, 67, 12.83 W, 300 MHz
2026/09/30 04:22:18.013, Tesla T4, 3 MiB, 15360 MiB, 0 %, 67, 12.83 W, 300 MHz
2026/09/30 04:22:18.523, Tesla T4, 3 MiB, 15360 MiB, 0 %, 66, 12.83 W, 300 MHz
2026/09/30 04:22:19.034, Tesla T4, 3 MiB, 15360 MiB, 0 %, 66, 12.83 W, 300 MHz
2026/09/30 04:22:19.544, Tesla T4, 3 MiB, 15360 MiB, 0 %, 66, 13.03 W, 300 MHz
2026/09/30 04:22:20.057, Tesla T4, 3 MiB, 15360 MiB, 0 %, 66, 13.03 W, 300 MHz
2026/09/30 04:22:20.569, Tesla T4, 3 MiB, 15360 MiB, 0 %, 66, 13.92 W, 300 MHz
2026/09/30 04:22:21.099, Tesla T4, 3 MiB, 15360 MiB, 0 %, 66, 13.13 W, 300 MHz
2026/09/30 04:22:21.622, Tesla T4, 3 MiB, 15360 MiB, 0 %, 66, 12.83 W, 300 MHz
2026/09/30 04:22:22.134, Tesla T4, 3 MiB, 15360 MiB, 0 %, 66, 12.93 W, 300 MHz
2026/09/30 04:22:22.651, Tesla T4, 3 MiB, 15360 MiB, 0 %, 66, 12.73 W, 300 MHz
2026/09/30 04:22:23.162, Tesla T4, 3 MiB, 15360 MiB, 0 %, 66, 12.83 W, 300 MHz
2026/09/30 04:22:23.672, Tesla T4, 3 MiB, 15360 MiB, 0 %, 66, 12.73 W, 300 MHz
2026/09/30 04:22:24.183, Tesla T4, 3 MiB, 15360 MiB, 0 %, 66, 12.93 W, 300 MHz
2026/09/30 04:22:24.693, Tesla T4, 3 MiB, 15360 MiB, 0 %, 66, 13.03 W, 585 MHz
2026/09/30 04:22:25.206, Tesla T4, 249 MiB, 15360 MiB, 14 %, 68, 67.26 W, 600 MHz
2026/09/30 04:22:25.719, Tesla T4, 153 MiB, 15360 MiB, 0 %, 67, 40.76 W, 1545 MHz
2026/09/30 04:22:26.224, Tesla T4, 423 MiB, 15360 MiB, 1 %, 68, 40.96 W, 1545 MHz
2026/09/30 04:22:26.729, Tesla T4, 425 MiB, 15360 MiB, 0 %, 68, 40.86 W, 1545 MHz
2026/09/30 04:22:27.237, Tesla T4, 505 MiB, 15360 MiB, 0 %, 67, 31.57 W, 585 MHz
2026/09/30 04:22:27.744, Tesla T4, 505 MiB, 15360 MiB, 0 %, 67, 31.45 W, 585 MHz
2026/09/30 04:22:28.263, Tesla T4, 505 MiB, 15360 MiB, 0 %, 67, 31.55 W, 585 MHz
2026/09/30 04:22:28.770, Tesla T4, 505 MiB, 15360 MiB, 0 %, 67, 31.47 W, 585 MHz
2026/09/30 04:22:29.277, Tesla T4, 505 MiB, 15360 MiB, 0 %, 67, 31.55 W, 585 MHz
2026/09/30 04:22:29.784, Tesla T4, 505 MiB, 15360 MiB, 0 %, 67, 31.47 W, 585 MHz
2026/09/30 04:22:30.291, Tesla T4, 505 MiB, 15360 MiB, 0 %, 67, 31.47 W, 585 MHz
2026/09/30 04:22:30.797, Tesla T4, 505 MiB, 15360 MiB, 0 %, 67, 31.55 W, 585 MHz
2026/09/30 04:22:31.304, Tesla T4, 505 MiB, 15360 MiB, 0 %, 68, 31.47 W, 585 MHz
2026/09/30 04:22:31.813, Tesla T4, 513 MiB, 15360 MiB, 0 %, 67, 31.45 W, 585 MHz
2026/09/30 04:22:32.321, Tesla T4, 2979 MiB, 15360 MiB, 84 %, 68, 43.50 W, 1185 MHz
2026/09/30 04:22:32.826, Tesla T4, 4847 MiB, 15360 MiB, 85 %, 70, 78.22 W, 1335 MHz
2026/09/30 04:22:33.346, Tesla T4, 4855 MiB, 15360 MiB, 94 %, 70, 61.95 W, 1230 MHz
2026/09/30 04:22:33.872, Tesla T4, 6863 MiB, 15360 MiB, 72 %, 70, 67.26 W, 945 MHz
2026/09/30 04:22:34.390, Tesla T4, 8869 MiB, 15360 MiB, 100 %, 71, 70.78 W, 1290 MHz
2026/09/30 04:22:34.915, Tesla T4, 13617 MiB, 15360 MiB, 98 %, 71, 62.53 W, 1365 MHz
2026/09/30 04:22:35.429, Tesla T4, 13617 MiB, 15360 MiB, 54 %, 71, 85.96 W, 825 MHz
2026/09/30 04:22:35.943, Tesla T4, 13617 MiB, 15360 MiB, 98 %, 71, 66.14 W, 1050 MHz
2026/09/30 04:22:36.453, Tesla T4, 13617 MiB, 15360 MiB, 100 %, 71, 69.03 W, 765 MHz
2026/09/30 04:22:36.964, Tesla T4, 13617 MiB, 15360 MiB, 100 %, 72, 66.14 W, 1185 MHz
2026/09/30 04:22:37.471, Tesla T4, 13617 MiB, 15360 MiB, 99 %, 72, 74.11 W, 990 MHz
2026/09/30 04:22:37.980, Tesla T4, 13617 MiB, 15360 MiB, 100 %, 72, 62.99 W, 795 MHz
2026/09/30 04:22:38.494, Tesla T4, 13633 MiB, 15360 MiB, 98 %, 73, 95.38 W, 750 MHz
2026/09/30 04:22:39.008, Tesla T4, 13633 MiB, 15360 MiB, 98 %, 73, 73.24 W, 1005 MHz
2026/09/30 04:22:39.517, Tesla T4, 13633 MiB, 15360 MiB, 94 %, 73, 65.89 W, 930 MHz
2026/09/30 04:22:40.025, Tesla T4, 13633 MiB, 15360 MiB, 100 %, 73, 68.98 W, 1065 MHz
2026/09/30 04:22:40.532, Tesla T4, 13633 MiB, 15360 MiB, 95 %, 74, 77.93 W, 1440 MHz
2026/09/30 04:22:41.039, Tesla T4, 13633 MiB, 15360 MiB, 100 %, 73, 56.52 W, 1245 MHz
2026/09/30 04:22:41.545, Tesla T4, 13633 MiB, 15360 MiB, 100 %, 74, 63.03 W, 1185 MHz
2026/09/30 04:22:42.056, Tesla T4, 13633 MiB, 15360 MiB, 92 %, 74, 70.19 W, 960 MHz
2026/09/30 04:22:42.612, Tesla T4, 13633 MiB, 15360 MiB, 98 %, 74, 62.89 W, 915 MHz
2026/09/30 04:22:43.125, Tesla T4, 13633 MiB, 15360 MiB, 100 %, 74, 69.13 W, 915 MHz
2026/09/30 04:22:43.633, Tesla T4, 13633 MiB, 15360 MiB, 100 %, 75, 68.08 W, 960 MHz
2026/09/30 04:22:44.140, Tesla T4, 13633 MiB, 15360 MiB, 97 %, 75, 64.26 W, 990 MHz
2026/09/30 04:22:44.649, Tesla T4, 13633 MiB, 15360 MiB, 100 %, 75, 71.96 W, 885 MHz
2026/09/30 04:22:45.158, Tesla T4, 13633 MiB, 15360 MiB, 100 %, 75, 67.55 W, 975 MHz
2026/09/30 04:22:45.674, Tesla T4, 13633 MiB, 15360 MiB, 97 %, 75, 74.55 W, 960 MHz
2026/09/30 04:22:46.200, Tesla T4, 13633 MiB, 15360 MiB, 93 %, 75, 66.28 W, 855 MHz
2026/09/30 04:22:46.720, Tesla T4, 13633 MiB, 15360 MiB, 100 %, 76, 65.14 W, 915 MHz
2026/09/30 04:22:47.244, Tesla T4, 13633 MiB, 15360 MiB, 99 %, 75, 60.77 W, 1110 MHz
2026/09/30 04:22:47.751, Tesla T4, 13633 MiB, 15360 MiB, 83 %, 76, 41.26 W, 1350 MHz
2026/09/30 04:22:48.273, Tesla T4, 13633 MiB, 15360 MiB, 100 %, 76, 63.67 W, 1245 MHz
2026/09/30 04:22:48.783, Tesla T4, 13633 MiB, 15360 MiB, 94 %, 76, 67.41 W, 645 MHz
2026/09/30 04:22:49.295, Tesla T4, 13633 MiB, 15360 MiB, 98 %, 76, 68.43 W, 945 MHz
2026/09/30 04:22:49.808, Tesla T4, 13633 MiB, 15360 MiB, 100 %, 76, 66.00 W, 870 MHz
2026/09/30 04:22:50.318, Tesla T4, 13633 MiB, 15360 MiB, 100 %, 76, 64.22 W, 975 MHz
2026/09/30 04:22:50.837, Tesla T4, 13633 MiB, 15360 MiB, 100 %, 76, 65.30 W, 1080 MHz
2026/09/30 04:22:51.353, Tesla T4, 13633 MiB, 15360 MiB, 79 %, 77, 76.91 W, 765 MHz
2026/09/30 04:22:51.868, Tesla T4, 13633 MiB, 15360 MiB, 98 %, 77, 64.46 W, 855 MHz
2026/09/30 04:22:52.379, Tesla T4, 13635 MiB, 15360 MiB, 100 %, 77, 65.69 W, 855 MHz
2026/09/30 04:22:52.894, Tesla T4, 13635 MiB, 15360 MiB, 98 %, 77, 69.23 W, 930 MHz
2026/09/30 04:22:53.403, Tesla T4, 13635 MiB, 15360 MiB, 99 %, 77, 63.38 W, 1215 MHz
2026/09/30 04:22:53.913, Tesla T4, 13635 MiB, 15360 MiB, 94 %, 78, 68.98 W, 885 MHz
2026/09/30 04:22:54.422, Tesla T4, 13635 MiB, 15360 MiB, 100 %, 77, 56.49 W, 1410 MHz
2026/09/30 04:22:54.937, Tesla T4, 13635 MiB, 15360 MiB, 100 %, 78, 62.20 W, 1110 MHz
2026/09/30 04:22:55.449, Tesla T4, 13635 MiB, 15360 MiB, 94 %, 78, 71.28 W, 825 MHz
2026/09/30 04:22:55.958, Tesla T4, 13635 MiB, 15360 MiB, 100 %, 78, 83.25 W, 855 MHz
2026/09/30 04:22:56.473, Tesla T4, 13635 MiB, 15360 MiB, 93 %, 78, 69.91 W, 720 MHz
2026/09/30 04:22:56.988, Tesla T4, 13635 MiB, 15360 MiB, 99 %, 78, 69.86 W, 885 MHz
2026/09/30 04:22:57.496, Tesla T4, 13635 MiB, 15360 MiB, 100 %, 78, 66.71 W, 1410 MHz
2026/09/30 04:22:58.004, Tesla T4, 13635 MiB, 15360 MiB, 100 %, 78, 61.81 W, 1245 MHz
2026/09/30 04:22:58.535, Tesla T4, 13635 MiB, 15360 MiB, 85 %, 79, 69.32 W, 765 MHz
2026/09/30 04:22:59.084, Tesla T4, 13635 MiB, 15360 MiB, 97 %, 79, 63.93 W, 900 MHz
2026/09/30 04:22:59.610, Tesla T4, 13635 MiB, 15360 MiB, 89 %, 79, 65.53 W, 855 MHz
2026/09/30 04:23:00.145, Tesla T4, 13635 MiB, 15360 MiB, 96 %, 79, 62.14 W, 1005 MHz
2026/09/30 04:23:00.668, Tesla T4, 13635 MiB, 15360 MiB, 98 %, 79, 62.10 W, 870 MHz
2026/09/30 04:23:01.184, Tesla T4, 13635 MiB, 15360 MiB, 81 %, 79, 60.38 W, 900 MHz
2026/09/30 04:23:01.692, Tesla T4, 13635 MiB, 15360 MiB, 100 %, 79, 64.61 W, 915 MHz
2026/09/30 04:23:02.201, Tesla T4, 13635 MiB, 15360 MiB, 99 %, 80, 66.53 W, 795 MHz
2026/09/30 04:23:02.709, Tesla T4, 13635 MiB, 15360 MiB, 100 %, 80, 67.33 W, 930 MHz
2026/09/30 04:23:03.217, Tesla T4, 13635 MiB, 15360 MiB, 100 %, 80, 61.12 W, 930 MHz
2026/09/30 04:23:03.737, Tesla T4, 13635 MiB, 15360 MiB, 93 %, 80, 72.50 W, 1140 MHz
2026/09/30 04:23:04.245, Tesla T4, 13635 MiB, 15360 MiB, 98 %, 80, 39.28 W, 1470 MHz
2026/09/30 04:23:04.753, Tesla T4, 13635 MiB, 15360 MiB, 98 %, 80, 70.30 W, 750 MHz
2026/09/30 04:23:05.262, Tesla T4, 13635 MiB, 15360 MiB, 94 %, 80, 67.06 W, 750 MHz
2026/09/30 04:23:05.770, Tesla T4, 13635 MiB, 15360 MiB, 94 %, 80, 79.10 W, 720 MHz
2026/09/30 04:23:06.279, Tesla T4, 13635 MiB, 15360 MiB, 100 %, 81, 75.54 W, 885 MHz
2026/09/30 04:23:06.789, Tesla T4, 13635 MiB, 15360 MiB, 94 %, 80, 67.06 W, 675 MHz
2026/09/30 04:23:07.298, Tesla T4, 13635 MiB, 15360 MiB, 97 %, 80, 64.32 W, 915 MHz
2026/09/30 04:23:07.804, Tesla T4, 13635 MiB, 15360 MiB, 100 %, 81, 61.62 W, 930 MHz
2026/09/30 04:23:08.315, Tesla T4, 13635 MiB, 15360 MiB, 100 %, 81, 72.12 W, 750 MHz
2026/09/30 04:23:08.823, Tesla T4, 13635 MiB, 15360 MiB, 98 %, 81, 65.24 W, 900 MHz
2026/09/30 04:23:09.332, Tesla T4, 13635 MiB, 15360 MiB, 100 %, 81, 68.39 W, 645 MHz
2026/09/30 04:23:09.844, Tesla T4, 13635 MiB, 15360 MiB, 98 %, 81, 67.00 W, 1200 MHz
2026/09/30 04:23:10.352, Tesla T4, 13635 MiB, 15360 MiB, 98 %, 81, 65.02 W, 1320 MHz
2026/09/30 04:23:10.868, Tesla T4, 13635 MiB, 15360 MiB, 100 %, 81, 63.14 W, 1185 MHz
2026/09/30 04:23:11.391, Tesla T4, 13635 MiB, 15360 MiB, 89 %, 81, 69.17 W, 780 MHz
2026/09/30 04:23:11.934, Tesla T4, 13635 MiB, 15360 MiB, 98 %, 81, 65.40 W, 900 MHz
2026/09/30 04:23:12.463, Tesla T4, 13635 MiB, 15360 MiB, 99 %, 81, 58.22 W, 1095 MHz
2026/09/30 04:23:12.995, Tesla T4, 13635 MiB, 15360 MiB, 89 %, 81, 83.15 W, 735 MHz
2026/09/30 04:23:13.522, Tesla T4, 13635 MiB, 15360 MiB, 98 %, 81, 65.83 W, 900 MHz
2026/09/30 04:23:14.033, Tesla T4, 13635 MiB, 15360 MiB, 70 %, 81, 61.06 W, 930 MHz
2026/09/30 04:23:14.543, Tesla T4, 13635 MiB, 15360 MiB, 100 %, 81, 67.17 W, 780 MHz
2026/09/30 04:23:15.050, Tesla T4, 13635 MiB, 15360 MiB, 98 %, 81, 68.58 W, 810 MHz
2026/09/30 04:23:15.559, Tesla T4, 13635 MiB, 15360 MiB, 100 %, 81, 67.12 W, 825 MHz
2026/09/30 04:23:16.075, Tesla T4, 13635 MiB, 15360 MiB, 94 %, 81, 65.20 W, 825 MHz
2026/09/30 04:23:16.590, Tesla T4, 13635 MiB, 15360 MiB, 98 %, 81, 60.48 W, 870 MHz
2026/09/30 04:23:17.100, Tesla T4, 13635 MiB, 15360 MiB, 100 %, 81, 62.40 W, 705 MHz
2026/09/30 04:23:17.609, Tesla T4, 13635 MiB, 15360 MiB, 100 %, 80, 65.04 W, 1260 MHz
2026/09/30 04:23:18.115, Tesla T4, 13635 MiB, 15360 MiB, 93 %, 80, 48.46 W, 795 MHz
2026/09/30 04:23:18.624, Tesla T4, 13635 MiB, 15360 MiB, 100 %, 81, 62.99 W, 1260 MHz
2026/09/30 04:23:19.131, Tesla T4, 13635 MiB, 15360 MiB, 94 %, 80, 64.61 W, 645 MHz
2026/09/30 04:23:19.643, Tesla T4, 13635 MiB, 15360 MiB, 97 %, 80, 85.59 W, 870 MHz
2026/09/30 04:23:20.155, Tesla T4, 13635 MiB, 15360 MiB, 100 %, 80, 67.57 W, 765 MHz
2026/09/30 04:23:20.672, Tesla T4, 13635 MiB, 15360 MiB, 98 %, 80, 65.69 W, 900 MHz
2026/09/30 04:23:21.181, Tesla T4, 13635 MiB, 15360 MiB, 98 %, 80, 66.57 W, 960 MHz
2026/09/30 04:23:21.690, Tesla T4, 13635 MiB, 15360 MiB, 100 %, 79, 62.95 W, 750 MHz
2026/09/30 04:23:22.209, Tesla T4, 13635 MiB, 15360 MiB, 100 %, 79, 58.48 W, 1080 MHz
2026/09/30 04:23:22.722, Tesla T4, 13635 MiB, 15360 MiB, 100 %, 79, 64.81 W, 1215 MHz
2026/09/30 04:23:23.233, Tesla T4, 13635 MiB, 15360 MiB, 65 %, 79, 70.02 W, 1200 MHz
2026/09/30 04:23:23.754, Tesla T4, 13635 MiB, 15360 MiB, 100 %, 79, 81.54 W, 855 MHz
2026/09/30 04:23:24.269, Tesla T4, 13635 MiB, 15360 MiB, 90 %, 79, 62.07 W, 840 MHz
2026/09/30 04:23:24.791, Tesla T4, 13635 MiB, 15360 MiB, 100 %, 79, 66.59 W, 945 MHz
2026/09/30 04:23:25.318, Tesla T4, 13635 MiB, 15360 MiB, 100 %, 78, 69.31 W, 675 MHz
2026/09/30 04:23:25.837, Tesla T4, 13635 MiB, 15360 MiB, 100 %, 78, 53.28 W, 1125 MHz
2026/09/30 04:23:26.350, Tesla T4, 13635 MiB, 15360 MiB, 100 %, 78, 65.00 W, 1215 MHz
2026/09/30 04:23:26.885, Tesla T4, 13635 MiB, 15360 MiB, 71 %, 78, 67.94 W, 795 MHz
2026/09/30 04:23:27.401, Tesla T4, 13635 MiB, 15360 MiB, 100 %, 78, 88.40 W, 795 MHz
2026/09/30 04:23:27.910, Tesla T4, 13635 MiB, 15360 MiB, 94 %, 78, 62.59 W, 885 MHz
2026/09/30 04:23:28.418, Tesla T4, 13635 MiB, 15360 MiB, 98 %, 78, 65.24 W, 900 MHz
2026/09/30 04:23:28.928, Tesla T4, 13635 MiB, 15360 MiB, 99 %, 78, 60.44 W, 1140 MHz
2026/09/30 04:23:29.436, Tesla T4, 13635 MiB, 15360 MiB, 94 %, 78, 67.94 W, 840 MHz
2026/09/30 04:23:29.945, Tesla T4, 13635 MiB, 15360 MiB, 100 %, 78, 65.45 W, 975 MHz
2026/09/30 04:23:30.461, Tesla T4, 13635 MiB, 15360 MiB, 92 %, 77, 65.06 W, 1260 MHz
2026/09/30 04:23:30.968, Tesla T4, 13635 MiB, 15360 MiB, 98 %, 77, 63.77 W, 960 MHz
2026/09/30 04:23:31.477, Tesla T4, 13635 MiB, 15360 MiB, 100 %, 77, 67.61 W, 690 MHz
2026/09/30 04:23:31.989, Tesla T4, 13635 MiB, 15360 MiB, 100 %, 77, 69.86 W, 1155 MHz
2026/09/30 04:23:32.498, Tesla T4, 13635 MiB, 15360 MiB, 98 %, 77, 61.55 W, 855 MHz
2026/09/30 04:23:33.013, Tesla T4, 13635 MiB, 15360 MiB, 77 %, 77, 65.98 W, 885 MHz
2026/09/30 04:23:33.522, Tesla T4, 13635 MiB, 15360 MiB, 100 %, 77, 64.71 W, 975 MHz
2026/09/30 04:23:34.030, Tesla T4, 13635 MiB, 15360 MiB, 100 %, 77, 73.88 W, 1050 MHz
2026/09/30 04:23:34.541, Tesla T4, 13635 MiB, 15360 MiB, 94 %, 77, 62.10 W, 720 MHz
2026/09/30 04:23:35.055, Tesla T4, 13635 MiB, 15360 MiB, 98 %, 77, 66.63 W, 945 MHz
2026/09/30 04:23:35.568, Tesla T4, 13635 MiB, 15360 MiB, 100 %, 77, 71.53 W, 645 MHz
2026/09/30 04:23:36.078, Tesla T4, 13635 MiB, 15360 MiB, 100 %, 76, 45.54 W, 1200 MHz
2026/09/30 04:23:36.590, Tesla T4, 13635 MiB, 15360 MiB, 100 %, 76, 61.12 W, 1125 MHz
2026/09/30 04:23:37.112, Tesla T4, 13635 MiB, 15360 MiB, 100 %, 77, 65.25 W, 1245 MHz
2026/09/30 04:23:37.623, Tesla T4, 13635 MiB, 15360 MiB, 98 %, 76, 59.83 W, 1095 MHz
2026/09/30 04:23:38.145, Tesla T4, 13635 MiB, 15360 MiB, 100 %, 76, 62.01 W, 1065 MHz
2026/09/30 04:23:38.670, Tesla T4, 13635 MiB, 15360 MiB, 100 %, 76, 72.36 W, 780 MHz
2026/09/30 04:23:39.179, Tesla T4, 13635 MiB, 15360 MiB, 98 %, 77, 64.42 W, 900 MHz
2026/09/30 04:23:39.687, Tesla T4, 13635 MiB, 15360 MiB, 78 %, 76, 77.88 W, 870 MHz
2026/09/30 04:23:40.195, Tesla T4, 13635 MiB, 15360 MiB, 94 %, 76, 74.26 W, 855 MHz
2026/09/30 04:23:40.703, Tesla T4, 13635 MiB, 15360 MiB, 98 %, 76, 61.85 W, 840 MHz
2026/09/30 04:23:41.212, Tesla T4, 13635 MiB, 15360 MiB, 98 %, 76, 64.42 W, 915 MHz
2026/09/30 04:23:41.721, Tesla T4, 13635 MiB, 15360 MiB, 100 %, 76, 45.61 W, 840 MHz
2026/09/30 04:23:42.232, Tesla T4, 13635 MiB, 15360 MiB, 98 %, 76, 65.59 W, 885 MHz
2026/09/30 04:23:42.748, Tesla T4, 13635 MiB, 15360 MiB, 78 %, 76, 69.41 W, 945 MHz
2026/09/30 04:23:43.256, Tesla T4, 13635 MiB, 15360 MiB, 100 %, 76, 66.33 W, 975 MHz
2026/09/30 04:23:43.766, Tesla T4, 13635 MiB, 15360 MiB, 100 %, 76, 63.08 W, 1140 MHz
2026/09/30 04:23:44.279, Tesla T4, 13635 MiB, 15360 MiB, 94 %, 76, 61.52 W, 900 MHz
2026/09/30 04:23:44.792, Tesla T4, 13635 MiB, 15360 MiB, 98 %, 76, 66.33 W, 930 MHz
2026/09/30 04:23:45.302, Tesla T4, 13635 MiB, 15360 MiB, 100 %, 76, 62.73 W, 780 MHz
2026/09/30 04:23:45.815, Tesla T4, 13635 MiB, 15360 MiB, 100 %, 76, 78.22 W, 1170 MHz
2026/09/30 04:23:46.324, Tesla T4, 13635 MiB, 15360 MiB, 98 %, 76, 61.62 W, 1290 MHz
2026/09/30 04:23:46.838, Tesla T4, 13635 MiB, 15360 MiB, 94 %, 75, 62.89 W, 885 MHz
2026/09/30 04:23:47.348, Tesla T4, 13635 MiB, 15360 MiB, 100 %, 76, 66.59 W, 945 MHz
2026/09/30 04:23:47.856, Tesla T4, 13635 MiB, 15360 MiB, 98 %, 76, 65.65 W, 990 MHz
2026/09/30 04:23:48.364, Tesla T4, 13635 MiB, 15360 MiB, 98 %, 75, 67.26 W, 975 MHz
2026/09/30 04:23:48.872, Tesla T4, 13635 MiB, 15360 MiB, 60 %, 76, 67.37 W, 900 MHz
2026/09/30 04:23:49.398, Tesla T4, 13635 MiB, 15360 MiB, 100 %, 75, 66.42 W, 945 MHz
2026/09/30 04:23:49.919, Tesla T4, 13635 MiB, 15360 MiB, 100 %, 75, 62.89 W, 1110 MHz
2026/09/30 04:23:50.440, Tesla T4, 13635 MiB, 15360 MiB, 93 %, 76, 75.10 W, 885 MHz
2026/09/30 04:23:50.960, Tesla T4, 13635 MiB, 15360 MiB, 96 %, 76, 65.40 W, 915 MHz
2026/09/30 04:23:51.492, Tesla T4, 13635 MiB, 15360 MiB, 94 %, 76, 67.00 W, 885 MHz
2026/09/30 04:23:52.003, Tesla T4, 13635 MiB, 15360 MiB, 100 %, 75, 67.90 W, 945 MHz
2026/09/30 04:23:52.513, Tesla T4, 13635 MiB, 15360 MiB, 0 %, 75, 44.09 W, 1590 MHz
2026/09/30 04:23:53.018, Tesla T4, 13635 MiB, 15360 MiB, 0 %, 74, 44.36 W, 1590 MHz
2026/09/30 04:23:53.523, Tesla T4, 13635 MiB, 15360 MiB, 1 %, 75, 63.73 W, 840 MHz
2026/09/30 04:23:54.030, Tesla T4, 13635 MiB, 15360 MiB, 97 %, 75, 67.70 W, 900 MHz
2026/09/30 04:23:54.540, Tesla T4, 13635 MiB, 15360 MiB, 94 %, 75, 67.21 W, 840 MHz
2026/09/30 04:23:55.049, Tesla T4, 13635 MiB, 15360 MiB, 100 %, 75, 56.52 W, 900 MHz
2026/09/30 04:23:55.564, Tesla T4, 13635 MiB, 15360 MiB, 100 %, 75, 84.85 W, 900 MHz
2026/09/30 04:23:56.074, Tesla T4, 13635 MiB, 15360 MiB, 99 %, 75, 67.21 W, 855 MHz
2026/09/30 04:23:56.582, Tesla T4, 13635 MiB, 15360 MiB, 98 %, 75, 65.69 W, 975 MHz
2026/09/30 04:23:57.090, Tesla T4, 13635 MiB, 15360 MiB, 95 %, 75, 73.39 W, 975 MHz
2026/09/30 04:23:57.598, Tesla T4, 13635 MiB, 15360 MiB, 100 %, 75, 62.50 W, 1020 MHz
2026/09/30 04:23:58.108, Tesla T4, 13635 MiB, 15360 MiB, 91 %, 75, 78.71 W, 825 MHz
2026/09/30 04:23:58.616, Tesla T4, 13635 MiB, 15360 MiB, 100 %, 75, 65.59 W, 1005 MHz
2026/09/30 04:23:59.125, Tesla T4, 13635 MiB, 15360 MiB, 100 %, 75, 60.57 W, 1020 MHz
2026/09/30 04:23:59.640, Tesla T4, 13635 MiB, 15360 MiB, 100 %, 75, 63.97 W, 885 MHz
2026/09/30 04:24:00.149, Tesla T4, 13635 MiB, 15360 MiB, 98 %, 75, 65.49 W, 960 MHz
2026/09/30 04:24:00.657, Tesla T4, 13635 MiB, 15360 MiB, 100 %, 75, 74.27 W, 1035 MHz
2026/09/30 04:24:01.178, Tesla T4, 13635 MiB, 15360 MiB, 100 %, 75, 65.83 W, 1470 MHz
2026/09/30 04:24:01.690, Tesla T4, 13635 MiB, 15360 MiB, 98 %, 75, 68.04 W, 1035 MHz
2026/09/30 04:24:02.210, Tesla T4, 13635 MiB, 15360 MiB, 99 %, 75, 69.56 W, 825 MHz
2026/09/30 04:24:02.746, Tesla T4, 13635 MiB, 15360 MiB, 100 %, 75, 57.90 W, 1500 MHz
2026/09/30 04:24:03.270, Tesla T4, 13635 MiB, 15360 MiB, 73 %, 75, 53.71 W, 1500 MHz
2026/09/30 04:24:03.786, Tesla T4, 13635 MiB, 15360 MiB, 77 %, 75, 73.97 W, 855 MHz
2026/09/30 04:24:04.305, Tesla T4, 13635 MiB, 15360 MiB, 100 %, 76, 66.96 W, 915 MHz
2026/09/30 04:24:04.813, Tesla T4, 13635 MiB, 15360 MiB, 98 %, 76, 64.91 W, 930 MHz
2026/09/30 04:24:05.323, Tesla T4, 13635 MiB, 15360 MiB, 100 %, 75, 71.13 W, 990 MHz
2026/09/30 04:24:05.844, Tesla T4, 13635 MiB, 15360 MiB, 100 %, 76, 102.96 W, 1095 MHz
2026/09/30 04:24:06.353, Tesla T4, 13635 MiB, 15360 MiB, 98 %, 76, 61.81 W, 1245 MHz
2026/09/30 04:24:06.865, Tesla T4, 13635 MiB, 15360 MiB, 93 %, 76, 65.73 W, 885 MHz
2026/09/30 04:24:07.378, Tesla T4, 13635 MiB, 15360 MiB, 94 %, 76, 70.59 W, 765 MHz
2026/09/30 04:24:07.889, Tesla T4, 13635 MiB, 15360 MiB, 100 %, 76, 76.96 W, 960 MHz
2026/09/30 04:24:08.403, Tesla T4, 13635 MiB, 15360 MiB, 92 %, 76, 61.58 W, 975 MHz
2026/09/30 04:24:08.912, Tesla T4, 13635 MiB, 15360 MiB, 98 %, 76, 66.08 W, 1005 MHz
2026/09/30 04:24:09.421, Tesla T4, 13635 MiB, 15360 MiB, 99 %, 76, 59.89 W, 930 MHz
2026/09/30 04:24:09.940, Tesla T4, 13635 MiB, 15360 MiB, 94 %, 76, 69.07 W, 825 MHz
2026/09/30 04:24:10.455, Tesla T4, 13635 MiB, 15360 MiB, 94 %, 76, 65.89 W, 885 MHz
2026/09/30 04:24:10.972, Tesla T4, 13635 MiB, 15360 MiB, 94 %, 77, 64.43 W, 1185 MHz
2026/09/30 04:24:11.481, Tesla T4, 13635 MiB, 15360 MiB, 100 %, 76, 64.42 W, 1185 MHz
2026/09/30 04:24:11.995, Tesla T4, 13635 MiB, 15360 MiB, 78 %, 77, 86.40 W, 750 MHz
2026/09/30 04:24:12.504, Tesla T4, 13635 MiB, 15360 MiB, 98 %, 77, 81.15 W, 885 MHz
2026/09/30 04:24:13.013, Tesla T4, 13635 MiB, 15360 MiB, 100 %, 77, 67.80 W, 810 MHz
2026/09/30 04:24:13.532, Tesla T4, 13635 MiB, 15360 MiB, 94 %, 77, 66.47 W, 765 MHz
2026/09/30 04:24:14.043, Tesla T4, 13635 MiB, 15360 MiB, 100 %, 77, 63.97 W, 945 MHz
2026/09/30 04:24:14.571, Tesla T4, 13635 MiB, 15360 MiB, 99 %, 77, 71.96 W, 720 MHz
2026/09/30 04:24:15.107, Tesla T4, 13635 MiB, 15360 MiB, 100 %, 76, 55.54 W, 1425 MHz
2026/09/30 04:24:15.620, Tesla T4, 13635 MiB, 15360 MiB, 100 %, 77, 61.26 W, 1125 MHz
2026/09/30 04:24:16.151, Tesla T4, 13635 MiB, 15360 MiB, 89 %, 77, 60.11 W, 1485 MHz
2026/09/30 04:24:16.666, Tesla T4, 13635 MiB, 15360 MiB, 95 %, 77, 63.77 W, 1155 MHz
2026/09/30 04:24:17.176, Tesla T4, 13635 MiB, 15360 MiB, 100 %, 77, 63.81 W, 1275 MHz
2026/09/30 04:24:17.686, Tesla T4, 13635 MiB, 15360 MiB, 94 %, 77, 65.98 W, 795 MHz
2026/09/30 04:24:18.196, Tesla T4, 13635 MiB, 15360 MiB, 98 %, 77, 65.38 W, 960 MHz
2026/09/30 04:24:18.710, Tesla T4, 13635 MiB, 15360 MiB, 100 %, 77, 68.88 W, 645 MHz
2026/09/30 04:24:19.221, Tesla T4, 13635 MiB, 15360 MiB, 100 %, 77, 68.71 W, 1170 MHz
2026/09/30 04:24:19.728, Tesla T4, 13635 MiB, 15360 MiB, 99 %, 78, 66.42 W, 930 MHz
2026/09/30 04:24:20.246, Tesla T4, 13635 MiB, 15360 MiB, 100 %, 78, 83.74 W, 930 MHz
2026/09/30 04:24:20.757, Tesla T4, 13635 MiB, 15360 MiB, 93 %, 78, 68.25 W, 855 MHz
2026/09/30 04:24:21.265, Tesla T4, 13635 MiB, 15360 MiB, 99 %, 77, 38.89 W, 1200 MHz
2026/09/30 04:24:21.771, Tesla T4, 13635 MiB, 15360 MiB, 98 %, 78, 69.77 W, 930 MHz
2026/09/30 04:24:22.280, Tesla T4, 13635 MiB, 15360 MiB, 92 %, 78, 68.14 W, 840 MHz
2026/09/30 04:24:22.788, Tesla T4, 13635 MiB, 15360 MiB, 100 %, 78, 67.90 W, 945 MHz
2026/09/30 04:24:23.297, Tesla T4, 13635 MiB, 15360 MiB, 100 %, 78, 61.26 W, 975 MHz
2026/09/30 04:24:23.818, Tesla T4, 13635 MiB, 15360 MiB, 100 %, 78, 81.05 W, 810 MHz
2026/09/30 04:24:24.326, Tesla T4, 13635 MiB, 15360 MiB, 100 %, 78, 78.47 W, 960 MHz
2026/09/30 04:24:24.834, Tesla T4, 13635 MiB, 15360 MiB, 74 %, 78, 65.65 W, 900 MHz
2026/09/30 04:24:25.342, Tesla T4, 13635 MiB, 15360 MiB, 98 %, 78, 72.94 W, 630 MHz
2026/09/30 04:24:25.852, Tesla T4, 13635 MiB, 15360 MiB, 98 %, 78, 65.10 W, 885 MHz
2026/09/30 04:24:26.362, Tesla T4, 13635 MiB, 15360 MiB, 94 %, 78, 69.66 W, 840 MHz
2026/09/30 04:24:26.888, Tesla T4, 13635 MiB, 15360 MiB, 100 %, 78, 65.98 W, 1020 MHz
2026/09/30 04:24:27.411, Tesla T4, 13635 MiB, 15360 MiB, 100 %, 78, 61.26 W, 1065 MHz
2026/09/30 04:24:27.935, Tesla T4, 13635 MiB, 15360 MiB, 100 %, 78, 38.40 W, 1200 MHz
2026/09/30 04:24:28.448, Tesla T4, 13635 MiB, 15360 MiB, 97 %, 78, 62.20 W, 900 MHz
2026/09/30 04:24:28.979, Tesla T4, 13635 MiB, 15360 MiB, 83 %, 78, 65.65 W, 870 MHz
2026/09/30 04:24:29.490, Tesla T4, 13635 MiB, 15360 MiB, 100 %, 78, 65.85 W, 945 MHz
2026/09/30 04:24:30.005, Tesla T4, 13635 MiB, 15360 MiB, 100 %, 78, 60.97 W, 990 MHz
2026/09/30 04:24:30.520, Tesla T4, 13635 MiB, 15360 MiB, 97 %, 78, 77.25 W, 825 MHz
2026/09/30 04:24:31.029, Tesla T4, 13635 MiB, 15360 MiB, 100 %, 78, 61.55 W, 1260 MHz
2026/09/30 04:24:31.539, Tesla T4, 13635 MiB, 15360 MiB, 76 %, 78, 76.86 W, 930 MHz
2026/09/30 04:24:32.054, Tesla T4, 13635 MiB, 15360 MiB, 98 %, 78, 63.73 W, 1155 MHz
2026/09/30 04:24:32.567, Tesla T4, 13635 MiB, 15360 MiB, 100 %, 78, 63.38 W, 1170 MHz
2026/09/30 04:24:33.076, Tesla T4, 13635 MiB, 15360 MiB, 94 %, 78, 65.49 W, 600 MHz
2026/09/30 04:24:33.587, Tesla T4, 13635 MiB, 15360 MiB, 98 %, 78, 65.65 W, 945 MHz
2026/09/30 04:24:34.103, Tesla T4, 13635 MiB, 15360 MiB, 96 %, 78, 65.49 W, 1035 MHz
2026/09/30 04:24:34.612, Tesla T4, 13635 MiB, 15360 MiB, 91 %, 78, 68.53 W, 825 MHz
2026/09/30 04:24:35.120, Tesla T4, 13635 MiB, 15360 MiB, 100 %, 78, 64.89 W, 930 MHz
2026/09/30 04:24:35.629, Tesla T4, 13635 MiB, 15360 MiB, 100 %, 78, 71.18 W, 930 MHz
2026/09/30 04:24:36.149, Tesla T4, 13635 MiB, 15360 MiB, 94 %, 78, 66.33 W, 855 MHz
2026/09/30 04:24:36.662, Tesla T4, 13635 MiB, 15360 MiB, 100 %, 78, 58.55 W, 1305 MHz
2026/09/30 04:24:37.169, Tesla T4, 13635 MiB, 15360 MiB, 94 %, 78, 66.14 W, 690 MHz
2026/09/30 04:24:37.682, Tesla T4, 13635 MiB, 15360 MiB, 98 %, 78, 67.76 W, 915 MHz
2026/09/30 04:24:38.192, Tesla T4, 13635 MiB, 15360 MiB, 98 %, 78, 61.81 W, 1095 MHz
2026/09/30 04:24:38.710, Tesla T4, 13635 MiB, 15360 MiB, 92 %, 78, 68.44 W, 855 MHz
2026/09/30 04:24:39.218, Tesla T4, 13635 MiB, 15360 MiB, 100 %, 78, 65.55 W, 975 MHz
2026/09/30 04:24:39.739, Tesla T4, 13635 MiB, 15360 MiB, 96 %, 78, 62.89 W, 1170 MHz
2026/09/30 04:24:40.265, Tesla T4, 13635 MiB, 15360 MiB, 95 %, 78, 68.53 W, 870 MHz
2026/09/30 04:24:40.798, Tesla T4, 13635 MiB, 15360 MiB, 100 %, 78, 68.04 W, 945 MHz
2026/09/30 04:24:41.324, Tesla T4, 13635 MiB, 15360 MiB, 99 %, 77, 62.44 W, 810 MHz
2026/09/30 04:24:41.853, Tesla T4, 13635 MiB, 15360 MiB, 100 %, 78, 64.03 W, 1125 MHz
2026/09/30 04:24:42.375, Tesla T4, 13635 MiB, 15360 MiB, 100 %, 78, 67.12 W, 900 MHz
2026/09/30 04:24:42.884, Tesla T4, 13635 MiB, 15360 MiB, 100 %, 77, 73.54 W, 690 MHz
2026/09/30 04:24:43.399, Tesla T4, 13635 MiB, 15360 MiB, 100 %, 78, 67.30 W, 675 MHz
2026/09/30 04:24:43.918, Tesla T4, 13635 MiB, 15360 MiB, 98 %, 77, 73.49 W, 900 MHz
2026/09/30 04:24:44.426, Tesla T4, 13635 MiB, 15360 MiB, 100 %, 77, 67.45 W, 825 MHz
2026/09/30 04:24:44.934, Tesla T4, 13635 MiB, 15360 MiB, 93 %, 77, 70.88 W, 810 MHz
2026/09/30 04:24:45.441, Tesla T4, 13635 MiB, 15360 MiB, 92 %, 77, 65.08 W, 810 MHz
2026/09/30 04:24:45.955, Tesla T4, 13635 MiB, 15360 MiB, 94 %, 77, 70.10 W, 735 MHz
2026/09/30 04:24:46.471, Tesla T4, 13635 MiB, 15360 MiB, 96 %, 77, 66.67 W, 1260 MHz
2026/09/30 04:24:46.980, Tesla T4, 13635 MiB, 15360 MiB, 100 %, 77, 61.81 W, 1140 MHz
2026/09/30 04:24:47.491, Tesla T4, 13635 MiB, 15360 MiB, 93 %, 77, 77.35 W, 795 MHz
2026/09/30 04:24:48.000, Tesla T4, 13635 MiB, 15360 MiB, 98 %, 77, 62.14 W, 870 MHz
2026/09/30 04:24:48.516, Tesla T4, 13635 MiB, 15360 MiB, 99 %, 77, 73.09 W, 930 MHz
2026/09/30 04:24:49.025, Tesla T4, 13635 MiB, 15360 MiB, 98 %, 77, 65.65 W, 945 MHz
2026/09/30 04:24:49.535, Tesla T4, 13635 MiB, 15360 MiB, 100 %, 77, 68.19 W, 645 MHz
2026/09/30 04:24:50.044, Tesla T4, 13635 MiB, 15360 MiB, 100 %, 77, 57.96 W, 930 MHz
2026/09/30 04:24:50.551, Tesla T4, 13635 MiB, 15360 MiB, 98 %, 77, 73.24 W, 1005 MHz
2026/09/30 04:24:51.060, Tesla T4, 13635 MiB, 15360 MiB, 94 %, 77, 66.18 W, 855 MHz
2026/09/30 04:24:51.569, Tesla T4, 13635 MiB, 15360 MiB, 100 %, 77, 66.14 W, 930 MHz
2026/09/30 04:24:52.087, Tesla T4, 13635 MiB, 15360 MiB, 97 %, 77, 61.36 W, 1020 MHz
2026/09/30 04:24:52.601, Tesla T4, 13635 MiB, 15360 MiB, 90 %, 77, 68.08 W, 615 MHz
2026/09/30 04:24:53.123, Tesla T4, 13635 MiB, 15360 MiB, 97 %, 77, 65.94 W, 915 MHz
2026/09/30 04:24:53.649, Tesla T4, 13635 MiB, 15360 MiB, 56 %, 77, 57.01 W, 1080 MHz
2026/09/30 04:24:54.160, Tesla T4, 13635 MiB, 15360 MiB, 81 %, 77, 57.11 W, 1365 MHz
2026/09/30 04:24:54.683, Tesla T4, 13635 MiB, 15360 MiB, 98 %, 77, 76.86 W, 975 MHz
2026/09/30 04:24:55.192, Tesla T4, 13635 MiB, 15360 MiB, 100 %, 77, 72.95 W, 990 MHz
2026/09/30 04:24:55.710, Tesla T4, 13635 MiB, 15360 MiB, 94 %, 77, 75.15 W, 690 MHz
2026/09/30 04:24:56.223, Tesla T4, 13635 MiB, 15360 MiB, 100 %, 77, 67.41 W, 915 MHz
2026/09/30 04:24:56.734, Tesla T4, 13635 MiB, 15360 MiB, 100 %, 77, 61.36 W, 930 MHz
2026/09/30 04:24:57.255, Tesla T4, 13635 MiB, 15360 MiB, 100 %, 77, 73.38 W, 915 MHz
2026/09/30 04:24:57.764, Tesla T4, 13635 MiB, 15360 MiB, 100 %, 77, 63.57 W, 1275 MHz
2026/09/30 04:24:58.275, Tesla T4, 13635 MiB, 15360 MiB, 93 %, 77, 73.33 W, 660 MHz
2026/09/30 04:24:58.787, Tesla T4, 13635 MiB, 15360 MiB, 98 %, 77, 64.65 W, 945 MHz
2026/09/30 04:24:59.300, Tesla T4, 13635 MiB, 15360 MiB, 100 %, 77, 67.57 W, 840 MHz
2026/09/30 04:24:59.808, Tesla T4, 13635 MiB, 15360 MiB, 98 %, 77, 66.67 W, 930 MHz
2026/09/30 04:25:00.316, Tesla T4, 13635 MiB, 15360 MiB, 100 %, 77, 60.93 W, 1065 MHz
2026/09/30 04:25:00.826, Tesla T4, 13635 MiB, 15360 MiB, 100 %, 77, 76.96 W, 915 MHz
2026/09/30 04:25:01.336, Tesla T4, 13635 MiB, 15360 MiB, 94 %, 77, 70.39 W, 780 MHz
2026/09/30 04:25:01.855, Tesla T4, 13635 MiB, 15360 MiB, 100 %, 77, 65.16 W, 975 MHz
2026/09/30 04:25:02.364, Tesla T4, 13635 MiB, 15360 MiB, 100 %, 77, 69.72 W, 900 MHz
2026/09/30 04:25:02.880, Tesla T4, 13635 MiB, 15360 MiB, 76 %, 77, 92.50 W, 735 MHz
2026/09/30 04:25:03.394, Tesla T4, 13635 MiB, 15360 MiB, 97 %, 77, 67.90 W, 990 MHz
2026/09/30 04:25:03.903, Tesla T4, 13635 MiB, 15360 MiB, 97 %, 77, 61.26 W, 1050 MHz
2026/09/30 04:25:04.411, Tesla T4, 13635 MiB, 15360 MiB, 99 %, 77, 66.14 W, 885 MHz
2026/09/30 04:25:04.923, Tesla T4, 13635 MiB, 15360 MiB, 100 %, 77, 65.49 W, 915 MHz
2026/09/30 04:25:05.453, Tesla T4, 13635 MiB, 15360 MiB, 100 %, 77, 61.16 W, 1095 MHz
2026/09/30 04:25:05.976, Tesla T4, 13635 MiB, 15360 MiB, 84 %, 77, 74.80 W, 1170 MHz
2026/09/30 04:25:06.495, Tesla T4, 13635 MiB, 15360 MiB, 98 %, 77, 64.36 W, 1230 MHz
2026/09/30 04:25:07.010, Tesla T4, 13635 MiB, 15360 MiB, 84 %, 77, 65.79 W, 1140 MHz
2026/09/30 04:25:07.524, Tesla T4, 13635 MiB, 15360 MiB, 98 %, 77, 73.63 W, 900 MHz
2026/09/30 04:25:08.034, Tesla T4, 13635 MiB, 15360 MiB, 94 %, 77, 62.01 W, 885 MHz
2026/09/30 04:25:08.543, Tesla T4, 13635 MiB, 15360 MiB, 100 %, 77, 63.40 W, 930 MHz
2026/09/30 04:25:09.052, Tesla T4, 13635 MiB, 15360 MiB, 100 %, 77, 68.53 W, 630 MHz
2026/09/30 04:25:09.561, Tesla T4, 13635 MiB, 15360 MiB, 100 %, 77, 66.53 W, 870 MHz
2026/09/30 04:25:10.069, Tesla T4, 13635 MiB, 15360 MiB, 100 %, 77, 61.71 W, 1110 MHz
2026/09/30 04:25:10.578, Tesla T4, 13635 MiB, 15360 MiB, 94 %, 77, 72.56 W, 810 MHz
2026/09/30 04:25:11.088, Tesla T4, 13635 MiB, 15360 MiB, 98 %, 77, 60.73 W, 870 MHz
2026/09/30 04:25:11.604, Tesla T4, 13635 MiB, 15360 MiB, 98 %, 77, 61.30 W, 855 MHz
2026/09/30 04:25:12.112, Tesla T4, 13635 MiB, 15360 MiB, 93 %, 77, 64.28 W, 1140 MHz
2026/09/30 04:25:12.633, Tesla T4, 13635 MiB, 15360 MiB, 13 %, 76, 45.34 W, 1590 MHz
2026/09/30 04:25:13.139, Tesla T4, 13635 MiB, 15360 MiB, 0 %, 76, 45.34 W, 1590 MHz
2026/09/30 04:25:13.643, Tesla T4, 13635 MiB, 15360 MiB, 0 %, 76, 45.05 W, 1590 MHz
2026/09/30 04:25:14.149, Tesla T4, 13635 MiB, 15360 MiB, 100 %, 76, 67.70 W, 1215 MHz
2026/09/30 04:25:14.673, Tesla T4, 13635 MiB, 15360 MiB, 94 %, 77, 68.44 W, 825 MHz
2026/09/30 04:25:15.182, Tesla T4, 13635 MiB, 15360 MiB, 98 %, 77, 67.45 W, 930 MHz
2026/09/30 04:25:15.690, Tesla T4, 13661 MiB, 15360 MiB, 87 %, 76, 50.76 W, 1470 MHz
2026/09/30 04:25:16.195, Tesla T4, 13661 MiB, 15360 MiB, 100 %, 77, 63.57 W, 885 MHz
2026/09/30 04:25:16.716, Tesla T4, 13661 MiB, 15360 MiB, 100 %, 76, 38.03 W, 1515 MHz
2026/09/30 04:25:17.222, Tesla T4, 13661 MiB, 15360 MiB, 100 %, 77, 69.47 W, 945 MHz
2026/09/30 04:25:17.747, Tesla T4, 13661 MiB, 15360 MiB, 97 %, 77, 67.16 W, 765 MHz
2026/09/30 04:25:18.291, Tesla T4, 13661 MiB, 15360 MiB, 87 %, 77, 68.58 W, 780 MHz
2026/09/30 04:25:18.812, Tesla T4, 13661 MiB, 15360 MiB, 100 %, 77, 72.94 W, 855 MHz
2026/09/30 04:25:19.343, Tesla T4, 13661 MiB, 15360 MiB, 88 %, 77, 64.85 W, 960 MHz
2026/09/30 04:25:19.871, Tesla T4, 13661 MiB, 15360 MiB, 100 %, 77, 66.78 W, 975 MHz
2026/09/30 04:25:20.385, Tesla T4, 13661 MiB, 15360 MiB, 100 %, 77, 62.59 W, 960 MHz
2026/09/30 04:25:20.897, Tesla T4, 13661 MiB, 15360 MiB, 100 %, 77, 66.29 W, 825 MHz
2026/09/30 04:25:21.405, Tesla T4, 13661 MiB, 15360 MiB, 100 %, 77, 66.95 W, 960 MHz
2026/09/30 04:25:21.915, Tesla T4, 13661 MiB, 15360 MiB, 99 %, 77, 60.83 W, 1125 MHz
2026/09/30 04:25:22.426, Tesla T4, 13661 MiB, 15360 MiB, 95 %, 77, 71.57 W, 810 MHz
2026/09/30 04:25:22.935, Tesla T4, 13661 MiB, 15360 MiB, 98 %, 77, 65.45 W, 855 MHz
2026/09/30 04:25:23.445, Tesla T4, 13661 MiB, 15360 MiB, 56 %, 77, 69.13 W, 900 MHz
2026/09/30 04:25:23.961, Tesla T4, 13661 MiB, 15360 MiB, 95 %, 77, 65.14 W, 1035 MHz
2026/09/30 04:25:24.470, Tesla T4, 13661 MiB, 15360 MiB, 100 %, 77, 62.40 W, 1215 MHz
2026/09/30 04:25:24.980, Tesla T4, 13661 MiB, 15360 MiB, 94 %, 77, 71.92 W, 615 MHz
2026/09/30 04:25:25.490, Tesla T4, 13661 MiB, 15360 MiB, 98 %, 77, 86.08 W, 915 MHz
2026/09/30 04:25:25.998, Tesla T4, 13661 MiB, 15360 MiB, 99 %, 77, 69.72 W, 870 MHz
2026/09/30 04:25:26.516, Tesla T4, 13661 MiB, 15360 MiB, 79 %, 77, 60.63 W, 945 MHz
2026/09/30 04:25:27.033, Tesla T4, 13661 MiB, 15360 MiB, 98 %, 77, 65.49 W, 900 MHz
2026/09/30 04:25:27.542, Tesla T4, 13661 MiB, 15360 MiB, 94 %, 77, 67.26 W, 840 MHz
2026/09/30 04:25:28.050, Tesla T4, 13661 MiB, 15360 MiB, 100 %, 77, 65.14 W, 930 MHz
2026/09/30 04:25:28.560, Tesla T4, 13661 MiB, 15360 MiB, 98 %, 77, 67.47 W, 990 MHz
2026/09/30 04:25:29.070, Tesla T4, 13661 MiB, 15360 MiB, 98 %, 77, 80.37 W, 930 MHz
2026/09/30 04:25:29.580, Tesla T4, 13661 MiB, 15360 MiB, 78 %, 77, 67.20 W, 885 MHz
2026/09/30 04:25:30.092, Tesla T4, 13661 MiB, 15360 MiB, 100 %, 77, 64.65 W, 945 MHz
2026/09/30 04:25:30.610, Tesla T4, 13661 MiB, 15360 MiB, 98 %, 77, 61.46 W, 975 MHz
2026/09/30 04:25:31.136, Tesla T4, 13661 MiB, 15360 MiB, 90 %, 77, 70.30 W, 660 MHz
2026/09/30 04:25:31.660, Tesla T4, 13661 MiB, 15360 MiB, 98 %, 77, 64.96 W, 930 MHz
2026/09/30 04:25:32.186, Tesla T4, 13661 MiB, 15360 MiB, 88 %, 77, 63.87 W, 825 MHz
2026/09/30 04:25:32.710, Tesla T4, 13661 MiB, 15360 MiB, 100 %, 77, 64.55 W, 930 MHz
2026/09/30 04:25:33.218, Tesla T4, 13661 MiB, 15360 MiB, 100 %, 77, 81.64 W, 960 MHz
2026/09/30 04:25:33.731, Tesla T4, 13661 MiB, 15360 MiB, 100 %, 77, 67.45 W, 855 MHz
2026/09/30 04:25:34.240, Tesla T4, 13661 MiB, 15360 MiB, 98 %, 77, 67.75 W, 915 MHz
2026/09/30 04:25:34.748, Tesla T4, 13661 MiB, 15360 MiB, 100 %, 77, 61.95 W, 765 MHz
2026/09/30 04:25:35.262, Tesla T4, 13661 MiB, 15360 MiB, 100 %, 77, 58.10 W, 1035 MHz
2026/09/30 04:25:35.778, Tesla T4, 13661 MiB, 15360 MiB, 98 %, 77, 65.20 W, 1005 MHz
2026/09/30 04:25:36.285, Tesla T4, 13661 MiB, 15360 MiB, 98 %, 77, 75.10 W, 690 MHz
2026/09/30 04:25:36.797, Tesla T4, 13661 MiB, 15360 MiB, 100 %, 77, 64.16 W, 1140 MHz
2026/09/30 04:25:37.305, Tesla T4, 13661 MiB, 15360 MiB, 100 %, 77, 63.97 W, 1125 MHz
2026/09/30 04:25:37.819, Tesla T4, 13661 MiB, 15360 MiB, 94 %, 77, 74.81 W, 870 MHz
2026/09/30 04:25:38.332, Tesla T4, 13661 MiB, 15360 MiB, 93 %, 77, 68.24 W, 1275 MHz
2026/09/30 04:25:38.840, Tesla T4, 13661 MiB, 15360 MiB, 90 %, 77, 100.76 W, 690 MHz
2026/09/30 04:25:39.350, Tesla T4, 13661 MiB, 15360 MiB, 97 %, 77, 62.20 W, 1245 MHz
2026/09/30 04:25:39.857, Tesla T4, 13661 MiB, 15360 MiB, 94 %, 77, 73.54 W, 780 MHz
2026/09/30 04:25:40.370, Tesla T4, 13661 MiB, 15360 MiB, 100 %, 77, 65.65 W, 915 MHz
2026/09/30 04:25:40.881, Tesla T4, 13661 MiB, 15360 MiB, 100 %, 77, 73.14 W, 1005 MHz
2026/09/30 04:25:41.396, Tesla T4, 13661 MiB, 15360 MiB, 94 %, 77, 65.14 W, 855 MHz
2026/09/30 04:25:41.905, Tesla T4, 13661 MiB, 15360 MiB, 99 %, 77, 66.47 W, 975 MHz
2026/09/30 04:25:42.411, Tesla T4, 13661 MiB, 15360 MiB, 98 %, 77, 64.36 W, 960 MHz
2026/09/30 04:25:42.930, Tesla T4, 13661 MiB, 15360 MiB, 76 %, 77, 64.85 W, 990 MHz
2026/09/30 04:25:43.467, Tesla T4, 13661 MiB, 15360 MiB, 86 %, 77, 68.67 W, 795 MHz
2026/09/30 04:25:43.985, Tesla T4, 13661 MiB, 15360 MiB, 98 %, 77, 66.08 W, 1005 MHz
2026/09/30 04:25:44.513, Tesla T4, 13661 MiB, 15360 MiB, 100 %, 77, 61.46 W, 1170 MHz
2026/09/30 04:25:45.038, Tesla T4, 13661 MiB, 15360 MiB, 64 %, 78, 55.02 W, 1005 MHz
2026/09/30 04:25:45.552, Tesla T4, 13661 MiB, 15360 MiB, 100 %, 77, 66.08 W, 1065 MHz
2026/09/30 04:25:46.069, Tesla T4, 13661 MiB, 15360 MiB, 94 %, 77, 72.40 W, 870 MHz
2026/09/30 04:25:46.584, Tesla T4, 13661 MiB, 15360 MiB, 98 %, 77, 66.47 W, 960 MHz
2026/09/30 04:25:47.097, Tesla T4, 13661 MiB, 15360 MiB, 100 %, 77, 62.59 W, 1155 MHz
2026/09/30 04:25:47.608, Tesla T4, 13661 MiB, 15360 MiB, 100 %, 77, 74.61 W, 840 MHz
2026/09/30 04:25:48.119, Tesla T4, 13661 MiB, 15360 MiB, 100 %, 77, 66.38 W, 1005 MHz
2026/09/30 04:25:48.632, Tesla T4, 13661 MiB, 15360 MiB, 100 %, 77, 73.29 W, 960 MHz
2026/09/30 04:25:49.140, Tesla T4, 13661 MiB, 15360 MiB, 100 %, 77, 67.12 W, 870 MHz
2026/09/30 04:25:49.649, Tesla T4, 13661 MiB, 15360 MiB, 98 %, 77, 67.41 W, 960 MHz
2026/09/30 04:25:50.157, Tesla T4, 13661 MiB, 15360 MiB, 99 %, 77, 72.31 W, 1035 MHz
2026/09/30 04:25:50.665, Tesla T4, 13661 MiB, 15360 MiB, 94 %, 77, 67.70 W, 840 MHz
2026/09/30 04:25:51.181, Tesla T4, 13661 MiB, 15360 MiB, 100 %, 77, 65.73 W, 975 MHz
2026/09/30 04:25:51.692, Tesla T4, 13661 MiB, 15360 MiB, 100 %, 77, 63.18 W, 840 MHz
2026/09/30 04:25:52.207, Tesla T4, 13661 MiB, 15360 MiB, 100 %, 77, 60.32 W, 1350 MHz
2026/09/30 04:25:52.713, Tesla T4, 13661 MiB, 15360 MiB, 96 %, 77, 66.33 W, 675 MHz
2026/09/30 04:25:53.222, Tesla T4, 13661 MiB, 15360 MiB, 98 %, 77, 68.64 W, 930 MHz
2026/09/30 04:25:53.737, Tesla T4, 13661 MiB, 15360 MiB, 100 %, 77, 67.16 W, 825 MHz
2026/09/30 04:25:54.246, Tesla T4, 13661 MiB, 15360 MiB, 100 %, 77, 67.16 W, 990 MHz
2026/09/30 04:25:54.754, Tesla T4, 13661 MiB, 15360 MiB, 100 %, 77, 61.26 W, 1050 MHz
2026/09/30 04:25:55.266, Tesla T4, 13661 MiB, 15360 MiB, 88 %, 77, 66.90 W, 1350 MHz
2026/09/30 04:25:55.785, Tesla T4, 13661 MiB, 15360 MiB, 88 %, 78, 61.42 W, 1125 MHz
2026/09/30 04:25:56.298, Tesla T4, 13661 MiB, 15360 MiB, 100 %, 77, 61.85 W, 1200 MHz
2026/09/30 04:25:56.817, Tesla T4, 13661 MiB, 15360 MiB, 80 %, 78, 71.32 W, 1245 MHz
2026/09/30 04:25:57.332, Tesla T4, 13661 MiB, 15360 MiB, 98 %, 77, 40.74 W, 1440 MHz
2026/09/30 04:25:57.856, Tesla T4, 13661 MiB, 15360 MiB, 100 %, 77, 61.03 W, 1035 MHz
2026/09/30 04:25:58.374, Tesla T4, 13661 MiB, 15360 MiB, 100 %, 77, 69.98 W, 825 MHz
2026/09/30 04:25:58.884, Tesla T4, 13661 MiB, 15360 MiB, 98 %, 78, 65.04 W, 975 MHz
2026/09/30 04:25:59.394, Tesla T4, 13661 MiB, 15360 MiB, 94 %, 77, 58.88 W, 795 MHz
2026/09/30 04:25:59.902, Tesla T4, 13661 MiB, 15360 MiB, 100 %, 77, 66.86 W, 915 MHz
2026/09/30 04:26:00.411, Tesla T4, 13661 MiB, 15360 MiB, 98 %, 77, 63.18 W, 1260 MHz
2026/09/30 04:26:00.930, Tesla T4, 13661 MiB, 15360 MiB, 81 %, 77, 72.75 W, 795 MHz
2026/09/30 04:26:01.440, Tesla T4, 13661 MiB, 15360 MiB, 100 %, 77, 67.79 W, 960 MHz
2026/09/30 04:26:01.948, Tesla T4, 13661 MiB, 15360 MiB, 100 %, 77, 69.47 W, 795 MHz
2026/09/30 04:26:02.456, Tesla T4, 13661 MiB, 15360 MiB, 100 %, 77, 65.28 W, 975 MHz
2026/09/30 04:26:02.965, Tesla T4, 13661 MiB, 15360 MiB, 100 %, 77, 60.05 W, 1290 MHz
2026/09/30 04:26:03.481, Tesla T4, 13661 MiB, 15360 MiB, 93 %, 77, 66.28 W, 825 MHz
2026/09/30 04:26:03.989, Tesla T4, 13661 MiB, 15360 MiB, 77 %, 77, 70.41 W, 960 MHz
2026/09/30 04:26:04.498, Tesla T4, 13661 MiB, 15360 MiB, 94 %, 77, 71.28 W, 690 MHz
2026/09/30 04:26:05.010, Tesla T4, 13661 MiB, 15360 MiB, 98 %, 77, 66.32 W, 945 MHz
2026/09/30 04:26:05.519, Tesla T4, 13661 MiB, 15360 MiB, 98 %, 77, 60.67 W, 960 MHz
2026/09/30 04:26:06.034, Tesla T4, 13661 MiB, 15360 MiB, 95 %, 77, 63.63 W, 870 MHz
2026/09/30 04:26:06.543, Tesla T4, 13661 MiB, 15360 MiB, 100 %, 77, 66.08 W, 930 MHz
2026/09/30 04:26:07.051, Tesla T4, 13661 MiB, 15360 MiB, 100 %, 77, 61.06 W, 960 MHz
2026/09/30 04:26:07.559, Tesla T4, 13661 MiB, 15360 MiB, 100 %, 77, 65.98 W, 870 MHz
2026/09/30 04:26:08.069, Tesla T4, 13661 MiB, 15360 MiB, 98 %, 77, 66.12 W, 915 MHz
2026/09/30 04:26:08.589, Tesla T4, 13661 MiB, 15360 MiB, 100 %, 77, 62.34 W, 1140 MHz
2026/09/30 04:26:09.116, Tesla T4, 13661 MiB, 15360 MiB, 94 %, 77, 64.75 W, 840 MHz
2026/09/30 04:26:09.649, Tesla T4, 13661 MiB, 15360 MiB, 100 %, 77, 66.63 W, 1200 MHz
2026/09/30 04:26:10.178, Tesla T4, 13661 MiB, 15360 MiB, 100 %, 77, 63.57 W, 1005 MHz
2026/09/30 04:26:10.701, Tesla T4, 13661 MiB, 15360 MiB, 100 %, 77, 66.86 W, 780 MHz
2026/09/30 04:26:11.209, Tesla T4, 13661 MiB, 15360 MiB, 98 %, 77, 64.06 W, 885 MHz
2026/09/30 04:26:11.718, Tesla T4, 13661 MiB, 15360 MiB, 90 %, 77, 69.76 W, 870 MHz
2026/09/30 04:26:12.226, Tesla T4, 13661 MiB, 15360 MiB, 100 %, 77, 65.98 W, 930 MHz
2026/09/30 04:26:12.735, Tesla T4, 13661 MiB, 15360 MiB, 100 %, 77, 65.00 W, 1155 MHz
2026/09/30 04:26:13.252, Tesla T4, 13661 MiB, 15360 MiB, 79 %, 77, 64.61 W, 765 MHz
2026/09/30 04:26:13.760, Tesla T4, 13661 MiB, 15360 MiB, 100 %, 77, 69.07 W, 825 MHz
2026/09/30 04:26:14.269, Tesla T4, 13661 MiB, 15360 MiB, 61 %, 76, 43.10 W, 1530 MHz
2026/09/30 04:26:14.774, Tesla T4, 13661 MiB, 15360 MiB, 75 %, 77, 62.79 W, 1245 MHz
2026/09/30 04:26:15.287, Tesla T4, 13661 MiB, 15360 MiB, 94 %, 77, 62.40 W, 855 MHz
2026/09/30 04:26:15.801, Tesla T4, 13661 MiB, 15360 MiB, 98 %, 77, 65.73 W, 900 MHz
2026/09/30 04:26:16.312, Tesla T4, 13661 MiB, 15360 MiB, 100 %, 77, 64.36 W, 870 MHz
2026/09/30 04:26:16.826, Tesla T4, 13661 MiB, 15360 MiB, 79 %, 77, 45.44 W, 1470 MHz
2026/09/30 04:26:17.335, Tesla T4, 13661 MiB, 15360 MiB, 100 %, 77, 62.63 W, 1200 MHz
2026/09/30 04:26:17.852, Tesla T4, 13661 MiB, 15360 MiB, 94 %, 77, 70.50 W, 690 MHz
2026/09/30 04:26:18.360, Tesla T4, 13661 MiB, 15360 MiB, 98 %, 77, 85.98 W, 885 MHz
2026/09/30 04:26:18.868, Tesla T4, 13661 MiB, 15360 MiB, 100 %, 77, 62.01 W, 855 MHz
2026/09/30 04:26:19.377, Tesla T4, 13661 MiB, 15360 MiB, 98 %, 77, 65.30 W, 915 MHz
2026/09/30 04:26:19.886, Tesla T4, 13661 MiB, 15360 MiB, 100 %, 77, 66.73 W, 855 MHz
2026/09/30 04:26:20.409, Tesla T4, 13661 MiB, 15360 MiB, 100 %, 76, 67.45 W, 1455 MHz
2026/09/30 04:26:20.919, Tesla T4, 13661 MiB, 15360 MiB, 96 %, 77, 62.79 W, 915 MHz
2026/09/30 04:26:21.454, Tesla T4, 13661 MiB, 15360 MiB, 95 %, 77, 73.49 W, 660 MHz
2026/09/30 04:26:21.975, Tesla T4, 13661 MiB, 15360 MiB, 100 %, 77, 67.02 W, 1365 MHz
2026/09/30 04:26:22.496, Tesla T4, 13661 MiB, 15360 MiB, 98 %, 77, 66.57 W, 975 MHz
2026/09/30 04:26:23.005, Tesla T4, 13661 MiB, 15360 MiB, 95 %, 77, 69.47 W, 675 MHz
2026/09/30 04:26:23.513, Tesla T4, 13661 MiB, 15360 MiB, 83 %, 77, 71.57 W, 1350 MHz
2026/09/30 04:26:24.019, Tesla T4, 13661 MiB, 15360 MiB, 100 %, 77, 61.62 W, 1170 MHz
2026/09/30 04:26:24.529, Tesla T4, 13661 MiB, 15360 MiB, 94 %, 77, 71.18 W, 765 MHz
2026/09/30 04:26:25.038, Tesla T4, 13661 MiB, 15360 MiB, 98 %, 77, 65.24 W, 945 MHz
2026/09/30 04:26:25.554, Tesla T4, 13661 MiB, 15360 MiB, 100 %, 77, 69.70 W, 825 MHz
2026/09/30 04:26:26.064, Tesla T4, 13661 MiB, 15360 MiB, 100 %, 77, 66.86 W, 930 MHz
2026/09/30 04:26:26.578, Tesla T4, 13661 MiB, 15360 MiB, 100 %, 77, 61.62 W, 1080 MHz
2026/09/30 04:26:27.095, Tesla T4, 13661 MiB, 15360 MiB, 93 %, 77, 98.05 W, 825 MHz
2026/09/30 04:26:27.619, Tesla T4, 13661 MiB, 15360 MiB, 98 %, 77, 64.03 W, 885 MHz
2026/09/30 04:26:28.129, Tesla T4, 13661 MiB, 15360 MiB, 94 %, 77, 67.61 W, 870 MHz
2026/09/30 04:26:28.662, Tesla T4, 13661 MiB, 15360 MiB, 100 %, 77, 69.18 W, 915 MHz
2026/09/30 04:26:29.172, Tesla T4, 13661 MiB, 15360 MiB, 94 %, 77, 75.00 W, 735 MHz
2026/09/30 04:26:29.699, Tesla T4, 13661 MiB, 15360 MiB, 100 %, 77, 64.91 W, 945 MHz
2026/09/30 04:26:30.206, Tesla T4, 13661 MiB, 15360 MiB, 98 %, 77, 62.26 W, 1185 MHz
2026/09/30 04:26:30.729, Tesla T4, 13661 MiB, 15360 MiB, 85 %, 77, 79.39 W, 825 MHz
2026/09/30 04:26:31.237, Tesla T4, 13661 MiB, 15360 MiB, 98 %, 77, 78.47 W, 870 MHz
2026/09/30 04:26:31.746, Tesla T4, 13661 MiB, 15360 MiB, 94 %, 77, 62.01 W, 885 MHz
2026/09/30 04:26:32.255, Tesla T4, 13661 MiB, 15360 MiB, 100 %, 77, 63.87 W, 930 MHz
2026/09/30 04:26:32.786, Tesla T4, 13661 MiB, 15360 MiB, 100 %, 77, 60.87 W, 1200 MHz
2026/09/30 04:26:33.296, Tesla T4, 13661 MiB, 15360 MiB, 91 %, 77, 69.66 W, 900 MHz
2026/09/30 04:26:33.822, Tesla T4, 13661 MiB, 15360 MiB, 100 %, 76, 44.65 W, 1575 MHz
2026/09/30 04:26:34.328, Tesla T4, 13661 MiB, 15360 MiB, 0 %, 76, 45.24 W, 1590 MHz
2026/09/30 04:26:34.833, Tesla T4, 13661 MiB, 15360 MiB, 0 %, 76, 45.07 W, 1590 MHz
2026/09/30 04:26:35.342, Tesla T4, 13661 MiB, 15360 MiB, 90 %, 77, 68.88 W, 900 MHz
2026/09/30 04:26:35.850, Tesla T4, 13661 MiB, 15360 MiB, 98 %, 76, 66.81 W, 990 MHz
2026/09/30 04:26:36.359, Tesla T4, 13661 MiB, 15360 MiB, 100 %, 76, 62.34 W, 840 MHz
2026/09/30 04:26:36.876, Tesla T4, 13661 MiB, 15360 MiB, 100 %, 77, 60.63 W, 1035 MHz
2026/09/30 04:26:37.391, Tesla T4, 13661 MiB, 15360 MiB, 100 %, 77, 61.81 W, 1320 MHz
2026/09/30 04:26:37.898, Tesla T4, 13661 MiB, 15360 MiB, 94 %, 77, 62.44 W, 825 MHz
2026/09/30 04:26:38.407, Tesla T4, 13661 MiB, 15360 MiB, 99 %, 77, 64.81 W, 930 MHz
2026/09/30 04:26:38.915, Tesla T4, 13661 MiB, 15360 MiB, 100 %, 76, 61.62 W, 990 MHz
2026/09/30 04:26:39.429, Tesla T4, 13661 MiB, 15360 MiB, 100 %, 77, 60.44 W, 960 MHz
2026/09/30 04:26:39.938, Tesla T4, 13661 MiB, 15360 MiB, 100 %, 77, 67.90 W, 960 MHz
2026/09/30 04:26:40.447, Tesla T4, 13661 MiB, 15360 MiB, 100 %, 77, 60.77 W, 1140 MHz
2026/09/30 04:26:40.963, Tesla T4, 13661 MiB, 15360 MiB, 93 %, 77, 74.56 W, 720 MHz
2026/09/30 04:26:41.476, Tesla T4, 13661 MiB, 15360 MiB, 98 %, 76, 67.94 W, 990 MHz
2026/09/30 04:26:41.983, Tesla T4, 13661 MiB, 15360 MiB, 98 %, 77, 71.13 W, 945 MHz
2026/09/30 04:26:42.491, Tesla T4, 13661 MiB, 15360 MiB, 100 %, 77, 77.05 W, 885 MHz
2026/09/30 04:26:43.006, Tesla T4, 13661 MiB, 15360 MiB, 94 %, 77, 66.00 W, 750 MHz
2026/09/30 04:26:43.520, Tesla T4, 13661 MiB, 15360 MiB, 100 %, 77, 63.97 W, 855 MHz
2026/09/30 04:26:44.030, Tesla T4, 13661 MiB, 15360 MiB, 94 %, 77, 61.87 W, 825 MHz
2026/09/30 04:26:44.538, Tesla T4, 13661 MiB, 15360 MiB, 100 %, 76, 67.13 W, 1410 MHz
2026/09/30 04:26:45.047, Tesla T4, 13661 MiB, 15360 MiB, 100 %, 77, 61.26 W, 1245 MHz
2026/09/30 04:26:45.576, Tesla T4, 13661 MiB, 15360 MiB, 100 %, 77, 65.02 W, 675 MHz
2026/09/30 04:26:46.104, Tesla T4, 13661 MiB, 15360 MiB, 98 %, 77, 65.98 W, 945 MHz
2026/09/30 04:26:46.626, Tesla T4, 13661 MiB, 15360 MiB, 100 %, 77, 68.00 W, 810 MHz
2026/09/30 04:26:47.141, Tesla T4, 13661 MiB, 15360 MiB, 100 %, 77, 66.28 W, 900 MHz
2026/09/30 04:26:47.662, Tesla T4, 13661 MiB, 15360 MiB, 99 %, 77, 60.48 W, 1110 MHz
2026/09/30 04:26:48.175, Tesla T4, 13661 MiB, 15360 MiB, 78 %, 77, 65.85 W, 780 MHz
2026/09/30 04:26:48.694, Tesla T4, 13661 MiB, 15360 MiB, 98 %, 77, 71.33 W, 930 MHz
2026/09/30 04:26:49.204, Tesla T4, 13661 MiB, 15360 MiB, 94 %, 77, 59.85 W, 885 MHz
2026/09/30 04:26:49.712, Tesla T4, 13661 MiB, 15360 MiB, 100 %, 77, 67.35 W, 975 MHz
2026/09/30 04:26:50.221, Tesla T4, 13661 MiB, 15360 MiB, 100 %, 77, 60.15 W, 1005 MHz
2026/09/30 04:26:50.730, Tesla T4, 13661 MiB, 15360 MiB, 100 %, 77, 67.57 W, 870 MHz
2026/09/30 04:26:51.239, Tesla T4, 13661 MiB, 15360 MiB, 98 %, 77, 69.26 W, 900 MHz
2026/09/30 04:26:51.754, Tesla T4, 13661 MiB, 15360 MiB, 98 %, 77, 64.98 W, 945 MHz
2026/09/30 04:26:52.263, Tesla T4, 13661 MiB, 15360 MiB, 93 %, 77, 61.75 W, 1215 MHz
2026/09/30 04:26:52.772, Tesla T4, 13661 MiB, 15360 MiB, 100 %, 77, 68.35 W, 885 MHz
2026/09/30 04:26:53.281, Tesla T4, 13661 MiB, 15360 MiB, 98 %, 77, 68.00 W, 915 MHz
2026/09/30 04:26:53.790, Tesla T4, 13661 MiB, 15360 MiB, 89 %, 77, 64.16 W, 1515 MHz
2026/09/30 04:26:54.296, Tesla T4, 13661 MiB, 15360 MiB, 100 %, 77, 61.16 W, 1065 MHz
2026/09/30 04:26:54.818, Tesla T4, 13661 MiB, 15360 MiB, 99 %, 77, 71.77 W, 825 MHz
2026/09/30 04:26:55.326, Tesla T4, 13661 MiB, 15360 MiB, 100 %, 77, 89.27 W, 780 MHz
2026/09/30 04:26:55.836, Tesla T4, 13661 MiB, 15360 MiB, 93 %, 77, 68.63 W, 855 MHz
2026/09/30 04:26:56.345, Tesla T4, 13661 MiB, 15360 MiB, 94 %, 77, 46.72 W, 1005 MHz
2026/09/30 04:26:56.854, Tesla T4, 13661 MiB, 15360 MiB, 99 %, 77, 63.44 W, 825 MHz
2026/09/30 04:26:57.369, Tesla T4, 13661 MiB, 15360 MiB, 96 %, 77, 67.21 W, 945 MHz
2026/09/30 04:26:57.879, Tesla T4, 13661 MiB, 15360 MiB, 97 %, 77, 64.36 W, 885 MHz
2026/09/30 04:26:58.397, Tesla T4, 13661 MiB, 15360 MiB, 99 %, 77, 66.24 W, 795 MHz
2026/09/30 04:26:58.939, Tesla T4, 13661 MiB, 15360 MiB, 100 %, 77, 68.53 W, 825 MHz
2026/09/30 04:26:59.481, Tesla T4, 13661 MiB, 15360 MiB, 96 %, 77, 66.63 W, 915 MHz
2026/09/30 04:27:00.007, Tesla T4, 13661 MiB, 15360 MiB, 99 %, 77, 69.12 W, 855 MHz
2026/09/30 04:27:00.524, Tesla T4, 13661 MiB, 15360 MiB, 98 %, 77, 69.17 W, 990 MHz
2026/09/30 04:27:01.033, Tesla T4, 13661 MiB, 15360 MiB, 98 %, 77, 62.89 W, 960 MHz
2026/09/30 04:27:01.544, Tesla T4, 13661 MiB, 15360 MiB, 94 %, 77, 69.21 W, 780 MHz
2026/09/30 04:27:02.051, Tesla T4, 13661 MiB, 15360 MiB, 100 %, 77, 66.57 W, 1125 MHz
2026/09/30 04:27:02.558, Tesla T4, 13661 MiB, 15360 MiB, 98 %, 77, 67.47 W, 1050 MHz
2026/09/30 04:27:03.064, Tesla T4, 13661 MiB, 15360 MiB, 98 %, 77, 73.04 W, 945 MHz
2026/09/30 04:27:03.572, Tesla T4, 13661 MiB, 15360 MiB, 98 %, 77, 61.75 W, 960 MHz
2026/09/30 04:27:04.080, Tesla T4, 13661 MiB, 15360 MiB, 100 %, 77, 69.06 W, 870 MHz
2026/09/30 04:27:04.595, Tesla T4, 13661 MiB, 15360 MiB, 100 %, 77, 71.28 W, 810 MHz
2026/09/30 04:27:05.110, Tesla T4, 13661 MiB, 15360 MiB, 98 %, 77, 61.81 W, 855 MHz
2026/09/30 04:27:05.620, Tesla T4, 13661 MiB, 15360 MiB, 94 %, 77, 64.12 W, 900 MHz
2026/09/30 04:27:06.128, Tesla T4, 13661 MiB, 15360 MiB, 100 %, 77, 65.20 W, 975 MHz
2026/09/30 04:27:06.637, Tesla T4, 13661 MiB, 15360 MiB, 99 %, 77, 69.32 W, 660 MHz
2026/09/30 04:27:07.147, Tesla T4, 13661 MiB, 15360 MiB, 100 %, 77, 64.03 W, 960 MHz
2026/09/30 04:27:07.655, Tesla T4, 13661 MiB, 15360 MiB, 100 %, 77, 62.14 W, 1230 MHz
2026/09/30 04:27:08.179, Tesla T4, 13661 MiB, 15360 MiB, 94 %, 77, 62.89 W, 900 MHz
2026/09/30 04:27:08.697, Tesla T4, 13661 MiB, 15360 MiB, 100 %, 77, 66.67 W, 975 MHz
2026/09/30 04:27:09.206, Tesla T4, 13661 MiB, 15360 MiB, 100 %, 77, 73.78 W, 675 MHz
2026/09/30 04:27:09.717, Tesla T4, 13661 MiB, 15360 MiB, 75 %, 78, 39.09 W, 1245 MHz
2026/09/30 04:27:10.225, Tesla T4, 13661 MiB, 15360 MiB, 100 %, 77, 65.30 W, 1215 MHz
2026/09/30 04:27:10.742, Tesla T4, 13661 MiB, 15360 MiB, 74 %, 77, 71.49 W, 1260 MHz
2026/09/30 04:27:11.257, Tesla T4, 13661 MiB, 15360 MiB, 79 %, 78, 73.87 W, 720 MHz
2026/09/30 04:27:11.780, Tesla T4, 13661 MiB, 15360 MiB, 97 %, 77, 64.12 W, 870 MHz
2026/09/30 04:27:12.307, Tesla T4, 13661 MiB, 15360 MiB, 80 %, 77, 55.67 W, 915 MHz
2026/09/30 04:27:12.836, Tesla T4, 13661 MiB, 15360 MiB, 73 %, 78, 78.76 W, 1395 MHz
2026/09/30 04:27:13.346, Tesla T4, 13661 MiB, 15360 MiB, 100 %, 77, 64.42 W, 1245 MHz
2026/09/30 04:27:13.857, Tesla T4, 13661 MiB, 15360 MiB, 94 %, 77, 67.82 W, 660 MHz
2026/09/30 04:27:14.367, Tesla T4, 13661 MiB, 15360 MiB, 100 %, 77, 66.81 W, 900 MHz
2026/09/30 04:27:14.883, Tesla T4, 13661 MiB, 15360 MiB, 95 %, 77, 68.63 W, 825 MHz
2026/09/30 04:27:15.391, Tesla T4, 13661 MiB, 15360 MiB, 100 %, 77, 64.42 W, 945 MHz
2026/09/30 04:27:15.899, Tesla T4, 13661 MiB, 15360 MiB, 100 %, 77, 62.65 W, 990 MHz
2026/09/30 04:27:16.420, Tesla T4, 13661 MiB, 15360 MiB, 77 %, 78, 38.60 W, 900 MHz
2026/09/30 04:27:16.929, Tesla T4, 13661 MiB, 15360 MiB, 100 %, 77, 65.20 W, 1290 MHz
2026/09/30 04:27:17.438, Tesla T4, 13661 MiB, 15360 MiB, 93 %, 77, 65.00 W, 735 MHz
2026/09/30 04:27:17.947, Tesla T4, 13661 MiB, 15360 MiB, 98 %, 77, 69.36 W, 900 MHz
2026/09/30 04:27:18.459, Tesla T4, 13661 MiB, 15360 MiB, 100 %, 77, 74.66 W, 885 MHz
2026/09/30 04:27:18.977, Tesla T4, 13661 MiB, 15360 MiB, 100 %, 77, 64.67 W, 1005 MHz
2026/09/30 04:27:19.485, Tesla T4, 13661 MiB, 15360 MiB, 98 %, 77, 69.56 W, 945 MHz
2026/09/30 04:27:19.994, Tesla T4, 13661 MiB, 15360 MiB, 77 %, 77, 68.11 W, 810 MHz
2026/09/30 04:27:20.515, Tesla T4, 13661 MiB, 15360 MiB, 94 %, 77, 61.95 W, 750 MHz
2026/09/30 04:27:21.024, Tesla T4, 13661 MiB, 15360 MiB, 98 %, 77, 68.74 W, 900 MHz
2026/09/30 04:27:21.534, Tesla T4, 13661 MiB, 15360 MiB, 100 %, 77, 61.42 W, 900 MHz
2026/09/30 04:27:22.057, Tesla T4, 13661 MiB, 15360 MiB, 100 %, 77, 75.88 W, 735 MHz
2026/09/30 04:27:22.571, Tesla T4, 13661 MiB, 15360 MiB, 100 %, 77, 39.78 W, 1410 MHz
2026/09/30 04:27:23.086, Tesla T4, 13661 MiB, 15360 MiB, 98 %, 77, 65.10 W, 960 MHz
2026/09/30 04:27:23.602, Tesla T4, 13661 MiB, 15360 MiB, 94 %, 77, 67.66 W, 945 MHz
2026/09/30 04:27:24.127, Tesla T4, 13661 MiB, 15360 MiB, 99 %, 77, 76.42 W, 1005 MHz
2026/09/30 04:27:24.657, Tesla T4, 13661 MiB, 15360 MiB, 88 %, 77, 72.21 W, 900 MHz
2026/09/30 04:27:25.179, Tesla T4, 13661 MiB, 15360 MiB, 100 %, 77, 42.22 W, 1365 MHz
2026/09/30 04:27:25.699, Tesla T4, 13661 MiB, 15360 MiB, 96 %, 77, 61.26 W, 1020 MHz
2026/09/30 04:27:26.209, Tesla T4, 13661 MiB, 15360 MiB, 94 %, 77, 67.02 W, 810 MHz
2026/09/30 04:27:26.717, Tesla T4, 13661 MiB, 15360 MiB, 100 %, 77, 70.25 W, 840 MHz
2026/09/30 04:27:27.226, Tesla T4, 13661 MiB, 15360 MiB, 94 %, 77, 65.40 W, 885 MHz
2026/09/30 04:27:27.734, Tesla T4, 13661 MiB, 15360 MiB, 98 %, 77, 66.82 W, 960 MHz
2026/09/30 04:27:28.246, Tesla T4, 13661 MiB, 15360 MiB, 100 %, 77, 74.66 W, 765 MHz
2026/09/30 04:27:28.764, Tesla T4, 13661 MiB, 15360 MiB, 96 %, 77, 64.65 W, 1155 MHz
2026/09/30 04:27:29.270, Tesla T4, 13661 MiB, 15360 MiB, 100 %, 77, 60.93 W, 1065 MHz
2026/09/30 04:27:29.777, Tesla T4, 13661 MiB, 15360 MiB, 93 %, 77, 72.04 W, 855 MHz
2026/09/30 04:27:30.286, Tesla T4, 13661 MiB, 15360 MiB, 99 %, 78, 62.01 W, 960 MHz
2026/09/30 04:27:30.795, Tesla T4, 13661 MiB, 15360 MiB, 89 %, 77, 64.32 W, 900 MHz
2026/09/30 04:27:31.305, Tesla T4, 13661 MiB, 15360 MiB, 94 %, 77, 72.94 W, 810 MHz
2026/09/30 04:27:31.820, Tesla T4, 13661 MiB, 15360 MiB, 100 %, 77, 65.36 W, 855 MHz
2026/09/30 04:27:32.330, Tesla T4, 13661 MiB, 15360 MiB, 100 %, 77, 65.63 W, 720 MHz
2026/09/30 04:27:32.844, Tesla T4, 13661 MiB, 15360 MiB, 100 %, 77, 66.14 W, 1140 MHz
2026/09/30 04:27:33.352, Tesla T4, 13661 MiB, 15360 MiB, 100 %, 77, 63.38 W, 825 MHz
2026/09/30 04:27:33.867, Tesla T4, 13661 MiB, 15360 MiB, 100 %, 77, 67.51 W, 765 MHz
2026/09/30 04:27:34.376, Tesla T4, 13661 MiB, 15360 MiB, 98 %, 77, 66.86 W, 945 MHz
2026/09/30 04:27:34.885, Tesla T4, 13661 MiB, 15360 MiB, 97 %, 77, 81.74 W, 960 MHz
2026/09/30 04:27:35.393, Tesla T4, 13661 MiB, 15360 MiB, 100 %, 77, 66.08 W, 810 MHz
2026/09/30 04:27:35.910, Tesla T4, 13661 MiB, 15360 MiB, 100 %, 77, 64.85 W, 1140 MHz
2026/09/30 04:27:36.431, Tesla T4, 13661 MiB, 15360 MiB, 98 %, 77, 67.17 W, 975 MHz
2026/09/30 04:27:36.963, Tesla T4, 13661 MiB, 15360 MiB, 100 %, 77, 72.12 W, 900 MHz
2026/09/30 04:27:37.508, Tesla T4, 13661 MiB, 15360 MiB, 91 %, 77, 63.77 W, 1035 MHz
2026/09/30 04:27:38.022, Tesla T4, 13661 MiB, 15360 MiB, 99 %, 77, 64.71 W, 1305 MHz
2026/09/30 04:27:38.538, Tesla T4, 13661 MiB, 15360 MiB, 77 %, 77, 84.76 W, 660 MHz
2026/09/30 04:27:39.047, Tesla T4, 13661 MiB, 15360 MiB, 98 %, 77, 70.93 W, 900 MHz
2026/09/30 04:27:39.556, Tesla T4, 13661 MiB, 15360 MiB, 99 %, 77, 64.42 W, 1170 MHz
2026/09/30 04:27:40.065, Tesla T4, 13661 MiB, 15360 MiB, 95 %, 77, 64.96 W, 855 MHz
2026/09/30 04:27:40.574, Tesla T4, 13661 MiB, 15360 MiB, 100 %, 77, 67.21 W, 930 MHz
2026/09/30 04:27:41.083, Tesla T4, 13661 MiB, 15360 MiB, 100 %, 77, 73.05 W, 1005 MHz
2026/09/30 04:27:41.605, Tesla T4, 13661 MiB, 15360 MiB, 98 %, 77, 83.35 W, 1335 MHz
2026/09/30 04:27:42.112, Tesla T4, 13661 MiB, 15360 MiB, 98 %, 77, 66.57 W, 930 MHz
2026/09/30 04:27:42.621, Tesla T4, 13661 MiB, 15360 MiB, 100 %, 77, 63.18 W, 1125 MHz
2026/09/30 04:27:43.132, Tesla T4, 13661 MiB, 15360 MiB, 96 %, 77, 63.44 W, 795 MHz
2026/09/30 04:27:43.653, Tesla T4, 13661 MiB, 15360 MiB, 98 %, 77, 65.59 W, 975 MHz
2026/09/30 04:27:44.161, Tesla T4, 13661 MiB, 15360 MiB, 92 %, 77, 62.65 W, 915 MHz
2026/09/30 04:27:44.676, Tesla T4, 13661 MiB, 15360 MiB, 78 %, 77, 71.04 W, 600 MHz
2026/09/30 04:27:45.188, Tesla T4, 13661 MiB, 15360 MiB, 100 %, 77, 69.47 W, 990 MHz
2026/09/30 04:27:45.698, Tesla T4, 13661 MiB, 15360 MiB, 100 %, 77, 61.12 W, 1245 MHz
2026/09/30 04:27:46.210, Tesla T4, 13661 MiB, 15360 MiB, 100 %, 77, 66.78 W, 870 MHz
2026/09/30 04:27:46.720, Tesla T4, 13661 MiB, 15360 MiB, 100 %, 77, 71.14 W, 870 MHz
2026/09/30 04:27:47.232, Tesla T4, 13661 MiB, 15360 MiB, 98 %, 77, 68.05 W, 870 MHz
2026/09/30 04:27:47.741, Tesla T4, 13661 MiB, 15360 MiB, 77 %, 77, 63.97 W, 870 MHz
2026/09/30 04:27:48.251, Tesla T4, 13661 MiB, 15360 MiB, 100 %, 77, 69.76 W, 960 MHz
2026/09/30 04:27:48.772, Tesla T4, 13661 MiB, 15360 MiB, 100 %, 77, 61.71 W, 1065 MHz
2026/09/30 04:27:49.285, Tesla T4, 13661 MiB, 15360 MiB, 90 %, 77, 79.79 W, 855 MHz
2026/09/30 04:27:49.814, Tesla T4, 13661 MiB, 15360 MiB, 100 %, 77, 66.33 W, 870 MHz
2026/09/30 04:27:50.342, Tesla T4, 13661 MiB, 15360 MiB, 90 %, 77, 66.67 W, 825 MHz
2026/09/30 04:27:50.867, Tesla T4, 13661 MiB, 15360 MiB, 100 %, 77, 65.63 W, 900 MHz
2026/09/30 04:27:51.378, Tesla T4, 13661 MiB, 15360 MiB, 100 %, 77, 63.57 W, 930 MHz
2026/09/30 04:27:51.897, Tesla T4, 13661 MiB, 15360 MiB, 93 %, 77, 65.28 W, 900 MHz
2026/09/30 04:27:52.406, Tesla T4, 13661 MiB, 15360 MiB, 99 %, 77, 68.88 W, 735 MHz
2026/09/30 04:27:52.914, Tesla T4, 13661 MiB, 15360 MiB, 98 %, 77, 70.93 W, 930 MHz
2026/09/30 04:27:53.424, Tesla T4, 13661 MiB, 15360 MiB, 94 %, 77, 66.77 W, 870 MHz
2026/09/30 04:27:53.934, Tesla T4, 13661 MiB, 15360 MiB, 100 %, 77, 66.10 W, 930 MHz
2026/09/30 04:27:54.449, Tesla T4, 13661 MiB, 15360 MiB, 0 %, 76, 37.73 W, 1275 MHz
2026/09/30 04:27:54.955, Tesla T4, 13661 MiB, 15360 MiB, 0 %, 75, 37.53 W, 1275 MHz
2026/09/30 04:27:55.460, Tesla T4, 13661 MiB, 15360 MiB, 1 %, 75, 37.63 W, 1275 MHz
2026/09/30 04:27:55.966, Tesla T4, 13661 MiB, 15360 MiB, 0 %, 75, 37.43 W, 585 MHz
2026/09/30 04:27:56.473, Tesla T4, 13661 MiB, 15360 MiB, 0 %, 74, 33.03 W, 585 MHz
2026/09/30 04:27:56.980, Tesla T4, 13661 MiB, 15360 MiB, 0 %, 74, 32.92 W, 585 MHz
2026/09/30 04:27:57.486, Tesla T4, 13661 MiB, 15360 MiB, 0 %, 74, 33.03 W, 585 MHz
2026/09/30 04:27:57.994, Tesla T4, 13661 MiB, 15360 MiB, 0 %, 73, 32.84 W, 585 MHz
2026/09/30 04:27:58.501, Tesla T4, 13661 MiB, 15360 MiB, 0 %, 73, 33.43 W, 585 MHz
2026/09/30 04:27:59.015, Tesla T4, 0 MiB, 15360 MiB, 56 %, 73, 35.88 W, 825 MHz
2026/09/30 04:27:59.524, Tesla T4, 0 MiB, 15360 MiB, 0 %, 74, 44.19 W, 1590 MHz
2026/09/30 04:28:00.033, Tesla T4, 0 MiB, 15360 MiB, 0 %, 74, 44.16 W, 1590 MHz
2026/09/30 04:28:00.539, Tesla T4, 0 MiB, 15360 MiB, 0 %, 74, 44.28 W, 1590 MHz
2026/09/30 04:28:01.046, Tesla T4, 0 MiB, 15360 MiB, 0 %, 74, 44.38 W, 1590 MHz
2026/09/30 04:28:01.555, Tesla T4, 0 MiB, 15360 MiB, 0 %, 73, 32.44 W, 345 MHz
2026/09/30 04:28:02.068, Tesla T4, 0 MiB, 15360 MiB, 0 %, 73, 32.44 W, 345 MHz
2026/09/30 04:28:02.583, Tesla T4, 0 MiB, 15360 MiB, 0 %, 72, 32.34 W, 345 MHz
2026/09/30 04:28:03.100, Tesla T4, 0 MiB, 15360 MiB, 0 %, 72, 32.24 W, 300 MHz
2026/09/30 04:28:03.621, Tesla T4, 0 MiB, 15360 MiB, 0 %, 72, 21.34 W, 300 MHz
2026/09/30 04:28:04.132, Tesla T4, 0 MiB, 15360 MiB, 0 %, 71, 17.47 W, 300 MHz
2026/09/30 04:28:04.643, Tesla T4, 0 MiB, 15360 MiB, 0 %, 71, 17.48 W, 300 MHz
2026/09/30 04:28:05.154, Tesla T4, 0 MiB, 15360 MiB, 0 %, 71, 17.38 W, 300 MHz
2026/09/30 04:28:05.682, Tesla T4, 0 MiB, 15360 MiB, 0 %, 70, 13.32 W, 300 MHz
2026/09/30 04:28:06.192, Tesla T4, 0 MiB, 15360 MiB, 0 %, 70, 13.32 W, 300 MHz
2026/09/30 04:28:06.703, Tesla T4, 0 MiB, 15360 MiB, 0 %, 70, 13.72 W, 300 MHz
2026/09/30 04:28:07.213, Tesla T4, 3 MiB, 15360 MiB, 0 %, 70, 13.82 W, 300 MHz
2026/09/30 04:28:07.725, Tesla T4, 3 MiB, 15360 MiB, 0 %, 69, 13.32 W, 300 MHz
2026/09/30 04:28:08.236, Tesla T4, 3 MiB, 15360 MiB, 0 %, 69, 13.13 W, 300 MHz
2026/09/30 04:28:08.747, Tesla T4, 3 MiB, 15360 MiB, 0 %, 69, 13.03 W, 300 MHz
2026/09/30 04:28:09.257, Tesla T4, 3 MiB, 15360 MiB, 0 %, 69, 12.93 W, 300 MHz
2026/09/30 04:28:09.768, Tesla T4, 3 MiB, 15360 MiB, 0 %, 69, 13.03 W, 300 MHz
2026/09/30 04:28:10.278, Tesla T4, 3 MiB, 15360 MiB, 0 %, 69, 12.93 W, 300 MHz
2026/09/30 04:28:10.790, Tesla T4, 3 MiB, 15360 MiB, 0 %, 68, 12.93 W, 300 MHz
2026/09/30 04:28:11.312, Tesla T4, 3 MiB, 15360 MiB, 0 %, 68, 13.23 W, 300 MHz
2026/09/30 04:28:11.833, Tesla T4, 13 MiB, 15360 MiB, 0 %, 68, 25.36 W, 585 MHz
2026/09/30 04:28:12.352, Tesla T4, 1347 MiB, 15360 MiB, 31 %, 69, 32.44 W, 600 MHz
2026/09/30 04:28:12.867, Tesla T4, 2111 MiB, 15360 MiB, 12 %, 69, 31.95 W, 585 MHz
2026/09/30 04:28:13.374, Tesla T4, 2119 MiB, 15360 MiB, 0 %, 69, 31.95 W, 585 MHz
2026/09/30 04:28:13.882, Tesla T4, 2153 MiB, 15360 MiB, 3 %, 69, 31.95 W, 585 MHz
2026/09/30 04:28:14.397, Tesla T4, 2153 MiB, 15360 MiB, 0 %, 69, 31.85 W, 585 MHz
2026/09/30 04:28:14.910, Tesla T4, 2183 MiB, 15360 MiB, 0 %, 69, 32.05 W, 585 MHz
2026/09/30 04:28:15.420, Tesla T4, 3223 MiB, 15360 MiB, 91 %, 71, 62.69 W, 840 MHz
2026/09/30 04:28:15.939, Tesla T4, 3223 MiB, 15360 MiB, 97 %, 71, 64.26 W, 915 MHz
2026/09/30 04:28:16.454, Tesla T4, 3223 MiB, 15360 MiB, 98 %, 72, 68.39 W, 765 MHz
2026/09/30 04:28:16.974, Tesla T4, 3821 MiB, 15360 MiB, 98 %, 72, 66.18 W, 870 MHz
2026/09/30 04:28:17.482, Tesla T4, 3821 MiB, 15360 MiB, 98 %, 72, 68.84 W, 795 MHz
2026/09/30 04:28:18.003, Tesla T4, 3821 MiB, 15360 MiB, 97 %, 73, 67.75 W, 810 MHz
2026/09/30 04:28:18.511, Tesla T4, 3821 MiB, 15360 MiB, 98 %, 73, 66.43 W, 810 MHz
2026/09/30 04:28:19.036, Tesla T4, 3821 MiB, 15360 MiB, 98 %, 73, 67.61 W, 735 MHz
2026/09/30 04:28:19.543, Tesla T4, 3821 MiB, 15360 MiB, 97 %, 74, 66.63 W, 825 MHz
2026/09/30 04:28:20.050, Tesla T4, 3821 MiB, 15360 MiB, 97 %, 74, 64.12 W, 855 MHz
2026/09/30 04:28:20.558, Tesla T4, 3821 MiB, 15360 MiB, 98 %, 74, 69.02 W, 735 MHz
2026/09/30 04:28:21.066, Tesla T4, 3821 MiB, 15360 MiB, 98 %, 74, 69.56 W, 855 MHz
2026/09/30 04:28:21.581, Tesla T4, 3821 MiB, 15360 MiB, 98 %, 75, 62.81 W, 750 MHz
2026/09/30 04:28:22.090, Tesla T4, 3821 MiB, 15360 MiB, 98 %, 75, 66.53 W, 795 MHz
2026/09/30 04:28:22.597, Tesla T4, 3821 MiB, 15360 MiB, 99 %, 75, 65.26 W, 780 MHz
2026/09/30 04:28:23.105, Tesla T4, 3821 MiB, 15360 MiB, 96 %, 75, 64.22 W, 795 MHz
2026/09/30 04:28:23.613, Tesla T4, 3821 MiB, 15360 MiB, 99 %, 75, 66.96 W, 795 MHz
2026/09/30 04:28:24.124, Tesla T4, 3821 MiB, 15360 MiB, 99 %, 76, 67.75 W, 750 MHz
2026/09/30 04:28:24.633, Tesla T4, 3821 MiB, 15360 MiB, 98 %, 76, 71.38 W, 750 MHz
2026/09/30 04:28:25.143, Tesla T4, 3821 MiB, 15360 MiB, 97 %, 76, 68.72 W, 765 MHz
2026/09/30 04:28:25.650, Tesla T4, 3821 MiB, 15360 MiB, 99 %, 76, 61.85 W, 690 MHz
2026/09/30 04:28:26.158, Tesla T4, 3821 MiB, 15360 MiB, 98 %, 76, 67.31 W, 750 MHz
2026/09/30 04:28:26.677, Tesla T4, 3821 MiB, 15360 MiB, 98 %, 76, 66.14 W, 855 MHz
2026/09/30 04:28:27.191, Tesla T4, 3821 MiB, 15360 MiB, 99 %, 77, 67.41 W, 810 MHz
2026/09/30 04:28:27.712, Tesla T4, 3821 MiB, 15360 MiB, 98 %, 77, 65.20 W, 735 MHz
2026/09/30 04:28:28.233, Tesla T4, 3821 MiB, 15360 MiB, 86 %, 77, 70.05 W, 735 MHz
2026/09/30 04:28:28.752, Tesla T4, 3821 MiB, 15360 MiB, 95 %, 77, 67.66 W, 795 MHz
2026/09/30 04:28:29.272, Tesla T4, 3821 MiB, 15360 MiB, 99 %, 77, 66.18 W, 765 MHz
2026/09/30 04:28:29.780, Tesla T4, 3821 MiB, 15360 MiB, 99 %, 77, 67.41 W, 735 MHz
2026/09/30 04:28:30.297, Tesla T4, 3821 MiB, 15360 MiB, 99 %, 78, 67.57 W, 810 MHz
2026/09/30 04:28:30.804, Tesla T4, 3821 MiB, 15360 MiB, 98 %, 78, 66.82 W, 735 MHz
2026/09/30 04:28:31.312, Tesla T4, 3821 MiB, 15360 MiB, 99 %, 78, 65.36 W, 825 MHz
2026/09/30 04:28:31.824, Tesla T4, 3821 MiB, 15360 MiB, 98 %, 78, 67.80 W, 825 MHz
2026/09/30 04:28:32.336, Tesla T4, 3821 MiB, 15360 MiB, 99 %, 78, 73.58 W, 705 MHz
2026/09/30 04:28:32.844, Tesla T4, 3821 MiB, 15360 MiB, 99 %, 79, 66.78 W, 750 MHz
2026/09/30 04:28:33.352, Tesla T4, 3821 MiB, 15360 MiB, 99 %, 79, 67.65 W, 750 MHz
2026/09/30 04:28:33.860, Tesla T4, 3821 MiB, 15360 MiB, 99 %, 79, 67.02 W, 810 MHz
2026/09/30 04:28:34.371, Tesla T4, 3821 MiB, 15360 MiB, 99 %, 79, 67.76 W, 825 MHz
2026/09/30 04:28:34.882, Tesla T4, 3821 MiB, 15360 MiB, 98 %, 79, 69.86 W, 630 MHz
2026/09/30 04:28:35.393, Tesla T4, 3821 MiB, 15360 MiB, 97 %, 79, 70.60 W, 735 MHz
2026/09/30 04:28:35.902, Tesla T4, 3821 MiB, 15360 MiB, 99 %, 79, 67.51 W, 810 MHz
2026/09/30 04:28:36.418, Tesla T4, 3821 MiB, 15360 MiB, 98 %, 79, 66.53 W, 720 MHz
2026/09/30 04:28:36.926, Tesla T4, 3821 MiB, 15360 MiB, 99 %, 80, 63.53 W, 735 MHz
2026/09/30 04:28:37.433, Tesla T4, 3821 MiB, 15360 MiB, 98 %, 80, 65.89 W, 720 MHz
2026/09/30 04:28:37.941, Tesla T4, 3821 MiB, 15360 MiB, 99 %, 80, 64.71 W, 645 MHz
2026/09/30 04:28:38.450, Tesla T4, 3821 MiB, 15360 MiB, 98 %, 80, 66.88 W, 585 MHz
2026/09/30 04:28:38.967, Tesla T4, 3821 MiB, 15360 MiB, 99 %, 80, 66.68 W, 810 MHz
2026/09/30 04:28:39.483, Tesla T4, 3821 MiB, 15360 MiB, 97 %, 80, 69.91 W, 690 MHz
2026/09/30 04:28:39.998, Tesla T4, 3821 MiB, 15360 MiB, 99 %, 81, 69.77 W, 630 MHz
2026/09/30 04:28:40.516, Tesla T4, 3821 MiB, 15360 MiB, 99 %, 81, 66.57 W, 720 MHz
2026/09/30 04:28:41.031, Tesla T4, 3821 MiB, 15360 MiB, 97 %, 81, 66.43 W, 705 MHz
2026/09/30 04:28:41.557, Tesla T4, 3821 MiB, 15360 MiB, 98 %, 80, 70.40 W, 645 MHz
2026/09/30 04:28:42.071, Tesla T4, 3821 MiB, 15360 MiB, 96 %, 81, 67.16 W, 750 MHz
2026/09/30 04:28:42.583, Tesla T4, 3821 MiB, 15360 MiB, 98 %, 81, 67.90 W, 705 MHz
2026/09/30 04:28:43.090, Tesla T4, 3821 MiB, 15360 MiB, 99 %, 81, 67.08 W, 720 MHz
2026/09/30 04:28:43.599, Tesla T4, 3821 MiB, 15360 MiB, 99 %, 81, 69.65 W, 675 MHz
2026/09/30 04:28:44.107, Tesla T4, 3821 MiB, 15360 MiB, 98 %, 81, 62.34 W, 750 MHz
2026/09/30 04:28:44.614, Tesla T4, 3821 MiB, 15360 MiB, 99 %, 81, 68.00 W, 675 MHz
2026/09/30 04:28:45.122, Tesla T4, 3821 MiB, 15360 MiB, 99 %, 81, 70.65 W, 735 MHz
2026/09/30 04:28:45.630, Tesla T4, 3821 MiB, 15360 MiB, 99 %, 82, 65.98 W, 750 MHz
2026/09/30 04:28:46.142, Tesla T4, 3821 MiB, 15360 MiB, 99 %, 82, 62.20 W, 705 MHz
2026/09/30 04:28:46.652, Tesla T4, 3821 MiB, 15360 MiB, 96 %, 81, 66.24 W, 675 MHz
2026/09/30 04:28:47.176, Tesla T4, 3821 MiB, 15360 MiB, 99 %, 82, 64.87 W, 795 MHz
2026/09/30 04:28:47.688, Tesla T4, 3821 MiB, 15360 MiB, 99 %, 82, 65.59 W, 615 MHz
2026/09/30 04:28:48.216, Tesla T4, 3821 MiB, 15360 MiB, 99 %, 82, 60.38 W, 825 MHz
2026/09/30 04:28:48.725, Tesla T4, 3821 MiB, 15360 MiB, 99 %, 82, 71.14 W, 705 MHz
2026/09/30 04:28:49.256, Tesla T4, 3821 MiB, 15360 MiB, 99 %, 82, 65.89 W, 705 MHz
2026/09/30 04:28:49.768, Tesla T4, 3821 MiB, 15360 MiB, 99 %, 82, 60.63 W, 720 MHz
2026/09/30 04:28:50.284, Tesla T4, 3821 MiB, 15360 MiB, 99 %, 81, 65.16 W, 675 MHz
2026/09/30 04:28:50.799, Tesla T4, 3821 MiB, 15360 MiB, 99 %, 81, 62.30 W, 720 MHz
2026/09/30 04:28:51.312, Tesla T4, 3821 MiB, 15360 MiB, 98 %, 81, 72.41 W, 735 MHz
2026/09/30 04:28:51.820, Tesla T4, 3821 MiB, 15360 MiB, 99 %, 81, 67.26 W, 705 MHz
2026/09/30 04:28:52.348, Tesla T4, 3821 MiB, 15360 MiB, 97 %, 81, 63.59 W, 720 MHz
2026/09/30 04:28:52.863, Tesla T4, 3821 MiB, 15360 MiB, 98 %, 81, 67.20 W, 1020 MHz
2026/09/30 04:28:53.376, Tesla T4, 3821 MiB, 15360 MiB, 99 %, 81, 65.49 W, 720 MHz
2026/09/30 04:28:53.886, Tesla T4, 3821 MiB, 15360 MiB, 98 %, 80, 70.60 W, 675 MHz
2026/09/30 04:28:54.407, Tesla T4, 3821 MiB, 15360 MiB, 97 %, 80, 71.28 W, 750 MHz
2026/09/30 04:28:54.916, Tesla T4, 3821 MiB, 15360 MiB, 98 %, 80, 66.14 W, 765 MHz
2026/09/30 04:28:55.431, Tesla T4, 3821 MiB, 15360 MiB, 99 %, 80, 65.16 W, 585 MHz
2026/09/30 04:28:55.939, Tesla T4, 3821 MiB, 15360 MiB, 98 %, 80, 72.06 W, 750 MHz
2026/09/30 04:28:56.447, Tesla T4, 3821 MiB, 15360 MiB, 99 %, 80, 67.51 W, 870 MHz
2026/09/30 04:28:56.954, Tesla T4, 3821 MiB, 15360 MiB, 98 %, 79, 72.70 W, 660 MHz
2026/09/30 04:28:57.465, Tesla T4, 3821 MiB, 15360 MiB, 100 %, 79, 68.00 W, 765 MHz
2026/09/30 04:28:57.973, Tesla T4, 3821 MiB, 15360 MiB, 99 %, 79, 64.81 W, 735 MHz
2026/09/30 04:28:58.484, Tesla T4, 3821 MiB, 15360 MiB, 98 %, 79, 61.62 W, 765 MHz
2026/09/30 04:28:58.992, Tesla T4, 3821 MiB, 15360 MiB, 99 %, 79, 63.93 W, 750 MHz
2026/09/30 04:28:59.500, Tesla T4, 3821 MiB, 15360 MiB, 99 %, 79, 74.81 W, 780 MHz
2026/09/30 04:29:00.007, Tesla T4, 3821 MiB, 15360 MiB, 98 %, 79, 66.67 W, 720 MHz
2026/09/30 04:29:00.514, Tesla T4, 3821 MiB, 15360 MiB, 99 %, 79, 64.36 W, 675 MHz
2026/09/30 04:29:01.022, Tesla T4, 3821 MiB, 15360 MiB, 99 %, 78, 64.16 W, 765 MHz
2026/09/30 04:29:01.530, Tesla T4, 3821 MiB, 15360 MiB, 99 %, 78, 67.21 W, 795 MHz
2026/09/30 04:29:02.038, Tesla T4, 3821 MiB, 15360 MiB, 99 %, 78, 67.21 W, 780 MHz
2026/09/30 04:29:02.548, Tesla T4, 3821 MiB, 15360 MiB, 95 %, 78, 66.53 W, 765 MHz
2026/09/30 04:29:03.056, Tesla T4, 3821 MiB, 15360 MiB, 99 %, 78, 65.90 W, 765 MHz
2026/09/30 04:29:03.564, Tesla T4, 3821 MiB, 15360 MiB, 98 %, 78, 68.24 W, 765 MHz
2026/09/30 04:29:04.072, Tesla T4, 3821 MiB, 15360 MiB, 99 %, 78, 66.63 W, 795 MHz
2026/09/30 04:29:04.580, Tesla T4, 3821 MiB, 15360 MiB, 83 %, 78, 69.07 W, 810 MHz
2026/09/30 04:29:05.100, Tesla T4, 3821 MiB, 15360 MiB, 98 %, 78, 72.12 W, 765 MHz
2026/09/30 04:29:05.616, Tesla T4, 3821 MiB, 15360 MiB, 98 %, 78, 67.31 W, 780 MHz
2026/09/30 04:29:06.139, Tesla T4, 3821 MiB, 15360 MiB, 97 %, 77, 59.69 W, 795 MHz
2026/09/30 04:29:06.656, Tesla T4, 3821 MiB, 15360 MiB, 99 %, 77, 69.56 W, 765 MHz
2026/09/30 04:29:07.171, Tesla T4, 3821 MiB, 15360 MiB, 98 %, 77, 67.61 W, 750 MHz
2026/09/30 04:29:07.681, Tesla T4, 3821 MiB, 15360 MiB, 99 %, 77, 66.29 W, 780 MHz
2026/09/30 04:29:08.195, Tesla T4, 3821 MiB, 15360 MiB, 98 %, 77, 66.08 W, 765 MHz
2026/09/30 04:29:08.704, Tesla T4, 3821 MiB, 15360 MiB, 99 %, 77, 67.75 W, 780 MHz
2026/09/30 04:29:09.211, Tesla T4, 3821 MiB, 15360 MiB, 98 %, 77, 62.24 W, 780 MHz
2026/09/30 04:29:09.720, Tesla T4, 3821 MiB, 15360 MiB, 98 %, 77, 67.02 W, 645 MHz
2026/09/30 04:29:10.227, Tesla T4, 3821 MiB, 15360 MiB, 98 %, 77, 70.26 W, 960 MHz
2026/09/30 04:29:10.735, Tesla T4, 3821 MiB, 15360 MiB, 98 %, 77, 68.25 W, 750 MHz
2026/09/30 04:29:11.251, Tesla T4, 3821 MiB, 15360 MiB, 99 %, 77, 67.16 W, 795 MHz
2026/09/30 04:29:11.759, Tesla T4, 3821 MiB, 15360 MiB, 98 %, 77, 63.73 W, 825 MHz
2026/09/30 04:29:12.266, Tesla T4, 3821 MiB, 15360 MiB, 98 %, 76, 65.93 W, 750 MHz
2026/09/30 04:29:12.775, Tesla T4, 3821 MiB, 15360 MiB, 99 %, 76, 63.24 W, 870 MHz
2026/09/30 04:29:13.297, Tesla T4, 3821 MiB, 15360 MiB, 98 %, 76, 70.79 W, 705 MHz
2026/09/30 04:29:13.806, Tesla T4, 3821 MiB, 15360 MiB, 96 %, 76, 67.80 W, 855 MHz
2026/09/30 04:29:14.336, Tesla T4, 3821 MiB, 15360 MiB, 98 %, 76, 74.76 W, 810 MHz
2026/09/30 04:29:14.848, Tesla T4, 3821 MiB, 15360 MiB, 99 %, 76, 68.39 W, 780 MHz
2026/09/30 04:29:15.361, Tesla T4, 3821 MiB, 15360 MiB, 99 %, 76, 67.57 W, 795 MHz
2026/09/30 04:29:15.869, Tesla T4, 3821 MiB, 15360 MiB, 99 %, 76, 67.37 W, 765 MHz
2026/09/30 04:29:16.383, Tesla T4, 3821 MiB, 15360 MiB, 98 %, 76, 68.00 W, 780 MHz
2026/09/30 04:29:16.891, Tesla T4, 3821 MiB, 15360 MiB, 99 %, 76, 68.29 W, 885 MHz
2026/09/30 04:29:17.400, Tesla T4, 3821 MiB, 15360 MiB, 99 %, 76, 68.29 W, 780 MHz
2026/09/30 04:29:17.921, Tesla T4, 3821 MiB, 15360 MiB, 97 %, 76, 68.29 W, 840 MHz
2026/09/30 04:29:18.451, Tesla T4, 3821 MiB, 15360 MiB, 99 %, 76, 67.41 W, 765 MHz
2026/09/30 04:29:18.968, Tesla T4, 3821 MiB, 15360 MiB, 97 %, 76, 63.28 W, 780 MHz
2026/09/30 04:29:19.489, Tesla T4, 3821 MiB, 15360 MiB, 98 %, 76, 68.64 W, 870 MHz
2026/09/30 04:29:20.007, Tesla T4, 3821 MiB, 15360 MiB, 98 %, 76, 63.18 W, 750 MHz
2026/09/30 04:29:20.514, Tesla T4, 3821 MiB, 15360 MiB, 96 %, 76, 66.63 W, 825 MHz
2026/09/30 04:29:21.022, Tesla T4, 3821 MiB, 15360 MiB, 98 %, 76, 66.67 W, 810 MHz
2026/09/30 04:29:21.529, Tesla T4, 3821 MiB, 15360 MiB, 99 %, 76, 65.73 W, 675 MHz
2026/09/30 04:29:22.038, Tesla T4, 3821 MiB, 15360 MiB, 98 %, 76, 63.14 W, 795 MHz
2026/09/30 04:29:22.555, Tesla T4, 3821 MiB, 15360 MiB, 99 %, 76, 67.90 W, 735 MHz
2026/09/30 04:29:23.063, Tesla T4, 3821 MiB, 15360 MiB, 99 %, 76, 66.04 W, 825 MHz
2026/09/30 04:29:23.572, Tesla T4, 3821 MiB, 15360 MiB, 99 %, 76, 68.19 W, 765 MHz
2026/09/30 04:29:24.080, Tesla T4, 3821 MiB, 15360 MiB, 98 %, 76, 64.32 W, 720 MHz
2026/09/30 04:29:24.588, Tesla T4, 3821 MiB, 15360 MiB, 98 %, 76, 66.77 W, 840 MHz
2026/09/30 04:29:25.101, Tesla T4, 3821 MiB, 15360 MiB, 98 %, 75, 72.06 W, 615 MHz
2026/09/30 04:29:25.611, Tesla T4, 3821 MiB, 15360 MiB, 99 %, 76, 64.65 W, 750 MHz
2026/09/30 04:29:26.118, Tesla T4, 3821 MiB, 15360 MiB, 98 %, 75, 65.00 W, 885 MHz
2026/09/30 04:29:26.625, Tesla T4, 3821 MiB, 15360 MiB, 97 %, 75, 64.77 W, 825 MHz
2026/09/30 04:29:27.133, Tesla T4, 3821 MiB, 15360 MiB, 98 %, 75, 66.14 W, 840 MHz
2026/09/30 04:29:27.641, Tesla T4, 3821 MiB, 15360 MiB, 98 %, 75, 71.38 W, 615 MHz
2026/09/30 04:29:28.155, Tesla T4, 3821 MiB, 15360 MiB, 92 %, 75, 60.12 W, 1065 MHz
2026/09/30 04:29:28.663, Tesla T4, 3821 MiB, 15360 MiB, 99 %, 75, 66.73 W, 810 MHz
2026/09/30 04:29:29.170, Tesla T4, 3821 MiB, 15360 MiB, 99 %, 75, 67.35 W, 810 MHz
2026/09/30 04:29:29.678, Tesla T4, 3821 MiB, 15360 MiB, 98 %, 75, 68.98 W, 780 MHz
2026/09/30 04:29:30.191, Tesla T4, 3821 MiB, 15360 MiB, 98 %, 75, 68.54 W, 930 MHz
2026/09/30 04:29:30.711, Tesla T4, 3821 MiB, 15360 MiB, 99 %, 76, 64.61 W, 780 MHz
2026/09/30 04:29:31.229, Tesla T4, 3821 MiB, 15360 MiB, 96 %, 75, 63.83 W, 885 MHz
2026/09/30 04:29:31.742, Tesla T4, 3821 MiB, 15360 MiB, 95 %, 76, 67.94 W, 750 MHz
2026/09/30 04:29:32.280, Tesla T4, 3821 MiB, 15360 MiB, 87 %, 76, 66.24 W, 750 MHz
2026/09/30 04:29:32.796, Tesla T4, 3821 MiB, 15360 MiB, 99 %, 76, 67.37 W, 840 MHz
2026/09/30 04:29:33.309, Tesla T4, 3821 MiB, 15360 MiB, 99 %, 76, 63.73 W, 825 MHz
2026/09/30 04:29:33.817, Tesla T4, 3821 MiB, 15360 MiB, 98 %, 76, 68.14 W, 840 MHz
2026/09/30 04:29:34.324, Tesla T4, 3821 MiB, 15360 MiB, 98 %, 76, 65.69 W, 825 MHz
2026/09/30 04:29:34.831, Tesla T4, 3821 MiB, 15360 MiB, 98 %, 76, 66.22 W, 795 MHz
2026/09/30 04:29:35.339, Tesla T4, 3821 MiB, 15360 MiB, 99 %, 76, 68.39 W, 840 MHz
2026/09/30 04:29:35.847, Tesla T4, 3821 MiB, 15360 MiB, 95 %, 76, 61.91 W, 900 MHz
2026/09/30 04:29:36.355, Tesla T4, 3821 MiB, 15360 MiB, 98 %, 76, 67.12 W, 645 MHz
2026/09/30 04:29:36.868, Tesla T4, 3821 MiB, 15360 MiB, 92 %, 76, 52.27 W, 1245 MHz
2026/09/30 04:29:37.375, Tesla T4, 3821 MiB, 15360 MiB, 98 %, 76, 61.52 W, 825 MHz
2026/09/30 04:29:37.882, Tesla T4, 3821 MiB, 15360 MiB, 99 %, 76, 68.33 W, 825 MHz
2026/09/30 04:29:38.390, Tesla T4, 3821 MiB, 15360 MiB, 99 %, 76, 70.36 W, 825 MHz
2026/09/30 04:29:38.898, Tesla T4, 3821 MiB, 15360 MiB, 97 %, 76, 68.25 W, 765 MHz
2026/09/30 04:29:39.407, Tesla T4, 3821 MiB, 15360 MiB, 99 %, 76, 60.05 W, 840 MHz
2026/09/30 04:29:39.916, Tesla T4, 3821 MiB, 15360 MiB, 98 %, 76, 67.75 W, 780 MHz
2026/09/30 04:29:40.440, Tesla T4, 3821 MiB, 15360 MiB, 99 %, 76, 68.15 W, 780 MHz
2026/09/30 04:29:40.950, Tesla T4, 3821 MiB, 15360 MiB, 93 %, 76, 72.01 W, 705 MHz
2026/09/30 04:29:41.470, Tesla T4, 3821 MiB, 15360 MiB, 99 %, 76, 68.15 W, 780 MHz
2026/09/30 04:29:41.979, Tesla T4, 3821 MiB, 15360 MiB, 99 %, 76, 66.77 W, 765 MHz
2026/09/30 04:29:42.488, Tesla T4, 3821 MiB, 15360 MiB, 97 %, 76, 67.27 W, 765 MHz
2026/09/30 04:29:42.997, Tesla T4, 3821 MiB, 15360 MiB, 98 %, 76, 69.52 W, 765 MHz
2026/09/30 04:29:43.518, Tesla T4, 3821 MiB, 15360 MiB, 98 %, 76, 66.43 W, 840 MHz
2026/09/30 04:29:44.035, Tesla T4, 3821 MiB, 15360 MiB, 99 %, 76, 61.38 W, 795 MHz
2026/09/30 04:29:44.560, Tesla T4, 3821 MiB, 15360 MiB, 99 %, 76, 68.15 W, 825 MHz
2026/09/30 04:29:45.079, Tesla T4, 3821 MiB, 15360 MiB, 99 %, 76, 67.82 W, 645 MHz
2026/09/30 04:29:45.586, Tesla T4, 3821 MiB, 15360 MiB, 99 %, 76, 69.96 W, 765 MHz
2026/09/30 04:29:46.094, Tesla T4, 3821 MiB, 15360 MiB, 99 %, 76, 67.86 W, 825 MHz
2026/09/30 04:29:46.601, Tesla T4, 3821 MiB, 15360 MiB, 99 %, 76, 70.60 W, 765 MHz
2026/09/30 04:29:47.110, Tesla T4, 3821 MiB, 15360 MiB, 95 %, 76, 72.45 W, 810 MHz
2026/09/30 04:29:47.623, Tesla T4, 3821 MiB, 15360 MiB, 98 %, 76, 66.82 W, 795 MHz
2026/09/30 04:29:48.131, Tesla T4, 3821 MiB, 15360 MiB, 99 %, 76, 73.44 W, 705 MHz
2026/09/30 04:29:48.642, Tesla T4, 3821 MiB, 15360 MiB, 98 %, 76, 66.18 W, 795 MHz
2026/09/30 04:29:49.149, Tesla T4, 3821 MiB, 15360 MiB, 99 %, 76, 70.99 W, 765 MHz
2026/09/30 04:29:49.657, Tesla T4, 3821 MiB, 15360 MiB, 99 %, 76, 64.16 W, 795 MHz
2026/09/30 04:29:50.165, Tesla T4, 3821 MiB, 15360 MiB, 99 %, 77, 67.12 W, 780 MHz
2026/09/30 04:29:50.679, Tesla T4, 3821 MiB, 15360 MiB, 98 %, 77, 70.39 W, 645 MHz
2026/09/30 04:29:51.189, Tesla T4, 3821 MiB, 15360 MiB, 99 %, 77, 60.97 W, 825 MHz
2026/09/30 04:29:51.696, Tesla T4, 3821 MiB, 15360 MiB, 98 %, 77, 67.45 W, 795 MHz
2026/09/30 04:29:52.204, Tesla T4, 3821 MiB, 15360 MiB, 99 %, 77, 68.92 W, 795 MHz
2026/09/30 04:29:52.711, Tesla T4, 3821 MiB, 15360 MiB, 98 %, 77, 68.74 W, 645 MHz
2026/09/30 04:29:53.219, Tesla T4, 3821 MiB, 15360 MiB, 98 %, 77, 65.40 W, 870 MHz
2026/09/30 04:29:53.728, Tesla T4, 3821 MiB, 15360 MiB, 99 %, 77, 66.92 W, 870 MHz
2026/09/30 04:29:54.235, Tesla T4, 3821 MiB, 15360 MiB, 98 %, 77, 66.77 W, 750 MHz
2026/09/30 04:29:54.745, Tesla T4, 3821 MiB, 15360 MiB, 99 %, 77, 68.74 W, 885 MHz
2026/09/30 04:29:55.258, Tesla T4, 3821 MiB, 15360 MiB, 98 %, 77, 67.76 W, 630 MHz
2026/09/30 04:29:55.778, Tesla T4, 3821 MiB, 15360 MiB, 97 %, 77, 74.95 W, 795 MHz
2026/09/30 04:29:56.297, Tesla T4, 3821 MiB, 15360 MiB, 99 %, 77, 65.65 W, 750 MHz
2026/09/30 04:29:56.816, Tesla T4, 3821 MiB, 15360 MiB, 99 %, 77, 61.06 W, 795 MHz
2026/09/30 04:29:57.329, Tesla T4, 3821 MiB, 15360 MiB, 96 %, 77, 66.57 W, 780 MHz
2026/09/30 04:29:57.847, Tesla T4, 3821 MiB, 15360 MiB, 98 %, 77, 63.12 W, 795 MHz
2026/09/30 04:29:58.361, Tesla T4, 3821 MiB, 15360 MiB, 98 %, 77, 61.62 W, 705 MHz
2026/09/30 04:29:58.868, Tesla T4, 3821 MiB, 15360 MiB, 98 %, 77, 58.94 W, 765 MHz
2026/09/30 04:29:59.376, Tesla T4, 3821 MiB, 15360 MiB, 98 %, 77, 63.67 W, 720 MHz
2026/09/30 04:29:59.884, Tesla T4, 3821 MiB, 15360 MiB, 98 %, 77, 65.30 W, 570 MHz
2026/09/30 04:30:00.393, Tesla T4, 3821 MiB, 15360 MiB, 99 %, 77, 64.81 W, 735 MHz
2026/09/30 04:30:00.908, Tesla T4, 3821 MiB, 15360 MiB, 98 %, 77, 66.53 W, 750 MHz
2026/09/30 04:30:01.415, Tesla T4, 3821 MiB, 15360 MiB, 99 %, 77, 66.28 W, 735 MHz
2026/09/30 04:30:01.923, Tesla T4, 3821 MiB, 15360 MiB, 98 %, 78, 68.14 W, 780 MHz
2026/09/30 04:30:02.430, Tesla T4, 3821 MiB, 15360 MiB, 99 %, 78, 67.51 W, 720 MHz
2026/09/30 04:30:02.938, Tesla T4, 3821 MiB, 15360 MiB, 98 %, 77, 61.85 W, 735 MHz
2026/09/30 04:30:03.445, Tesla T4, 3821 MiB, 15360 MiB, 68 %, 78, 75.44 W, 765 MHz
2026/09/30 04:30:03.953, Tesla T4, 3821 MiB, 15360 MiB, 96 %, 77, 64.26 W, 780 MHz
2026/09/30 04:30:04.461, Tesla T4, 3821 MiB, 15360 MiB, 98 %, 77, 64.81 W, 765 MHz
2026/09/30 04:30:04.975, Tesla T4, 3821 MiB, 15360 MiB, 99 %, 77, 66.92 W, 690 MHz
2026/09/30 04:30:05.485, Tesla T4, 3821 MiB, 15360 MiB, 98 %, 78, 68.44 W, 750 MHz
2026/09/30 04:30:05.998, Tesla T4, 3821 MiB, 15360 MiB, 99 %, 78, 67.16 W, 645 MHz
2026/09/30 04:30:06.508, Tesla T4, 3821 MiB, 15360 MiB, 99 %, 78, 69.81 W, 750 MHz
2026/09/30 04:30:07.021, Tesla T4, 3821 MiB, 15360 MiB, 97 %, 78, 63.99 W, 810 MHz
2026/09/30 04:30:07.529, Tesla T4, 3821 MiB, 15360 MiB, 99 %, 78, 68.10 W, 735 MHz
2026/09/30 04:30:08.037, Tesla T4, 3821 MiB, 15360 MiB, 97 %, 77, 65.44 W, 780 MHz
2026/09/30 04:30:08.567, Tesla T4, 3821 MiB, 15360 MiB, 97 %, 78, 60.44 W, 885 MHz
2026/09/30 04:30:09.099, Tesla T4, 3821 MiB, 15360 MiB, 98 %, 78, 67.02 W, 780 MHz
2026/09/30 04:30:09.614, Tesla T4, 3821 MiB, 15360 MiB, 99 %, 78, 65.40 W, 720 MHz
2026/09/30 04:30:10.131, Tesla T4, 3821 MiB, 15360 MiB, 99 %, 78, 67.80 W, 780 MHz
2026/09/30 04:30:10.653, Tesla T4, 3821 MiB, 15360 MiB, 98 %, 78, 66.77 W, 630 MHz
2026/09/30 04:30:11.169, Tesla T4, 3821 MiB, 15360 MiB, 99 %, 77, 70.40 W, 735 MHz
2026/09/30 04:30:11.693, Tesla T4, 3821 MiB, 15360 MiB, 99 %, 78, 66.86 W, 735 MHz
2026/09/30 04:30:12.202, Tesla T4, 3821 MiB, 15360 MiB, 98 %, 77, 65.00 W, 570 MHz
2026/09/30 04:30:12.712, Tesla T4, 3821 MiB, 15360 MiB, 99 %, 78, 66.18 W, 705 MHz
2026/09/30 04:30:13.221, Tesla T4, 3821 MiB, 15360 MiB, 99 %, 78, 67.12 W, 735 MHz
2026/09/30 04:30:13.730, Tesla T4, 3821 MiB, 15360 MiB, 99 %, 78, 67.90 W, 780 MHz
2026/09/30 04:30:14.240, Tesla T4, 3821 MiB, 15360 MiB, 99 %, 78, 68.19 W, 735 MHz
2026/09/30 04:30:14.747, Tesla T4, 3821 MiB, 15360 MiB, 98 %, 78, 66.86 W, 780 MHz
2026/09/30 04:30:15.254, Tesla T4, 3821 MiB, 15360 MiB, 99 %, 77, 67.84 W, 705 MHz
2026/09/30 04:30:15.762, Tesla T4, 3821 MiB, 15360 MiB, 99 %, 77, 63.73 W, 780 MHz
2026/09/30 04:30:16.270, Tesla T4, 3821 MiB, 15360 MiB, 99 %, 78, 69.67 W, 615 MHz
2026/09/30 04:30:16.785, Tesla T4, 3821 MiB, 15360 MiB, 99 %, 77, 68.19 W, 735 MHz
2026/09/30 04:30:17.293, Tesla T4, 3821 MiB, 15360 MiB, 97 %, 77, 69.03 W, 825 MHz
2026/09/30 04:30:17.800, Tesla T4, 3821 MiB, 15360 MiB, 98 %, 77, 63.59 W, 795 MHz
2026/09/30 04:30:18.308, Tesla T4, 3821 MiB, 15360 MiB, 99 %, 77, 66.86 W, 660 MHz
2026/09/30 04:30:18.816, Tesla T4, 3821 MiB, 15360 MiB, 99 %, 77, 66.86 W, 765 MHz
2026/09/30 04:30:19.327, Tesla T4, 3821 MiB, 15360 MiB, 98 %, 77, 67.80 W, 810 MHz
2026/09/30 04:30:19.834, Tesla T4, 3821 MiB, 15360 MiB, 98 %, 78, 67.12 W, 735 MHz
2026/09/30 04:30:20.342, Tesla T4, 3821 MiB, 15360 MiB, 99 %, 77, 68.10 W, 765 MHz
2026/09/30 04:30:20.859, Tesla T4, 3821 MiB, 15360 MiB, 99 %, 77, 68.24 W, 780 MHz
2026/09/30 04:30:21.381, Tesla T4, 3821 MiB, 15360 MiB, 97 %, 77, 67.17 W, 795 MHz
2026/09/30 04:30:21.904, Tesla T4, 3821 MiB, 15360 MiB, 97 %, 77, 67.26 W, 795 MHz
2026/09/30 04:30:22.430, Tesla T4, 3821 MiB, 15360 MiB, 99 %, 77, 67.75 W, 735 MHz
2026/09/30 04:30:22.977, Tesla T4, 3821 MiB, 15360 MiB, 98 %, 77, 67.06 W, 720 MHz
2026/09/30 04:30:23.503, Tesla T4, 3821 MiB, 15360 MiB, 97 %, 77, 65.83 W, 780 MHz
2026/09/30 04:30:24.017, Tesla T4, 3821 MiB, 15360 MiB, 98 %, 77, 70.40 W, 735 MHz
2026/09/30 04:30:24.525, Tesla T4, 3821 MiB, 15360 MiB, 98 %, 77, 66.86 W, 795 MHz
2026/09/30 04:30:25.035, Tesla T4, 3821 MiB, 15360 MiB, 99 %, 77, 65.40 W, 705 MHz
2026/09/30 04:30:25.543, Tesla T4, 3821 MiB, 15360 MiB, 99 %, 77, 67.61 W, 705 MHz
2026/09/30 04:30:26.051, Tesla T4, 3821 MiB, 15360 MiB, 98 %, 77, 67.61 W, 735 MHz
2026/09/30 04:30:26.563, Tesla T4, 3821 MiB, 15360 MiB, 99 %, 77, 71.96 W, 645 MHz
2026/09/30 04:30:27.070, Tesla T4, 3821 MiB, 15360 MiB, 99 %, 77, 66.86 W, 720 MHz
2026/09/30 04:30:27.578, Tesla T4, 3821 MiB, 15360 MiB, 99 %, 77, 71.03 W, 630 MHz
2026/09/30 04:30:28.087, Tesla T4, 3821 MiB, 15360 MiB, 99 %, 77, 63.38 W, 690 MHz
2026/09/30 04:30:28.602, Tesla T4, 3821 MiB, 15360 MiB, 98 %, 77, 62.93 W, 765 MHz
2026/09/30 04:30:29.110, Tesla T4, 3821 MiB, 15360 MiB, 99 %, 77, 66.38 W, 720 MHz
2026/09/30 04:30:29.617, Tesla T4, 3821 MiB, 15360 MiB, 99 %, 77, 66.14 W, 765 MHz
2026/09/30 04:30:30.124, Tesla T4, 3821 MiB, 15360 MiB, 98 %, 77, 67.70 W, 825 MHz
2026/09/30 04:30:30.632, Tesla T4, 3821 MiB, 15360 MiB, 99 %, 77, 67.51 W, 735 MHz
2026/09/30 04:30:31.140, Tesla T4, 3821 MiB, 15360 MiB, 81 %, 77, 67.94 W, 720 MHz
2026/09/30 04:30:31.649, Tesla T4, 3821 MiB, 15360 MiB, 96 %, 77, 67.96 W, 780 MHz
2026/09/30 04:30:32.156, Tesla T4, 3821 MiB, 15360 MiB, 97 %, 77, 66.57 W, 750 MHz
2026/09/30 04:30:32.665, Tesla T4, 3821 MiB, 15360 MiB, 99 %, 77, 66.81 W, 780 MHz
2026/09/30 04:30:33.173, Tesla T4, 3821 MiB, 15360 MiB, 97 %, 77, 68.49 W, 1095 MHz
2026/09/30 04:30:33.685, Tesla T4, 3821 MiB, 15360 MiB, 97 %, 77, 71.14 W, 735 MHz
2026/09/30 04:30:34.202, Tesla T4, 3821 MiB, 15360 MiB, 99 %, 77, 64.16 W, 750 MHz
2026/09/30 04:30:34.735, Tesla T4, 3821 MiB, 15360 MiB, 97 %, 77, 70.30 W, 675 MHz
2026/09/30 04:30:35.253, Tesla T4, 3821 MiB, 15360 MiB, 98 %, 77, 67.26 W, 705 MHz
2026/09/30 04:30:35.782, Tesla T4, 3821 MiB, 15360 MiB, 94 %, 77, 61.67 W, 735 MHz
2026/09/30 04:30:36.290, Tesla T4, 3821 MiB, 15360 MiB, 98 %, 77, 65.65 W, 810 MHz
2026/09/30 04:30:36.798, Tesla T4, 3821 MiB, 15360 MiB, 98 %, 77, 66.24 W, 810 MHz
2026/09/30 04:30:37.306, Tesla T4, 3821 MiB, 15360 MiB, 99 %, 77, 64.87 W, 780 MHz
2026/09/30 04:30:37.820, Tesla T4, 3821 MiB, 15360 MiB, 99 %, 77, 68.25 W, 855 MHz
2026/09/30 04:30:38.329, Tesla T4, 3821 MiB, 15360 MiB, 98 %, 77, 69.03 W, 780 MHz
2026/09/30 04:30:38.837, Tesla T4, 3821 MiB, 15360 MiB, 99 %, 77, 66.73 W, 600 MHz
2026/09/30 04:30:39.345, Tesla T4, 3821 MiB, 15360 MiB, 99 %, 77, 65.85 W, 765 MHz
2026/09/30 04:30:39.852, Tesla T4, 3821 MiB, 15360 MiB, 98 %, 77, 62.79 W, 780 MHz
2026/09/30 04:30:40.361, Tesla T4, 3821 MiB, 15360 MiB, 98 %, 77, 66.57 W, 750 MHz
2026/09/30 04:30:40.868, Tesla T4, 3821 MiB, 15360 MiB, 99 %, 77, 67.02 W, 735 MHz
2026/09/30 04:30:41.381, Tesla T4, 3821 MiB, 15360 MiB, 99 %, 77, 68.04 W, 750 MHz
2026/09/30 04:30:41.890, Tesla T4, 3821 MiB, 15360 MiB, 99 %, 77, 64.95 W, 795 MHz
2026/09/30 04:30:42.397, Tesla T4, 3821 MiB, 15360 MiB, 99 %, 77, 71.08 W, 825 MHz
2026/09/30 04:30:42.920, Tesla T4, 3821 MiB, 15360 MiB, 99 %, 77, 65.98 W, 810 MHz
2026/09/30 04:30:43.429, Tesla T4, 3821 MiB, 15360 MiB, 99 %, 77, 61.67 W, 870 MHz
2026/09/30 04:30:43.948, Tesla T4, 3821 MiB, 15360 MiB, 99 %, 77, 68.39 W, 765 MHz
2026/09/30 04:30:44.456, Tesla T4, 3821 MiB, 15360 MiB, 99 %, 77, 67.35 W, 780 MHz
2026/09/30 04:30:44.965, Tesla T4, 3821 MiB, 15360 MiB, 97 %, 77, 66.73 W, 705 MHz
2026/09/30 04:30:45.481, Tesla T4, 3821 MiB, 15360 MiB, 98 %, 77, 65.28 W, 840 MHz
2026/09/30 04:30:45.989, Tesla T4, 3821 MiB, 15360 MiB, 96 %, 77, 62.53 W, 795 MHz
2026/09/30 04:30:46.506, Tesla T4, 3821 MiB, 15360 MiB, 97 %, 77, 68.05 W, 735 MHz
2026/09/30 04:30:47.024, Tesla T4, 3821 MiB, 15360 MiB, 93 %, 77, 68.15 W, 945 MHz
2026/09/30 04:30:47.546, Tesla T4, 3821 MiB, 15360 MiB, 95 %, 77, 70.79 W, 765 MHz
2026/09/30 04:30:48.060, Tesla T4, 3821 MiB, 15360 MiB, 99 %, 77, 66.96 W, 735 MHz
2026/09/30 04:30:48.581, Tesla T4, 3821 MiB, 15360 MiB, 99 %, 77, 66.63 W, 795 MHz
2026/09/30 04:30:49.093, Tesla T4, 3821 MiB, 15360 MiB, 98 %, 77, 68.58 W, 825 MHz
2026/09/30 04:30:49.604, Tesla T4, 3821 MiB, 15360 MiB, 98 %, 77, 71.33 W, 600 MHz
2026/09/30 04:30:50.112, Tesla T4, 3821 MiB, 15360 MiB, 97 %, 77, 62.93 W, 750 MHz
2026/09/30 04:30:50.619, Tesla T4, 3821 MiB, 15360 MiB, 99 %, 77, 67.12 W, 780 MHz
2026/09/30 04:30:51.127, Tesla T4, 3821 MiB, 15360 MiB, 98 %, 77, 67.02 W, 660 MHz
2026/09/30 04:30:51.636, Tesla T4, 3821 MiB, 15360 MiB, 99 %, 77, 68.44 W, 735 MHz
2026/09/30 04:30:52.145, Tesla T4, 3821 MiB, 15360 MiB, 97 %, 77, 65.40 W, 765 MHz
2026/09/30 04:30:52.653, Tesla T4, 3821 MiB, 15360 MiB, 99 %, 77, 65.59 W, 780 MHz
2026/09/30 04:30:53.161, Tesla T4, 3821 MiB, 15360 MiB, 99 %, 77, 69.23 W, 855 MHz
2026/09/30 04:30:53.669, Tesla T4, 3821 MiB, 15360 MiB, 98 %, 77, 64.36 W, 855 MHz
2026/09/30 04:30:54.176, Tesla T4, 3821 MiB, 15360 MiB, 99 %, 77, 66.43 W, 750 MHz
2026/09/30 04:30:54.683, Tesla T4, 3821 MiB, 15360 MiB, 99 %, 77, 67.08 W, 615 MHz
2026/09/30 04:30:55.191, Tesla T4, 3821 MiB, 15360 MiB, 97 %, 77, 66.82 W, 780 MHz
2026/09/30 04:30:55.707, Tesla T4, 3821 MiB, 15360 MiB, 99 %, 77, 73.33 W, 750 MHz
2026/09/30 04:30:56.214, Tesla T4, 3821 MiB, 15360 MiB, 99 %, 77, 66.86 W, 720 MHz
2026/09/30 04:30:56.722, Tesla T4, 3821 MiB, 15360 MiB, 98 %, 77, 66.33 W, 645 MHz
2026/09/30 04:30:57.230, Tesla T4, 3821 MiB, 15360 MiB, 90 %, 77, 64.61 W, 765 MHz
2026/09/30 04:30:57.738, Tesla T4, 3821 MiB, 15360 MiB, 99 %, 77, 61.65 W, 765 MHz
2026/09/30 04:30:58.246, Tesla T4, 3821 MiB, 15360 MiB, 99 %, 77, 68.19 W, 615 MHz
2026/09/30 04:30:58.760, Tesla T4, 3821 MiB, 15360 MiB, 91 %, 77, 64.81 W, 780 MHz
2026/09/30 04:30:59.275, Tesla T4, 3821 MiB, 15360 MiB, 17 %, 77, 68.19 W, 720 MHz
2026/09/30 04:30:59.804, Tesla T4, 3821 MiB, 15360 MiB, 90 %, 77, 66.88 W, 660 MHz
2026/09/30 04:31:00.333, Tesla T4, 3821 MiB, 15360 MiB, 98 %, 77, 67.51 W, 645 MHz
2026/09/30 04:31:00.855, Tesla T4, 3821 MiB, 15360 MiB, 96 %, 77, 72.80 W, 765 MHz
2026/09/30 04:31:01.373, Tesla T4, 3821 MiB, 15360 MiB, 99 %, 77, 64.91 W, 930 MHz
2026/09/30 04:31:01.881, Tesla T4, 3821 MiB, 15360 MiB, 98 %, 77, 67.02 W, 810 MHz
2026/09/30 04:31:02.389, Tesla T4, 3821 MiB, 15360 MiB, 99 %, 77, 68.72 W, 735 MHz
2026/09/30 04:31:02.896, Tesla T4, 3821 MiB, 15360 MiB, 98 %, 77, 64.51 W, 780 MHz
2026/09/30 04:31:03.404, Tesla T4, 3821 MiB, 15360 MiB, 99 %, 77, 67.31 W, 795 MHz
2026/09/30 04:31:03.912, Tesla T4, 3821 MiB, 15360 MiB, 98 %, 77, 66.49 W, 810 MHz
2026/09/30 04:31:04.420, Tesla T4, 3821 MiB, 15360 MiB, 98 %, 77, 69.12 W, 600 MHz
2026/09/30 04:31:04.935, Tesla T4, 3821 MiB, 15360 MiB, 99 %, 77, 68.24 W, 810 MHz
2026/09/30 04:31:05.444, Tesla T4, 3821 MiB, 15360 MiB, 99 %, 77, 67.10 W, 615 MHz
2026/09/30 04:31:05.953, Tesla T4, 3821 MiB, 15360 MiB, 99 %, 77, 65.85 W, 765 MHz
2026/09/30 04:31:06.461, Tesla T4, 3821 MiB, 15360 MiB, 96 %, 77, 66.59 W, 885 MHz
2026/09/30 04:31:06.969, Tesla T4, 3821 MiB, 15360 MiB, 99 %, 77, 73.29 W, 780 MHz
2026/09/30 04:31:07.486, Tesla T4, 3821 MiB, 15360 MiB, 99 %, 77, 64.71 W, 810 MHz
2026/09/30 04:31:07.994, Tesla T4, 3821 MiB, 15360 MiB, 98 %, 77, 64.77 W, 735 MHz
2026/09/30 04:31:08.502, Tesla T4, 3821 MiB, 15360 MiB, 99 %, 77, 66.92 W, 765 MHz
2026/09/30 04:31:09.010, Tesla T4, 3821 MiB, 15360 MiB, 99 %, 77, 66.20 W, 795 MHz
2026/09/30 04:31:09.517, Tesla T4, 3821 MiB, 15360 MiB, 99 %, 77, 67.16 W, 780 MHz
2026/09/30 04:31:10.031, Tesla T4, 3821 MiB, 15360 MiB, 99 %, 77, 69.37 W, 735 MHz
2026/09/30 04:31:10.539, Tesla T4, 3821 MiB, 15360 MiB, 97 %, 77, 67.57 W, 780 MHz
2026/09/30 04:31:11.048, Tesla T4, 3821 MiB, 15360 MiB, 99 %, 77, 67.41 W, 750 MHz
2026/09/30 04:31:11.569, Tesla T4, 3821 MiB, 15360 MiB, 99 %, 77, 63.77 W, 930 MHz
2026/09/30 04:31:12.077, Tesla T4, 3821 MiB, 15360 MiB, 99 %, 77, 66.73 W, 705 MHz
2026/09/30 04:31:12.600, Tesla T4, 3821 MiB, 15360 MiB, 99 %, 77, 67.21 W, 765 MHz
2026/09/30 04:31:13.116, Tesla T4, 3821 MiB, 15360 MiB, 82 %, 77, 66.53 W, 1005 MHz
2026/09/30 04:31:13.639, Tesla T4, 3821 MiB, 15360 MiB, 87 %, 77, 75.68 W, 900 MHz
2026/09/30 04:31:14.147, Tesla T4, 3821 MiB, 15360 MiB, 99 %, 77, 73.00 W, 780 MHz
2026/09/30 04:31:14.655, Tesla T4, 3821 MiB, 15360 MiB, 99 %, 77, 66.38 W, 750 MHz
2026/09/30 04:31:15.163, Tesla T4, 3821 MiB, 15360 MiB, 98 %, 77, 65.24 W, 870 MHz
2026/09/30 04:31:15.678, Tesla T4, 3821 MiB, 15360 MiB, 99 %, 77, 66.28 W, 765 MHz
2026/09/30 04:31:16.186, Tesla T4, 3821 MiB, 15360 MiB, 99 %, 77, 68.00 W, 735 MHz
2026/09/30 04:31:16.695, Tesla T4, 3821 MiB, 15360 MiB, 99 %, 77, 67.31 W, 810 MHz
2026/09/30 04:31:17.202, Tesla T4, 3821 MiB, 15360 MiB, 99 %, 77, 70.89 W, 720 MHz
2026/09/30 04:31:17.711, Tesla T4, 3821 MiB, 15360 MiB, 98 %, 77, 71.42 W, 705 MHz
2026/09/30 04:31:18.224, Tesla T4, 3821 MiB, 15360 MiB, 97 %, 77, 64.16 W, 765 MHz
2026/09/30 04:31:18.732, Tesla T4, 3821 MiB, 15360 MiB, 99 %, 77, 67.65 W, 765 MHz
2026/09/30 04:31:19.239, Tesla T4, 3821 MiB, 15360 MiB, 99 %, 77, 69.27 W, 645 MHz
2026/09/30 04:31:19.749, Tesla T4, 3821 MiB, 15360 MiB, 99 %, 77, 67.06 W, 735 MHz
2026/09/30 04:31:20.260, Tesla T4, 3821 MiB, 15360 MiB, 97 %, 77, 66.08 W, 765 MHz
2026/09/30 04:31:20.768, Tesla T4, 3821 MiB, 15360 MiB, 99 %, 77, 64.46 W, 795 MHz
2026/09/30 04:31:21.276, Tesla T4, 3821 MiB, 15360 MiB, 99 %, 77, 64.03 W, 870 MHz
2026/09/30 04:31:21.784, Tesla T4, 3821 MiB, 15360 MiB, 98 %, 77, 63.69 W, 765 MHz
2026/09/30 04:31:22.291, Tesla T4, 3821 MiB, 15360 MiB, 99 %, 77, 67.06 W, 780 MHz
2026/09/30 04:31:22.799, Tesla T4, 3821 MiB, 15360 MiB, 99 %, 77, 67.76 W, 600 MHz
2026/09/30 04:31:23.306, Tesla T4, 3821 MiB, 15360 MiB, 98 %, 77, 66.82 W, 705 MHz
2026/09/30 04:31:23.816, Tesla T4, 3821 MiB, 15360 MiB, 98 %, 77, 68.24 W, 810 MHz
2026/09/30 04:31:24.332, Tesla T4, 3821 MiB, 15360 MiB, 99 %, 77, 67.02 W, 810 MHz
2026/09/30 04:31:24.847, Tesla T4, 3821 MiB, 15360 MiB, 96 %, 77, 65.98 W, 735 MHz
2026/09/30 04:31:25.375, Tesla T4, 3821 MiB, 15360 MiB, 97 %, 77, 66.43 W, 780 MHz
2026/09/30 04:31:25.893, Tesla T4, 3821 MiB, 15360 MiB, 97 %, 77, 65.75 W, 810 MHz
2026/09/30 04:31:26.403, Tesla T4, 3821 MiB, 15360 MiB, 98 %, 77, 70.75 W, 720 MHz
2026/09/30 04:31:26.923, Tesla T4, 3821 MiB, 15360 MiB, 99 %, 77, 66.39 W, 780 MHz
2026/09/30 04:31:27.430, Tesla T4, 3821 MiB, 15360 MiB, 98 %, 77, 66.57 W, 825 MHz
2026/09/30 04:31:27.941, Tesla T4, 3821 MiB, 15360 MiB, 93 %, 77, 63.42 W, 765 MHz
2026/09/30 04:31:28.449, Tesla T4, 3821 MiB, 15360 MiB, 99 %, 77, 69.62 W, 765 MHz
2026/09/30 04:31:28.963, Tesla T4, 3821 MiB, 15360 MiB, 99 %, 77, 63.24 W, 795 MHz
2026/09/30 04:31:29.470, Tesla T4, 3821 MiB, 15360 MiB, 81 %, 77, 67.06 W, 900 MHz
2026/09/30 04:31:29.978, Tesla T4, 3821 MiB, 15360 MiB, 98 %, 77, 67.41 W, 780 MHz
2026/09/30 04:31:30.485, Tesla T4, 3821 MiB, 15360 MiB, 99 %, 77, 68.54 W, 840 MHz
2026/09/30 04:31:30.994, Tesla T4, 3821 MiB, 15360 MiB, 98 %, 77, 64.03 W, 795 MHz
2026/09/30 04:31:31.505, Tesla T4, 3821 MiB, 15360 MiB, 99 %, 77, 68.00 W, 780 MHz
2026/09/30 04:31:32.015, Tesla T4, 3821 MiB, 15360 MiB, 96 %, 77, 67.31 W, 780 MHz
2026/09/30 04:31:32.523, Tesla T4, 3821 MiB, 15360 MiB, 97 %, 77, 66.49 W, 780 MHz
2026/09/30 04:31:33.030, Tesla T4, 3821 MiB, 15360 MiB, 99 %, 77, 65.79 W, 795 MHz
2026/09/30 04:31:33.538, Tesla T4, 3821 MiB, 15360 MiB, 99 %, 77, 67.06 W, 705 MHz
2026/09/30 04:31:34.046, Tesla T4, 3821 MiB, 15360 MiB, 99 %, 77, 68.58 W, 645 MHz
2026/09/30 04:31:34.556, Tesla T4, 3821 MiB, 15360 MiB, 99 %, 77, 63.93 W, 1290 MHz
2026/09/30 04:31:35.066, Tesla T4, 3821 MiB, 15360 MiB, 99 %, 77, 62.85 W, 780 MHz
2026/09/30 04:31:35.574, Tesla T4, 3821 MiB, 15360 MiB, 99 %, 77, 67.16 W, 825 MHz
2026/09/30 04:31:36.088, Tesla T4, 3821 MiB, 15360 MiB, 98 %, 77, 66.43 W, 780 MHz
2026/09/30 04:31:36.599, Tesla T4, 3821 MiB, 15360 MiB, 98 %, 77, 66.43 W, 750 MHz
2026/09/30 04:31:37.117, Tesla T4, 3821 MiB, 15360 MiB, 98 %, 77, 70.26 W, 720 MHz
2026/09/30 04:31:37.651, Tesla T4, 3821 MiB, 15360 MiB, 98 %, 77, 67.16 W, 780 MHz
2026/09/30 04:31:38.164, Tesla T4, 3821 MiB, 15360 MiB, 98 %, 77, 65.20 W, 780 MHz
2026/09/30 04:31:38.685, Tesla T4, 3821 MiB, 15360 MiB, 99 %, 77, 67.86 W, 870 MHz
2026/09/30 04:31:39.206, Tesla T4, 3821 MiB, 15360 MiB, 98 %, 77, 67.55 W, 765 MHz
2026/09/30 04:31:39.736, Tesla T4, 3821 MiB, 15360 MiB, 94 %, 77, 66.33 W, 915 MHz
2026/09/30 04:31:40.243, Tesla T4, 3821 MiB, 15360 MiB, 99 %, 77, 67.16 W, 735 MHz
2026/09/30 04:31:40.750, Tesla T4, 3821 MiB, 15360 MiB, 99 %, 77, 67.41 W, 780 MHz
2026/09/30 04:31:41.258, Tesla T4, 3821 MiB, 15360 MiB, 98 %, 77, 69.21 W, 930 MHz
2026/09/30 04:31:41.768, Tesla T4, 3821 MiB, 15360 MiB, 98 %, 77, 64.38 W, 870 MHz
2026/09/30 04:31:42.280, Tesla T4, 3821 MiB, 15360 MiB, 99 %, 77, 60.73 W, 840 MHz
2026/09/30 04:31:42.787, Tesla T4, 3821 MiB, 15360 MiB, 99 %, 77, 68.44 W, 795 MHz
2026/09/30 04:31:43.294, Tesla T4, 3821 MiB, 15360 MiB, 99 %, 77, 71.33 W, 780 MHz
2026/09/30 04:31:43.802, Tesla T4, 3821 MiB, 15360 MiB, 99 %, 77, 68.39 W, 810 MHz
2026/09/30 04:31:44.310, Tesla T4, 3821 MiB, 15360 MiB, 98 %, 77, 68.39 W, 795 MHz
2026/09/30 04:31:44.818, Tesla T4, 3821 MiB, 15360 MiB, 99 %, 77, 66.04 W, 795 MHz
2026/09/30 04:31:45.331, Tesla T4, 3821 MiB, 15360 MiB, 99 %, 77, 67.66 W, 780 MHz
2026/09/30 04:31:45.839, Tesla T4, 3821 MiB, 15360 MiB, 99 %, 77, 72.06 W, 750 MHz
2026/09/30 04:31:46.347, Tesla T4, 3821 MiB, 15360 MiB, 98 %, 77, 71.87 W, 810 MHz
2026/09/30 04:31:46.854, Tesla T4, 3821 MiB, 15360 MiB, 99 %, 77, 65.16 W, 795 MHz
2026/09/30 04:31:47.363, Tesla T4, 3821 MiB, 15360 MiB, 98 %, 77, 64.55 W, 885 MHz
2026/09/30 04:31:47.871, Tesla T4, 3821 MiB, 15360 MiB, 98 %, 77, 68.29 W, 765 MHz
2026/09/30 04:31:48.381, Tesla T4, 3821 MiB, 15360 MiB, 97 %, 77, 65.89 W, 780 MHz
2026/09/30 04:31:48.889, Tesla T4, 3821 MiB, 15360 MiB, 99 %, 77, 67.61 W, 840 MHz
2026/09/30 04:31:49.397, Tesla T4, 3821 MiB, 15360 MiB, 90 %, 77, 67.26 W, 675 MHz
2026/09/30 04:31:49.906, Tesla T4, 3821 MiB, 15360 MiB, 97 %, 77, 68.10 W, 690 MHz
2026/09/30 04:31:50.437, Tesla T4, 3821 MiB, 15360 MiB, 99 %, 77, 71.92 W, 615 MHz
2026/09/30 04:31:50.961, Tesla T4, 3821 MiB, 15360 MiB, 99 %, 77, 68.10 W, 825 MHz
2026/09/30 04:31:51.486, Tesla T4, 3821 MiB, 15360 MiB, 96 %, 77, 69.62 W, 765 MHz
2026/09/30 04:31:52.011, Tesla T4, 3821 MiB, 15360 MiB, 98 %, 77, 65.24 W, 795 MHz
2026/09/30 04:31:52.527, Tesla T4, 3821 MiB, 15360 MiB, 98 %, 77, 64.26 W, 810 MHz
2026/09/30 04:31:53.035, Tesla T4, 3821 MiB, 15360 MiB, 98 %, 77, 68.29 W, 885 MHz
2026/09/30 04:31:53.545, Tesla T4, 3821 MiB, 15360 MiB, 99 %, 77, 67.45 W, 765 MHz
2026/09/30 04:31:54.053, Tesla T4, 3821 MiB, 15360 MiB, 98 %, 77, 61.71 W, 780 MHz
2026/09/30 04:31:54.563, Tesla T4, 3821 MiB, 15360 MiB, 99 %, 77, 70.21 W, 750 MHz
2026/09/30 04:31:55.073, Tesla T4, 3821 MiB, 15360 MiB, 28 %, 76, 37.61 W, 1575 MHz
2026/09/30 04:31:55.579, Tesla T4, 3821 MiB, 15360 MiB, 0 %, 76, 45.05 W, 1590 MHz
2026/09/30 04:31:56.084, Tesla T4, 3821 MiB, 15360 MiB, 0 %, 76, 45.07 W, 1590 MHz
2026/09/30 04:31:56.589, Tesla T4, 3821 MiB, 15360 MiB, 0 %, 76, 45.31 W, 1590 MHz
2026/09/30 04:31:57.096, Tesla T4, 0 MiB, 15360 MiB, 0 %, 75, 34.49 W, 930 MHz
2026/09/30 04:31:57.603, Tesla T4, 0 MiB, 15360 MiB, 0 %, 74, 33.33 W, 780 MHz
2026/09/30 04:31:58.109, Tesla T4, 0 MiB, 15360 MiB, 0 %, 74, 33.03 W, 585 MHz
2026/09/30 04:31:58.616, Tesla T4, 0 MiB, 15360 MiB, 0 %, 74, 32.84 W, 495 MHz
2026/09/30 04:31:59.123, Tesla T4, 0 MiB, 15360 MiB, 0 %, 74, 32.74 W, 375 MHz
2026/09/30 04:31:59.631, Tesla T4, 0 MiB, 15360 MiB, 0 %, 73, 32.64 W, 345 MHz
2026/09/30 04:32:00.139, Tesla T4, 0 MiB, 15360 MiB, 0 %, 73, 32.54 W, 345 MHz
2026/09/30 04:32:00.646, Tesla T4, 0 MiB, 15360 MiB, 0 %, 73, 32.54 W, 345 MHz
2026/09/30 04:32:01.153, Tesla T4, 0 MiB, 15360 MiB, 0 %, 73, 32.34 W, 300 MHz
2026/09/30 04:32:01.662, Tesla T4, 0 MiB, 15360 MiB, 0 %, 73, 32.22 W, 300 MHz
2026/09/30 04:32:02.171, Tesla T4, 0 MiB, 15360 MiB, 0 %, 72, 17.58 W, 300 MHz
2026/09/30 04:32:02.690, Tesla T4, 0 MiB, 15360 MiB, 0 %, 71, 17.47 W, 300 MHz
2026/09/30 04:32:03.217, Tesla T4, 0 MiB, 15360 MiB, 0 %, 71, 17.48 W, 300 MHz
2026/09/30 04:32:03.752, Tesla T4, 0 MiB, 15360 MiB, 0 %, 71, 17.38 W, 300 MHz
2026/09/30 04:32:04.263, Tesla T4, 0 MiB, 15360 MiB, 0 %, 70, 13.23 W, 300 MHz
2026/09/30 04:32:04.773, Tesla T4, 0 MiB, 15360 MiB, 0 %, 70, 13.32 W, 300 MHz
2026/09/30 04:32:05.284, Tesla T4, 0 MiB, 15360 MiB, 0 %, 70, 13.23 W, 300 MHz
2026/09/30 04:32:05.795, Tesla T4, 0 MiB, 15360 MiB, 0 %, 70, 13.42 W, 300 MHz
2026/09/30 04:32:06.307, Tesla T4, 0 MiB, 15360 MiB, 0 %, 69, 16.79 W, 300 MHz
2026/09/30 04:32:06.867, Tesla T4, 0 MiB, 15360 MiB, 0 %, 69, 13.32 W, 300 MHz
2026/09/30 04:32:07.378, Tesla T4, 0 MiB, 15360 MiB, 0 %, 69, 13.62 W, 300 MHz
2026/09/30 04:32:07.889, Tesla T4, 0 MiB, 15360 MiB, 0 %, 69, 13.03 W, 300 MHz
2026/09/30 04:32:08.399, Tesla T4, 0 MiB, 15360 MiB, 0 %, 69, 13.32 W, 300 MHz
2026/09/30 04:32:08.910, Tesla T4, 0 MiB, 15360 MiB, 0 %, 68, 13.03 W, 300 MHz
2026/09/30 04:32:09.421, Tesla T4, 0 MiB, 15360 MiB, 0 %, 68, 13.13 W, 300 MHz
2026/09/30 04:32:09.931, Tesla T4, 0 MiB, 15360 MiB, 0 %, 68, 13.03 W, 300 MHz
2026/09/30 04:32:10.441, Tesla T4, 0 MiB, 15360 MiB, 0 %, 68, 13.13 W, 300 MHz
2026/09/30 04:32:10.952, Tesla T4, 0 MiB, 15360 MiB, 0 %, 68, 13.32 W, 300 MHz
2026/09/30 04:32:11.462, Tesla T4, 0 MiB, 15360 MiB, 0 %, 68, 13.13 W, 300 MHz
2026/09/30 04:32:11.973, Tesla T4, 0 MiB, 15360 MiB, 0 %, 68, 13.23 W, 300 MHz
2026/09/30 04:32:12.494, Tesla T4, 0 MiB, 15360 MiB, 0 %, 68, 12.93 W, 300 MHz
2026/09/30 04:32:13.006, Tesla T4, 0 MiB, 15360 MiB, 0 %, 67, 13.13 W, 300 MHz
2026/09/30 04:32:13.535, Tesla T4, 0 MiB, 15360 MiB, 0 %, 67, 13.03 W, 300 MHz
2026/09/30 04:32:14.047, Tesla T4, 0 MiB, 15360 MiB, 0 %, 67, 12.83 W, 300 MHz
2026/09/30 04:32:14.568, Tesla T4, 0 MiB, 15360 MiB, 0 %, 67, 13.03 W, 300 MHz
2026/09/30 04:32:15.091, Tesla T4, 0 MiB, 15360 MiB, 0 %, 67, 12.83 W, 300 MHz
2026/09/30 04:32:15.610, Tesla T4, 0 MiB, 15360 MiB, 0 %, 67, 13.03 W, 300 MHz
2026/09/30 04:32:16.130, Tesla T4, 0 MiB, 15360 MiB, 0 %, 67, 14.12 W, 300 MHz
2026/09/30 04:32:16.652, Tesla T4, 0 MiB, 15360 MiB, 0 %, 67, 12.83 W, 300 MHz
2026/09/30 04:32:17.177, Tesla T4, 0 MiB, 15360 MiB, 0 %, 67, 13.03 W, 300 MHz
2026/09/30 04:32:17.693, Tesla T4, 0 MiB, 15360 MiB, 0 %, 67, 12.93 W, 300 MHz
2026/09/30 04:32:18.203, Tesla T4, 0 MiB, 15360 MiB, 0 %, 66, 13.23 W, 300 MHz
2026/09/30 04:32:18.713, Tesla T4, 0 MiB, 15360 MiB, 0 %, 66, 12.73 W, 300 MHz
2026/09/30 04:32:19.224, Tesla T4, 0 MiB, 15360 MiB, 0 %, 66, 12.93 W, 300 MHz
2026/09/30 04:32:19.734, Tesla T4, 0 MiB, 15360 MiB, 0 %, 66, 12.73 W, 300 MHz
2026/09/30 04:32:20.246, Tesla T4, 0 MiB, 15360 MiB, 0 %, 66, 12.83 W, 300 MHz
2026/09/30 04:32:20.757, Tesla T4, 3 MiB, 15360 MiB, 0 %, 66, 16.09 W, 300 MHz
2026/09/30 04:32:21.267, Tesla T4, 1097 MiB, 15360 MiB, 28 %, 67, 32.64 W, 900 MHz
2026/09/30 04:32:21.774, Tesla T4, 1097 MiB, 15360 MiB, 0 %, 67, 32.14 W, 900 MHz
2026/09/30 04:32:22.280, Tesla T4, 1097 MiB, 15360 MiB, 0 %, 67, 32.24 W, 900 MHz
2026/09/30 04:32:22.787, Tesla T4, 1097 MiB, 15360 MiB, 0 %, 67, 31.75 W, 585 MHz
2026/09/30 04:32:23.294, Tesla T4, 1097 MiB, 15360 MiB, 0 %, 67, 31.55 W, 585 MHz
2026/09/30 04:32:23.800, Tesla T4, 1097 MiB, 15360 MiB, 0 %, 67, 31.57 W, 585 MHz
2026/09/30 04:32:24.307, Tesla T4, 1097 MiB, 15360 MiB, 0 %, 67, 31.45 W, 585 MHz
2026/09/30 04:32:24.814, Tesla T4, 1097 MiB, 15360 MiB, 0 %, 68, 31.43 W, 585 MHz
2026/09/30 04:32:25.321, Tesla T4, 1105 MiB, 15360 MiB, 0 %, 67, 31.45 W, 585 MHz
2026/09/30 04:32:25.828, Tesla T4, 2111 MiB, 15360 MiB, 18 %, 67, 31.57 W, 585 MHz
2026/09/30 04:32:26.335, Tesla T4, 2147 MiB, 15360 MiB, 61 %, 68, 33.86 W, 900 MHz
2026/09/30 04:32:26.842, Tesla T4, 2147 MiB, 15360 MiB, 31 %, 68, 36.55 W, 900 MHz
2026/09/30 04:32:27.351, Tesla T4, 2147 MiB, 15360 MiB, 28 %, 68, 40.47 W, 900 MHz
2026/09/30 04:32:27.865, Tesla T4, 2147 MiB, 15360 MiB, 23 %, 68, 36.84 W, 900 MHz
2026/09/30 04:32:28.379, Tesla T4, 2147 MiB, 15360 MiB, 30 %, 68, 37.36 W, 690 MHz
2026/09/30 04:32:28.894, Tesla T4, 2149 MiB, 15360 MiB, 28 %, 68, 36.07 W, 660 MHz
2026/09/30 04:32:29.408, Tesla T4, 2149 MiB, 15360 MiB, 33 %, 68, 36.53 W, 615 MHz
2026/09/30 04:32:29.918, Tesla T4, 2149 MiB, 15360 MiB, 27 %, 68, 36.67 W, 585 MHz
2026/09/30 04:32:30.427, Tesla T4, 2305 MiB, 15360 MiB, 77 %, 69, 63.08 W, 1005 MHz
2026/09/30 04:32:30.934, Tesla T4, 2307 MiB, 15360 MiB, 67 %, 70, 54.89 W, 1590 MHz
2026/09/30 04:32:31.439, Tesla T4, 2307 MiB, 15360 MiB, 30 %, 70, 55.31 W, 1590 MHz
2026/09/30 04:32:31.945, Tesla T4, 2307 MiB, 15360 MiB, 30 %, 70, 48.99 W, 1590 MHz
2026/09/30 04:32:32.452, Tesla T4, 2307 MiB, 15360 MiB, 30 %, 70, 57.25 W, 1590 MHz
2026/09/30 04:32:32.957, Tesla T4, 2309 MiB, 15360 MiB, 34 %, 70, 46.64 W, 1320 MHz
2026/09/30 04:32:33.463, Tesla T4, 2309 MiB, 15360 MiB, 35 %, 70, 44.94 W, 1275 MHz
2026/09/30 04:32:33.969, Tesla T4, 2309 MiB, 15360 MiB, 35 %, 70, 45.05 W, 1245 MHz
2026/09/30 04:32:34.476, Tesla T4, 2309 MiB, 15360 MiB, 35 %, 70, 46.52 W, 1200 MHz
2026/09/30 04:32:34.983, Tesla T4, 2309 MiB, 15360 MiB, 33 %, 70, 44.01 W, 1170 MHz
2026/09/30 04:32:35.502, Tesla T4, 2309 MiB, 15360 MiB, 26 %, 71, 51.35 W, 1590 MHz
2026/09/30 04:32:36.009, Tesla T4, 2309 MiB, 15360 MiB, 24 %, 71, 50.73 W, 1590 MHz
2026/09/30 04:32:36.524, Tesla T4, 2309 MiB, 15360 MiB, 25 %, 71, 53.94 W, 1590 MHz
2026/09/30 04:32:37.031, Tesla T4, 2309 MiB, 15360 MiB, 25 %, 72, 53.35 W, 1590 MHz
2026/09/30 04:32:37.537, Tesla T4, 2309 MiB, 15360 MiB, 24 %, 71, 40.72 W, 1125 MHz
2026/09/30 04:32:38.043, Tesla T4, 2309 MiB, 15360 MiB, 29 %, 71, 41.06 W, 1050 MHz
2026/09/30 04:32:38.550, Tesla T4, 2309 MiB, 15360 MiB, 32 %, 71, 41.18 W, 1005 MHz
2026/09/30 04:32:39.057, Tesla T4, 2309 MiB, 15360 MiB, 32 %, 71, 40.17 W, 960 MHz
2026/09/30 04:32:39.565, Tesla T4, 2309 MiB, 15360 MiB, 31 %, 71, 39.80 W, 930 MHz
2026/09/30 04:32:40.074, Tesla T4, 2309 MiB, 15360 MiB, 22 %, 71, 40.27 W, 870 MHz
2026/09/30 04:32:40.589, Tesla T4, 2309 MiB, 15360 MiB, 27 %, 71, 36.84 W, 810 MHz
2026/09/30 04:32:41.102, Tesla T4, 2309 MiB, 15360 MiB, 30 %, 71, 37.65 W, 765 MHz
2026/09/30 04:32:41.618, Tesla T4, 2309 MiB, 15360 MiB, 22 %, 71, 36.84 W, 1005 MHz
2026/09/30 04:32:42.131, Tesla T4, 2309 MiB, 15360 MiB, 23 %, 71, 37.83 W, 1005 MHz
2026/09/30 04:32:42.645, Tesla T4, 2309 MiB, 15360 MiB, 33 %, 71, 39.95 W, 1005 MHz
2026/09/30 04:32:43.152, Tesla T4, 2309 MiB, 15360 MiB, 34 %, 71, 40.25 W, 1005 MHz
2026/09/30 04:32:43.659, Tesla T4, 2309 MiB, 15360 MiB, 36 %, 71, 46.42 W, 885 MHz
2026/09/30 04:32:44.165, Tesla T4, 2309 MiB, 15360 MiB, 27 %, 71, 47.51 W, 1380 MHz
2026/09/30 04:32:44.673, Tesla T4, 2309 MiB, 15360 MiB, 27 %, 71, 48.01 W, 1380 MHz
2026/09/30 04:32:45.179, Tesla T4, 2309 MiB, 15360 MiB, 27 %, 72, 46.92 W, 1380 MHz
2026/09/30 04:32:45.685, Tesla T4, 2309 MiB, 15360 MiB, 26 %, 71, 41.82 W, 1065 MHz
2026/09/30 04:32:46.191, Tesla T4, 2309 MiB, 15360 MiB, 32 %, 71, 40.81 W, 1020 MHz
2026/09/30 04:32:46.698, Tesla T4, 2309 MiB, 15360 MiB, 32 %, 71, 42.76 W, 975 MHz
2026/09/30 04:32:47.205, Tesla T4, 2309 MiB, 15360 MiB, 34 %, 71, 39.88 W, 945 MHz
2026/09/30 04:32:47.712, Tesla T4, 2309 MiB, 15360 MiB, 30 %, 71, 40.94 W, 900 MHz
2026/09/30 04:32:48.219, Tesla T4, 2309 MiB, 15360 MiB, 32 %, 71, 40.25 W, 870 MHz
2026/09/30 04:32:48.731, Tesla T4, 2309 MiB, 15360 MiB, 31 %, 71, 38.22 W, 825 MHz
2026/09/30 04:32:49.239, Tesla T4, 2309 MiB, 15360 MiB, 35 %, 71, 37.51 W, 795 MHz
2026/09/30 04:32:49.746, Tesla T4, 2309 MiB, 15360 MiB, 36 %, 71, 41.87 W, 780 MHz
2026/09/30 04:32:50.253, Tesla T4, 2309 MiB, 15360 MiB, 62 %, 71, 42.22 W, 1215 MHz
2026/09/30 04:32:50.762, Tesla T4, 2309 MiB, 15360 MiB, 27 %, 71, 41.35 W, 1215 MHz
2026/09/30 04:32:51.269, Tesla T4, 2309 MiB, 15360 MiB, 75 %, 73, 71.96 W, 990 MHz
2026/09/30 04:32:51.777, Tesla T4, 2309 MiB, 15360 MiB, 28 %, 73, 56.55 W, 1590 MHz
2026/09/30 04:32:52.283, Tesla T4, 2309 MiB, 15360 MiB, 28 %, 73, 57.47 W, 1590 MHz
2026/09/30 04:32:52.789, Tesla T4, 2309 MiB, 15360 MiB, 19 %, 73, 60.68 W, 1590 MHz
2026/09/30 04:32:53.301, Tesla T4, 2309 MiB, 15360 MiB, 87 %, 74, 67.59 W, 990 MHz
2026/09/30 04:32:53.831, Tesla T4, 2309 MiB, 15360 MiB, 87 %, 73, 43.13 W, 1560 MHz
2026/09/30 04:32:54.352, Tesla T4, 2309 MiB, 15360 MiB, 20 %, 73, 48.60 W, 1515 MHz
2026/09/30 04:32:54.865, Tesla T4, 2309 MiB, 15360 MiB, 23 %, 73, 48.07 W, 1515 MHz
2026/09/30 04:32:55.376, Tesla T4, 2309 MiB, 15360 MiB, 31 %, 74, 53.09 W, 1515 MHz
2026/09/30 04:32:55.882, Tesla T4, 2309 MiB, 15360 MiB, 33 %, 73, 46.79 W, 1245 MHz
2026/09/30 04:32:56.389, Tesla T4, 2309 MiB, 15360 MiB, 34 %, 73, 45.44 W, 1200 MHz
2026/09/30 04:32:56.897, Tesla T4, 2309 MiB, 15360 MiB, 33 %, 73, 43.35 W, 1170 MHz
2026/09/30 04:32:57.404, Tesla T4, 2309 MiB, 15360 MiB, 35 %, 73, 42.36 W, 1140 MHz
2026/09/30 04:32:57.911, Tesla T4, 2309 MiB, 15360 MiB, 35 %, 73, 41.70 W, 1095 MHz
2026/09/30 04:32:58.419, Tesla T4, 2309 MiB, 15360 MiB, 34 %, 73, 41.70 W, 1065 MHz
2026/09/30 04:32:58.925, Tesla T4, 2309 MiB, 15360 MiB, 36 %, 73, 43.05 W, 1050 MHz
2026/09/30 04:32:59.432, Tesla T4, 2309 MiB, 15360 MiB, 37 %, 73, 42.04 W, 1035 MHz
2026/09/30 04:32:59.938, Tesla T4, 2309 MiB, 15360 MiB, 36 %, 73, 42.14 W, 1020 MHz
2026/09/30 04:33:00.450, Tesla T4, 2309 MiB, 15360 MiB, 37 %, 73, 41.95 W, 1005 MHz
2026/09/30 04:33:00.956, Tesla T4, 2309 MiB, 15360 MiB, 35 %, 73, 41.77 W, 975 MHz
2026/09/30 04:33:01.463, Tesla T4, 2309 MiB, 15360 MiB, 35 %, 73, 41.38 W, 960 MHz
2026/09/30 04:33:01.971, Tesla T4, 2309 MiB, 15360 MiB, 34 %, 73, 42.24 W, 930 MHz
2026/09/30 04:33:02.478, Tesla T4, 2309 MiB, 15360 MiB, 35 %, 73, 40.69 W, 915 MHz
2026/09/30 04:33:02.986, Tesla T4, 2309 MiB, 15360 MiB, 61 %, 74, 68.14 W, 1530 MHz
2026/09/30 04:33:03.492, Tesla T4, 2309 MiB, 15360 MiB, 24 %, 74, 57.54 W, 1560 MHz
2026/09/30 04:33:03.999, Tesla T4, 2309 MiB, 15360 MiB, 26 %, 74, 53.58 W, 1560 MHz
2026/09/30 04:33:04.505, Tesla T4, 2309 MiB, 15360 MiB, 25 %, 74, 59.57 W, 1560 MHz
2026/09/30 04:33:05.010, Tesla T4, 2309 MiB, 15360 MiB, 27 %, 74, 41.72 W, 1125 MHz
2026/09/30 04:33:05.518, Tesla T4, 2309 MiB, 15360 MiB, 21 %, 74, 39.95 W, 990 MHz
2026/09/30 04:33:06.025, Tesla T4, 2309 MiB, 15360 MiB, 24 %, 74, 39.58 W, 930 MHz
2026/09/30 04:33:06.545, Tesla T4, 2309 MiB, 15360 MiB, 27 %, 74, 36.35 W, 855 MHz
2026/09/30 04:33:07.065, Tesla T4, 2309 MiB, 15360 MiB, 24 %, 74, 39.13 W, 795 MHz
2026/09/30 04:33:07.580, Tesla T4, 2309 MiB, 15360 MiB, 23 %, 73, 35.86 W, 735 MHz
2026/09/30 04:33:08.094, Tesla T4, 2309 MiB, 15360 MiB, 38 %, 73, 38.99 W, 705 MHz
2026/09/30 04:33:08.604, Tesla T4, 2309 MiB, 15360 MiB, 37 %, 73, 39.21 W, 705 MHz
2026/09/30 04:33:09.112, Tesla T4, 2309 MiB, 15360 MiB, 39 %, 73, 42.02 W, 690 MHz
2026/09/30 04:33:09.619, Tesla T4, 2309 MiB, 15360 MiB, 37 %, 73, 40.27 W, 690 MHz
2026/09/30 04:33:10.127, Tesla T4, 2309 MiB, 15360 MiB, 39 %, 73, 38.94 W, 705 MHz
2026/09/30 04:33:10.642, Tesla T4, 2309 MiB, 15360 MiB, 37 %, 73, 39.01 W, 705 MHz
2026/09/30 04:33:11.149, Tesla T4, 2309 MiB, 15360 MiB, 40 %, 73, 39.51 W, 720 MHz
2026/09/30 04:33:11.657, Tesla T4, 2309 MiB, 15360 MiB, 35 %, 73, 37.71 W, 720 MHz
2026/09/30 04:33:12.165, Tesla T4, 2309 MiB, 15360 MiB, 40 %, 73, 40.88 W, 720 MHz
2026/09/30 04:33:12.672, Tesla T4, 2309 MiB, 15360 MiB, 49 %, 73, 40.98 W, 900 MHz
2026/09/30 04:33:13.179, Tesla T4, 2309 MiB, 15360 MiB, 30 %, 74, 44.65 W, 1080 MHz
2026/09/30 04:33:13.686, Tesla T4, 2309 MiB, 15360 MiB, 100 %, 74, 52.27 W, 1575 MHz
2026/09/30 04:33:14.200, Tesla T4, 2309 MiB, 15360 MiB, 30 %, 75, 55.54 W, 1590 MHz
2026/09/30 04:33:14.705, Tesla T4, 2309 MiB, 15360 MiB, 30 %, 75, 59.63 W, 1590 MHz
2026/09/30 04:33:15.211, Tesla T4, 2309 MiB, 15360 MiB, 48 %, 75, 47.38 W, 1515 MHz
2026/09/30 04:33:15.716, Tesla T4, 2309 MiB, 15360 MiB, 26 %, 75, 51.38 W, 1590 MHz
2026/09/30 04:33:16.224, Tesla T4, 2309 MiB, 15360 MiB, 26 %, 76, 59.17 W, 1590 MHz
2026/09/30 04:33:16.731, Tesla T4, 2309 MiB, 15360 MiB, 26 %, 76, 58.56 W, 1590 MHz
2026/09/30 04:33:17.236, Tesla T4, 2309 MiB, 15360 MiB, 30 %, 75, 41.23 W, 1125 MHz
2026/09/30 04:33:17.743, Tesla T4, 2309 MiB, 15360 MiB, 31 %, 75, 43.20 W, 1080 MHz
2026/09/30 04:33:18.258, Tesla T4, 2309 MiB, 15360 MiB, 23 %, 75, 41.55 W, 960 MHz
2026/09/30 04:33:18.772, Tesla T4, 2309 MiB, 15360 MiB, 22 %, 75, 40.47 W, 870 MHz
2026/09/30 04:33:19.296, Tesla T4, 2309 MiB, 15360 MiB, 27 %, 75, 38.34 W, 810 MHz
2026/09/30 04:33:19.813, Tesla T4, 2309 MiB, 15360 MiB, 26 %, 75, 36.37 W, 750 MHz
2026/09/30 04:33:20.329, Tesla T4, 2309 MiB, 15360 MiB, 24 %, 74, 38.91 W, 690 MHz
2026/09/30 04:33:20.844, Tesla T4, 2309 MiB, 15360 MiB, 39 %, 75, 38.50 W, 660 MHz
2026/09/30 04:33:21.352, Tesla T4, 2309 MiB, 15360 MiB, 36 %, 74, 37.71 W, 645 MHz
2026/09/30 04:33:21.859, Tesla T4, 2309 MiB, 15360 MiB, 39 %, 74, 37.93 W, 660 MHz
2026/09/30 04:33:22.367, Tesla T4, 2309 MiB, 15360 MiB, 37 %, 74, 38.32 W, 660 MHz
2026/09/30 04:33:22.875, Tesla T4, 2309 MiB, 15360 MiB, 39 %, 74, 38.40 W, 660 MHz
2026/09/30 04:33:23.384, Tesla T4, 2309 MiB, 15360 MiB, 36 %, 74, 39.46 W, 645 MHz
2026/09/30 04:33:23.892, Tesla T4, 2309 MiB, 15360 MiB, 38 %, 74, 38.94 W, 690 MHz
2026/09/30 04:33:24.399, Tesla T4, 2309 MiB, 15360 MiB, 37 %, 74, 38.42 W, 720 MHz
2026/09/30 04:33:24.916, Tesla T4, 2309 MiB, 15360 MiB, 40 %, 75, 39.51 W, 720 MHz
2026/09/30 04:33:25.424, Tesla T4, 2309 MiB, 15360 MiB, 29 %, 75, 47.14 W, 1230 MHz
2026/09/30 04:33:25.930, Tesla T4, 2309 MiB, 15360 MiB, 28 %, 75, 44.65 W, 1230 MHz
2026/09/30 04:33:26.439, Tesla T4, 2309 MiB, 15360 MiB, 28 %, 75, 45.17 W, 1230 MHz
2026/09/30 04:33:26.945, Tesla T4, 2309 MiB, 15360 MiB, 29 %, 75, 41.85 W, 975 MHz
2026/09/30 04:33:27.452, Tesla T4, 2309 MiB, 15360 MiB, 32 %, 75, 42.41 W, 930 MHz
2026/09/30 04:33:27.958, Tesla T4, 2309 MiB, 15360 MiB, 34 %, 75, 39.70 W, 900 MHz
2026/09/30 04:33:28.466, Tesla T4, 2309 MiB, 15360 MiB, 32 %, 75, 41.06 W, 870 MHz
2026/09/30 04:33:28.973, Tesla T4, 2309 MiB, 15360 MiB, 36 %, 75, 40.49 W, 855 MHz
2026/09/30 04:33:29.481, Tesla T4, 2309 MiB, 15360 MiB, 34 %, 75, 41.35 W, 825 MHz
2026/09/30 04:33:29.988, Tesla T4, 2309 MiB, 15360 MiB, 37 %, 75, 43.62 W, 825 MHz
2026/09/30 04:33:30.496, Tesla T4, 2309 MiB, 15360 MiB, 35 %, 75, 38.72 W, 795 MHz
2026/09/30 04:33:31.004, Tesla T4, 2309 MiB, 15360 MiB, 27 %, 75, 39.21 W, 750 MHz
2026/09/30 04:33:31.524, Tesla T4, 2309 MiB, 15360 MiB, 28 %, 75, 38.22 W, 705 MHz
2026/09/30 04:33:32.043, Tesla T4, 2309 MiB, 15360 MiB, 33 %, 75, 40.49 W, 675 MHz
2026/09/30 04:33:32.564, Tesla T4, 2309 MiB, 15360 MiB, 31 %, 75, 38.22 W, 645 MHz
2026/09/30 04:33:33.090, Tesla T4, 2309 MiB, 15360 MiB, 27 %, 74, 39.46 W, 600 MHz
2026/09/30 04:33:33.600, Tesla T4, 2309 MiB, 15360 MiB, 41 %, 75, 37.83 W, 675 MHz
2026/09/30 04:33:34.107, Tesla T4, 2309 MiB, 15360 MiB, 41 %, 75, 39.06 W, 690 MHz
2026/09/30 04:33:34.616, Tesla T4, 2309 MiB, 15360 MiB, 39 %, 75, 55.28 W, 690 MHz
2026/09/30 04:33:35.129, Tesla T4, 2309 MiB, 15360 MiB, 29 %, 76, 57.44 W, 1590 MHz
2026/09/30 04:33:35.634, Tesla T4, 2309 MiB, 15360 MiB, 29 %, 76, 58.49 W, 1590 MHz
2026/09/30 04:33:36.143, Tesla T4, 2309 MiB, 15360 MiB, 28 %, 76, 56.88 W, 1590 MHz
2026/09/30 04:33:36.648, Tesla T4, 2309 MiB, 15360 MiB, 29 %, 77, 56.49 W, 1590 MHz
2026/09/30 04:33:37.156, Tesla T4, 2309 MiB, 15360 MiB, 26 %, 77, 54.20 W, 1545 MHz
2026/09/30 04:33:37.661, Tesla T4, 2309 MiB, 15360 MiB, 26 %, 77, 53.45 W, 1545 MHz
2026/09/30 04:33:38.167, Tesla T4, 2309 MiB, 15360 MiB, 26 %, 77, 52.01 W, 1545 MHz
2026/09/30 04:33:38.672, Tesla T4, 2309 MiB, 15360 MiB, 26 %, 77, 52.79 W, 1125 MHz
2026/09/30 04:33:39.181, Tesla T4, 2309 MiB, 15360 MiB, 31 %, 76, 42.68 W, 1080 MHz
2026/09/30 04:33:39.688, Tesla T4, 2309 MiB, 15360 MiB, 32 %, 76, 42.46 W, 1020 MHz
2026/09/30 04:33:40.195, Tesla T4, 2309 MiB, 15360 MiB, 46 %, 76, 57.51 W, 1155 MHz
2026/09/30 04:33:40.702, Tesla T4, 2309 MiB, 15360 MiB, 24 %, 76, 40.74 W, 1155 MHz
2026/09/30 04:33:41.211, Tesla T4, 2309 MiB, 15360 MiB, 25 %, 76, 40.27 W, 1155 MHz
2026/09/30 04:33:41.717, Tesla T4, 2309 MiB, 15360 MiB, 24 %, 76, 42.31 W, 1155 MHz
2026/09/30 04:33:42.223, Tesla T4, 2309 MiB, 15360 MiB, 30 %, 76, 37.43 W, 810 MHz
2026/09/30 04:33:42.731, Tesla T4, 2309 MiB, 15360 MiB, 31 %, 76, 37.43 W, 765 MHz
2026/09/30 04:33:43.240, Tesla T4, 2309 MiB, 15360 MiB, 29 %, 76, 36.86 W, 735 MHz
2026/09/30 04:33:43.753, Tesla T4, 2309 MiB, 15360 MiB, 26 %, 76, 35.66 W, 660 MHz
2026/09/30 04:33:44.275, Tesla T4, 2309 MiB, 15360 MiB, 24 %, 76, 38.62 W, 600 MHz
2026/09/30 04:33:44.806, Tesla T4, 2309 MiB, 15360 MiB, 24 %, 76, 39.28 W, 585 MHz
2026/09/30 04:33:45.319, Tesla T4, 2309 MiB, 15360 MiB, 28 %, 76, 35.56 W, 585 MHz
2026/09/30 04:33:45.839, Tesla T4, 2309 MiB, 15360 MiB, 21 %, 76, 36.74 W, 585 MHz
2026/09/30 04:33:46.346, Tesla T4, 2309 MiB, 15360 MiB, 36 %, 76, 36.94 W, 585 MHz
2026/09/30 04:33:46.857, Tesla T4, 2309 MiB, 15360 MiB, 39 %, 76, 37.46 W, 585 MHz
2026/09/30 04:33:47.364, Tesla T4, 2309 MiB, 15360 MiB, 35 %, 76, 39.11 W, 585 MHz
2026/09/30 04:33:47.871, Tesla T4, 2309 MiB, 15360 MiB, 38 %, 75, 38.69 W, 585 MHz
2026/09/30 04:33:48.379, Tesla T4, 2309 MiB, 15360 MiB, 35 %, 76, 37.24 W, 585 MHz
2026/09/30 04:33:48.888, Tesla T4, 2309 MiB, 15360 MiB, 38 %, 75, 36.82 W, 585 MHz
2026/09/30 04:33:49.395, Tesla T4, 2309 MiB, 15360 MiB, 34 %, 75, 38.38 W, 585 MHz
2026/09/30 04:33:49.902, Tesla T4, 2309 MiB, 15360 MiB, 100 %, 77, 67.90 W, 945 MHz
2026/09/30 04:33:50.409, Tesla T4, 2309 MiB, 15360 MiB, 22 %, 77, 55.31 W, 1590 MHz
2026/09/30 04:33:50.915, Tesla T4, 2309 MiB, 15360 MiB, 24 %, 77, 53.78 W, 1590 MHz
2026/09/30 04:33:51.422, Tesla T4, 2309 MiB, 15360 MiB, 22 %, 77, 54.76 W, 1590 MHz
2026/09/30 04:33:51.927, Tesla T4, 2309 MiB, 15360 MiB, 28 %, 77, 42.22 W, 1065 MHz
2026/09/30 04:33:52.434, Tesla T4, 2309 MiB, 15360 MiB, 27 %, 77, 40.54 W, 1005 MHz
2026/09/30 04:33:52.942, Tesla T4, 2309 MiB, 15360 MiB, 30 %, 76, 38.99 W, 945 MHz
2026/09/30 04:33:53.449, Tesla T4, 2309 MiB, 15360 MiB, 32 %, 76, 37.26 W, 915 MHz
2026/09/30 04:33:53.956, Tesla T4, 2309 MiB, 15360 MiB, 31 %, 76, 37.69 W, 855 MHz
2026/09/30 04:33:54.463, Tesla T4, 2309 MiB, 15360 MiB, 34 %, 76, 39.01 W, 840 MHz
2026/09/30 04:33:54.971, Tesla T4, 2309 MiB, 15360 MiB, 32 %, 76, 37.33 W, 795 MHz
2026/09/30 04:33:55.479, Tesla T4, 2309 MiB, 15360 MiB, 38 %, 76, 42.12 W, 780 MHz
2026/09/30 04:33:55.987, Tesla T4, 2309 MiB, 15360 MiB, 15 %, 77, 44.78 W, 1380 MHz
2026/09/30 04:33:56.497, Tesla T4, 2309 MiB, 15360 MiB, 17 %, 77, 43.23 W, 1380 MHz
2026/09/30 04:33:57.007, Tesla T4, 2309 MiB, 15360 MiB, 17 %, 77, 45.56 W, 1380 MHz
2026/09/30 04:33:57.518, Tesla T4, 2309 MiB, 15360 MiB, 19 %, 76, 36.27 W, 810 MHz
2026/09/30 04:33:58.034, Tesla T4, 2309 MiB, 15360 MiB, 25 %, 76, 34.97 W, 720 MHz
2026/09/30 04:33:58.550, Tesla T4, 2309 MiB, 15360 MiB, 34 %, 76, 37.14 W, 660 MHz
2026/09/30 04:33:59.065, Tesla T4, 2309 MiB, 15360 MiB, 32 %, 76, 38.03 W, 630 MHz
2026/09/30 04:33:59.574, Tesla T4, 2309 MiB, 15360 MiB, 37 %, 76, 37.73 W, 615 MHz
2026/09/30 04:34:00.083, Tesla T4, 2309 MiB, 15360 MiB, 36 %, 76, 37.53 W, 615 MHz
2026/09/30 04:34:00.590, Tesla T4, 2309 MiB, 15360 MiB, 38 %, 76, 39.11 W, 600 MHz
2026/09/30 04:34:01.097, Tesla T4, 2309 MiB, 15360 MiB, 36 %, 76, 37.83 W, 585 MHz
2026/09/30 04:34:01.605, Tesla T4, 2309 MiB, 15360 MiB, 28 %, 76, 38.32 W, 960 MHz
2026/09/30 04:34:02.112, Tesla T4, 2309 MiB, 15360 MiB, 27 %, 76, 37.71 W, 960 MHz
2026/09/30 04:34:02.618, Tesla T4, 2309 MiB, 15360 MiB, 27 %, 76, 38.22 W, 960 MHz
2026/09/30 04:34:03.126, Tesla T4, 2309 MiB, 15360 MiB, 27 %, 76, 38.52 W, 960 MHz
2026/09/30 04:34:03.633, Tesla T4, 2309 MiB, 15360 MiB, 33 %, 76, 37.43 W, 720 MHz
2026/09/30 04:34:04.140, Tesla T4, 2309 MiB, 15360 MiB, 32 %, 76, 37.73 W, 705 MHz
2026/09/30 04:34:04.647, Tesla T4, 2309 MiB, 15360 MiB, 35 %, 76, 37.43 W, 675 MHz
2026/09/30 04:34:05.155, Tesla T4, 2309 MiB, 15360 MiB, 34 %, 76, 37.53 W, 660 MHz
2026/09/30 04:34:05.663, Tesla T4, 2309 MiB, 15360 MiB, 36 %, 76, 36.74 W, 630 MHz
2026/09/30 04:34:06.171, Tesla T4, 2309 MiB, 15360 MiB, 32 %, 76, 38.47 W, 615 MHz
2026/09/30 04:34:06.679, Tesla T4, 2309 MiB, 15360 MiB, 24 %, 76, 39.38 W, 1095 MHz
2026/09/30 04:34:07.186, Tesla T4, 2309 MiB, 15360 MiB, 26 %, 76, 39.46 W, 1095 MHz
2026/09/30 04:34:07.693, Tesla T4, 2309 MiB, 15360 MiB, 26 %, 76, 39.90 W, 1095 MHz
2026/09/30 04:34:08.200, Tesla T4, 2309 MiB, 15360 MiB, 25 %, 76, 41.87 W, 795 MHz
2026/09/30 04:34:08.708, Tesla T4, 2309 MiB, 15360 MiB, 21 %, 76, 36.49 W, 735 MHz
2026/09/30 04:34:09.221, Tesla T4, 2309 MiB, 15360 MiB, 27 %, 76, 37.12 W, 660 MHz
2026/09/30 04:34:09.742, Tesla T4, 2309 MiB, 15360 MiB, 28 %, 76, 35.97 W, 630 MHz
2026/09/30 04:34:10.266, Tesla T4, 2309 MiB, 15360 MiB, 16 %, 76, 36.67 W, 825 MHz
2026/09/30 04:34:10.779, Tesla T4, 2309 MiB, 15360 MiB, 22 %, 76, 35.86 W, 825 MHz
2026/09/30 04:34:11.292, Tesla T4, 2309 MiB, 15360 MiB, 29 %, 76, 36.45 W, 825 MHz
2026/09/30 04:34:11.800, Tesla T4, 2309 MiB, 15360 MiB, 31 %, 76, 37.93 W, 690 MHz
2026/09/30 04:34:12.315, Tesla T4, 2309 MiB, 15360 MiB, 32 %, 76, 37.04 W, 660 MHz
2026/09/30 04:34:12.822, Tesla T4, 2309 MiB, 15360 MiB, 36 %, 76, 40.94 W, 645 MHz
2026/09/30 04:34:13.329, Tesla T4, 2309 MiB, 15360 MiB, 34 %, 76, 37.14 W, 630 MHz
2026/09/30 04:34:13.837, Tesla T4, 2309 MiB, 15360 MiB, 37 %, 76, 37.41 W, 630 MHz
2026/09/30 04:34:14.349, Tesla T4, 2309 MiB, 15360 MiB, 34 %, 76, 37.71 W, 615 MHz
2026/09/30 04:34:14.856, Tesla T4, 2309 MiB, 15360 MiB, 38 %, 76, 37.90 W, 600 MHz
2026/09/30 04:34:15.363, Tesla T4, 2309 MiB, 15360 MiB, 36 %, 76, 39.58 W, 600 MHz
2026/09/30 04:34:15.872, Tesla T4, 2309 MiB, 15360 MiB, 36 %, 76, 36.65 W, 585 MHz
2026/09/30 04:34:16.379, Tesla T4, 2309 MiB, 15360 MiB, 37 %, 76, 39.63 W, 585 MHz
2026/09/30 04:34:16.887, Tesla T4, 2309 MiB, 15360 MiB, 37 %, 76, 36.84 W, 585 MHz
2026/09/30 04:34:17.394, Tesla T4, 2309 MiB, 15360 MiB, 37 %, 76, 37.16 W, 585 MHz
2026/09/30 04:34:17.902, Tesla T4, 2309 MiB, 15360 MiB, 38 %, 76, 36.67 W, 585 MHz
2026/09/30 04:34:18.412, Tesla T4, 2309 MiB, 15360 MiB, 36 %, 76, 37.41 W, 585 MHz
2026/09/30 04:34:18.919, Tesla T4, 2309 MiB, 15360 MiB, 38 %, 76, 37.90 W, 585 MHz
2026/09/30 04:34:19.426, Tesla T4, 2309 MiB, 15360 MiB, 37 %, 76, 36.05 W, 585 MHz
2026/09/30 04:34:19.943, Tesla T4, 2309 MiB, 15360 MiB, 36 %, 76, 37.22 W, 585 MHz
2026/09/30 04:34:20.450, Tesla T4, 2309 MiB, 15360 MiB, 38 %, 76, 35.58 W, 585 MHz
2026/09/30 04:34:20.958, Tesla T4, 2309 MiB, 15360 MiB, 37 %, 76, 36.84 W, 585 MHz
2026/09/30 04:34:21.473, Tesla T4, 2309 MiB, 15360 MiB, 27 %, 76, 35.78 W, 585 MHz
2026/09/30 04:34:21.988, Tesla T4, 2309 MiB, 15360 MiB, 29 %, 76, 36.57 W, 585 MHz
2026/09/30 04:34:22.502, Tesla T4, 2309 MiB, 15360 MiB, 67 %, 76, 36.55 W, 990 MHz
2026/09/30 04:34:23.016, Tesla T4, 2309 MiB, 15360 MiB, 19 %, 76, 36.53 W, 990 MHz
2026/09/30 04:34:23.526, Tesla T4, 2309 MiB, 15360 MiB, 20 %, 76, 38.52 W, 990 MHz
2026/09/30 04:34:24.033, Tesla T4, 2309 MiB, 15360 MiB, 26 %, 76, 40.96 W, 990 MHz
2026/09/30 04:34:24.540, Tesla T4, 2309 MiB, 15360 MiB, 32 %, 76, 37.16 W, 735 MHz
2026/09/30 04:34:25.047, Tesla T4, 2309 MiB, 15360 MiB, 95 %, 76, 41.82 W, 1530 MHz
2026/09/30 04:34:25.553, Tesla T4, 2309 MiB, 15360 MiB, 23 %, 77, 54.43 W, 1590 MHz
2026/09/30 04:34:26.059, Tesla T4, 2309 MiB, 15360 MiB, 22 %, 77, 53.94 W, 1590 MHz
2026/09/30 04:34:26.564, Tesla T4, 2309 MiB, 15360 MiB, 23 %, 77, 55.25 W, 1590 MHz
2026/09/30 04:34:27.072, Tesla T4, 2309 MiB, 15360 MiB, 22 %, 77, 39.56 W, 1050 MHz
2026/09/30 04:34:27.578, Tesla T4, 2309 MiB, 15360 MiB, 100 %, 77, 65.83 W, 1245 MHz
2026/09/30 04:34:28.087, Tesla T4, 2309 MiB, 15360 MiB, 22 %, 77, 51.22 W, 1545 MHz
2026/09/30 04:34:28.593, Tesla T4, 2309 MiB, 15360 MiB, 21 %, 78, 51.84 W, 1545 MHz
2026/09/30 04:34:29.099, Tesla T4, 2309 MiB, 15360 MiB, 23 %, 78, 51.45 W, 1545 MHz
2026/09/30 04:34:29.605, Tesla T4, 2309 MiB, 15360 MiB, 23 %, 77, 41.35 W, 1035 MHz
2026/09/30 04:34:30.111, Tesla T4, 2309 MiB, 15360 MiB, 30 %, 77, 40.35 W, 960 MHz
2026/09/30 04:34:30.618, Tesla T4, 2309 MiB, 15360 MiB, 32 %, 77, 38.69 W, 930 MHz
2026/09/30 04:34:31.125, Tesla T4, 2309 MiB, 15360 MiB, 33 %, 76, 39.68 W, 870 MHz
2026/09/30 04:34:31.635, Tesla T4, 2309 MiB, 15360 MiB, 66 %, 77, 54.49 W, 1590 MHz
2026/09/30 04:34:32.141, Tesla T4, 2309 MiB, 15360 MiB, 23 %, 78, 58.09 W, 1590 MHz
2026/09/30 04:34:32.646, Tesla T4, 2309 MiB, 15360 MiB, 23 %, 78, 54.40 W, 1590 MHz
2026/09/30 04:34:33.152, Tesla T4, 2309 MiB, 15360 MiB, 23 %, 78, 54.66 W, 1590 MHz
2026/09/30 04:34:33.659, Tesla T4, 2309 MiB, 15360 MiB, 22 %, 77, 38.50 W, 1020 MHz
2026/09/30 04:34:34.171, Tesla T4, 2309 MiB, 15360 MiB, 22 %, 76, 38.40 W, 915 MHz
2026/09/30 04:34:34.683, Tesla T4, 2309 MiB, 15360 MiB, 25 %, 76, 38.62 W, 855 MHz
2026/09/30 04:34:35.194, Tesla T4, 2309 MiB, 15360 MiB, 22 %, 76, 36.47 W, 765 MHz
2026/09/30 04:34:35.710, Tesla T4, 2309 MiB, 15360 MiB, 27 %, 76, 38.22 W, 705 MHz
2026/09/30 04:34:36.235, Tesla T4, 2309 MiB, 15360 MiB, 34 %, 76, 37.93 W, 660 MHz
2026/09/30 04:34:36.743, Tesla T4, 2309 MiB, 15360 MiB, 37 %, 76, 37.81 W, 660 MHz
2026/09/30 04:34:37.250, Tesla T4, 2309 MiB, 15360 MiB, 34 %, 76, 39.51 W, 645 MHz
2026/09/30 04:34:37.758, Tesla T4, 2309 MiB, 15360 MiB, 38 %, 76, 37.83 W, 630 MHz
2026/09/30 04:34:38.267, Tesla T4, 2309 MiB, 15360 MiB, 36 %, 75, 37.73 W, 630 MHz
2026/09/30 04:34:38.774, Tesla T4, 2309 MiB, 15360 MiB, 39 %, 75, 36.72 W, 630 MHz
2026/09/30 04:34:39.281, Tesla T4, 2309 MiB, 15360 MiB, 39 %, 75, 41.60 W, 630 MHz
2026/09/30 04:34:39.792, Tesla T4, 2309 MiB, 15360 MiB, 39 %, 75, 37.73 W, 645 MHz
2026/09/30 04:34:40.299, Tesla T4, 2309 MiB, 15360 MiB, 39 %, 75, 40.59 W, 645 MHz
2026/09/30 04:34:40.807, Tesla T4, 2309 MiB, 15360 MiB, 39 %, 75, 38.22 W, 645 MHz
2026/09/30 04:34:41.315, Tesla T4, 2309 MiB, 15360 MiB, 39 %, 75, 40.27 W, 645 MHz
2026/09/30 04:34:41.823, Tesla T4, 2309 MiB, 15360 MiB, 40 %, 75, 42.81 W, 645 MHz
2026/09/30 04:34:42.330, Tesla T4, 2309 MiB, 15360 MiB, 39 %, 75, 45.12 W, 645 MHz
2026/09/30 04:34:42.838, Tesla T4, 2309 MiB, 15360 MiB, 24 %, 75, 43.62 W, 1185 MHz
2026/09/30 04:34:43.345, Tesla T4, 2309 MiB, 15360 MiB, 24 %, 75, 38.72 W, 1185 MHz
2026/09/30 04:34:43.852, Tesla T4, 2309 MiB, 15360 MiB, 24 %, 74, 41.58 W, 1185 MHz
2026/09/30 04:34:44.358, Tesla T4, 2309 MiB, 15360 MiB, 29 %, 74, 37.24 W, 810 MHz
2026/09/30 04:34:44.865, Tesla T4, 2309 MiB, 15360 MiB, 31 %, 74, 38.30 W, 780 MHz
2026/09/30 04:34:45.373, Tesla T4, 2309 MiB, 15360 MiB, 27 %, 74, 36.57 W, 735 MHz
2026/09/30 04:34:45.880, Tesla T4, 2309 MiB, 15360 MiB, 32 %, 74, 38.05 W, 705 MHz
2026/09/30 04:34:46.388, Tesla T4, 2309 MiB, 15360 MiB, 25 %, 73, 35.40 W, 645 MHz
2026/09/30 04:34:46.910, Tesla T4, 2309 MiB, 15360 MiB, 28 %, 73, 36.86 W, 600 MHz
2026/09/30 04:34:47.422, Tesla T4, 2309 MiB, 15360 MiB, 31 %, 73, 34.85 W, 585 MHz
2026/09/30 04:34:47.938, Tesla T4, 2309 MiB, 15360 MiB, 25 %, 73, 37.26 W, 585 MHz
2026/09/30 04:34:48.463, Tesla T4, 2309 MiB, 15360 MiB, 23 %, 73, 40.37 W, 585 MHz
2026/09/30 04:34:48.986, Tesla T4, 2309 MiB, 15360 MiB, 24 %, 73, 40.74 W, 1065 MHz
2026/09/30 04:34:49.494, Tesla T4, 2309 MiB, 15360 MiB, 26 %, 73, 39.19 W, 1065 MHz
2026/09/30 04:34:50.000, Tesla T4, 2309 MiB, 15360 MiB, 23 %, 73, 38.10 W, 1065 MHz
2026/09/30 04:34:50.506, Tesla T4, 2309 MiB, 15360 MiB, 25 %, 73, 36.57 W, 765 MHz
2026/09/30 04:34:51.014, Tesla T4, 2309 MiB, 15360 MiB, 33 %, 73, 39.88 W, 720 MHz
2026/09/30 04:34:51.523, Tesla T4, 2309 MiB, 15360 MiB, 30 %, 73, 36.94 W, 705 MHz
2026/09/30 04:34:52.030, Tesla T4, 2309 MiB, 15360 MiB, 33 %, 73, 36.17 W, 660 MHz
2026/09/30 04:34:52.538, Tesla T4, 2309 MiB, 15360 MiB, 35 %, 73, 36.72 W, 645 MHz
2026/09/30 04:34:53.045, Tesla T4, 2309 MiB, 15360 MiB, 34 %, 72, 36.67 W, 630 MHz
2026/09/30 04:34:53.555, Tesla T4, 2309 MiB, 15360 MiB, 37 %, 72, 36.45 W, 615 MHz
2026/09/30 04:34:54.063, Tesla T4, 2309 MiB, 15360 MiB, 37 %, 72, 39.19 W, 600 MHz
2026/09/30 04:34:54.574, Tesla T4, 2309 MiB, 15360 MiB, 37 %, 72, 36.96 W, 600 MHz
2026/09/30 04:34:55.084, Tesla T4, 2309 MiB, 15360 MiB, 37 %, 72, 37.93 W, 585 MHz
2026/09/30 04:34:55.594, Tesla T4, 2309 MiB, 15360 MiB, 38 %, 72, 39.68 W, 585 MHz
2026/09/30 04:34:56.101, Tesla T4, 2309 MiB, 15360 MiB, 37 %, 72, 36.65 W, 585 MHz
2026/09/30 04:34:56.610, Tesla T4, 2309 MiB, 15360 MiB, 38 %, 72, 38.12 W, 585 MHz
2026/09/30 04:34:57.118, Tesla T4, 2309 MiB, 15360 MiB, 35 %, 72, 36.67 W, 585 MHz
2026/09/30 04:34:57.625, Tesla T4, 2309 MiB, 15360 MiB, 39 %, 72, 36.76 W, 585 MHz
2026/09/30 04:34:58.133, Tesla T4, 2309 MiB, 15360 MiB, 36 %, 72, 38.67 W, 585 MHz
2026/09/30 04:34:58.642, Tesla T4, 2309 MiB, 15360 MiB, 20 %, 72, 38.03 W, 1050 MHz
2026/09/30 04:34:59.158, Tesla T4, 2309 MiB, 15360 MiB, 18 %, 72, 37.02 W, 1050 MHz
2026/09/30 04:34:59.669, Tesla T4, 2309 MiB, 15360 MiB, 21 %, 72, 37.93 W, 1050 MHz
2026/09/30 04:35:00.182, Tesla T4, 2309 MiB, 15360 MiB, 87 %, 72, 40.37 W, 1530 MHz
2026/09/30 04:35:00.697, Tesla T4, 2309 MiB, 15360 MiB, 19 %, 73, 48.24 W, 1590 MHz
2026/09/30 04:35:01.205, Tesla T4, 2309 MiB, 15360 MiB, 14 %, 73, 53.78 W, 1590 MHz
2026/09/30 04:35:01.711, Tesla T4, 2309 MiB, 15360 MiB, 23 %, 73, 54.00 W, 1590 MHz
2026/09/30 04:35:02.217, Tesla T4, 2309 MiB, 15360 MiB, 22 %, 72, 39.41 W, 1065 MHz
2026/09/30 04:35:02.723, Tesla T4, 2309 MiB, 15360 MiB, 30 %, 72, 38.97 W, 990 MHz
2026/09/30 04:35:03.230, Tesla T4, 2309 MiB, 15360 MiB, 20 %, 72, 42.51 W, 1320 MHz
2026/09/30 04:35:03.737, Tesla T4, 2309 MiB, 15360 MiB, 24 %, 72, 42.29 W, 1320 MHz
2026/09/30 04:35:04.243, Tesla T4, 2309 MiB, 15360 MiB, 22 %, 72, 41.60 W, 1320 MHz
2026/09/30 04:35:04.750, Tesla T4, 2309 MiB, 15360 MiB, 23 %, 72, 37.24 W, 885 MHz
2026/09/30 04:35:05.256, Tesla T4, 2309 MiB, 15360 MiB, 27 %, 72, 38.24 W, 825 MHz
2026/09/30 04:35:05.764, Tesla T4, 2309 MiB, 15360 MiB, 32 %, 72, 36.17 W, 795 MHz
2026/09/30 04:35:06.271, Tesla T4, 2309 MiB, 15360 MiB, 30 %, 72, 35.56 W, 750 MHz
2026/09/30 04:35:06.778, Tesla T4, 2309 MiB, 15360 MiB, 33 %, 72, 36.62 W, 720 MHz
2026/09/30 04:35:07.286, Tesla T4, 2309 MiB, 15360 MiB, 30 %, 72, 37.33 W, 690 MHz
2026/09/30 04:35:07.794, Tesla T4, 2309 MiB, 15360 MiB, 36 %, 72, 37.14 W, 675 MHz
2026/09/30 04:35:08.301, Tesla T4, 2309 MiB, 15360 MiB, 36 %, 71, 36.25 W, 660 MHz
2026/09/30 04:35:08.808, Tesla T4, 2309 MiB, 15360 MiB, 36 %, 71, 38.20 W, 645 MHz
2026/09/30 04:35:09.315, Tesla T4, 2309 MiB, 15360 MiB, 35 %, 71, 36.17 W, 630 MHz
2026/09/30 04:35:09.826, Tesla T4, 2309 MiB, 15360 MiB, 37 %, 72, 36.15 W, 615 MHz
2026/09/30 04:35:10.335, Tesla T4, 2309 MiB, 15360 MiB, 37 %, 72, 40.10 W, 600 MHz
2026/09/30 04:35:10.852, Tesla T4, 2309 MiB, 15360 MiB, 38 %, 72, 36.79 W, 585 MHz
2026/09/30 04:35:11.365, Tesla T4, 2309 MiB, 15360 MiB, 25 %, 71, 35.68 W, 585 MHz
2026/09/30 04:35:11.879, Tesla T4, 2309 MiB, 15360 MiB, 30 %, 71, 35.52 W, 585 MHz
2026/09/30 04:35:12.395, Tesla T4, 2309 MiB, 15360 MiB, 30 %, 71, 35.70 W, 585 MHz
2026/09/30 04:35:12.908, Tesla T4, 2309 MiB, 15360 MiB, 26 %, 71, 35.66 W, 585 MHz
2026/09/30 04:35:13.423, Tesla T4, 2309 MiB, 15360 MiB, 26 %, 71, 34.99 W, 585 MHz
2026/09/30 04:35:13.938, Tesla T4, 2309 MiB, 15360 MiB, 37 %, 72, 36.27 W, 585 MHz
2026/09/30 04:35:14.448, Tesla T4, 2309 MiB, 15360 MiB, 38 %, 71, 37.46 W, 585 MHz
2026/09/30 04:35:14.955, Tesla T4, 2309 MiB, 15360 MiB, 38 %, 71, 36.69 W, 585 MHz
2026/09/30 04:35:15.463, Tesla T4, 2309 MiB, 15360 MiB, 38 %, 71, 35.78 W, 585 MHz
2026/09/30 04:35:15.971, Tesla T4, 2309 MiB, 15360 MiB, 38 %, 71, 36.76 W, 585 MHz
2026/09/30 04:35:16.480, Tesla T4, 2309 MiB, 15360 MiB, 38 %, 71, 36.94 W, 585 MHz
2026/09/30 04:35:16.987, Tesla T4, 2309 MiB, 15360 MiB, 70 %, 72, 38.79 W, 1035 MHz
2026/09/30 04:35:17.494, Tesla T4, 2309 MiB, 15360 MiB, 27 %, 72, 38.20 W, 1035 MHz
2026/09/30 04:35:18.002, Tesla T4, 2309 MiB, 15360 MiB, 24 %, 72, 37.90 W, 1035 MHz
2026/09/30 04:35:18.509, Tesla T4, 2309 MiB, 15360 MiB, 27 %, 72, 38.62 W, 1035 MHz
2026/09/30 04:35:19.015, Tesla T4, 2309 MiB, 15360 MiB, 29 %, 71, 36.76 W, 765 MHz
2026/09/30 04:35:19.522, Tesla T4, 2309 MiB, 15360 MiB, 33 %, 71, 35.93 W, 720 MHz
2026/09/30 04:35:20.030, Tesla T4, 2309 MiB, 15360 MiB, 30 %, 72, 38.91 W, 705 MHz
2026/09/30 04:35:20.539, Tesla T4, 2309 MiB, 15360 MiB, 33 %, 72, 39.46 W, 660 MHz
2026/09/30 04:35:21.046, Tesla T4, 2309 MiB, 15360 MiB, 32 %, 71, 36.86 W, 645 MHz
2026/09/30 04:35:21.554, Tesla T4, 2309 MiB, 15360 MiB, 36 %, 71, 37.83 W, 630 MHz
2026/09/30 04:35:22.061, Tesla T4, 2309 MiB, 15360 MiB, 33 %, 71, 36.45 W, 615 MHz
2026/09/30 04:35:22.569, Tesla T4, 2309 MiB, 15360 MiB, 36 %, 71, 37.63 W, 600 MHz
2026/09/30 04:35:23.076, Tesla T4, 2309 MiB, 15360 MiB, 34 %, 71, 35.88 W, 585 MHz
2026/09/30 04:35:23.584, Tesla T4, 2309 MiB, 15360 MiB, 38 %, 71, 36.47 W, 585 MHz
2026/09/30 04:35:24.093, Tesla T4, 2309 MiB, 15360 MiB, 26 %, 71, 36.67 W, 585 MHz
2026/09/30 04:35:24.608, Tesla T4, 2309 MiB, 15360 MiB, 29 %, 71, 38.37 W, 585 MHz
2026/09/30 04:35:25.123, Tesla T4, 2309 MiB, 15360 MiB, 28 %, 71, 34.59 W, 585 MHz
2026/09/30 04:35:25.636, Tesla T4, 2309 MiB, 15360 MiB, 28 %, 71, 34.69 W, 585 MHz
2026/09/30 04:35:26.148, Tesla T4, 2309 MiB, 15360 MiB, 28 %, 71, 35.88 W, 585 MHz
2026/09/30 04:35:26.655, Tesla T4, 2309 MiB, 15360 MiB, 37 %, 71, 38.12 W, 585 MHz
2026/09/30 04:35:27.165, Tesla T4, 2309 MiB, 15360 MiB, 34 %, 71, 39.11 W, 585 MHz
2026/09/30 04:35:27.672, Tesla T4, 2309 MiB, 15360 MiB, 37 %, 71, 35.66 W, 585 MHz
2026/09/30 04:35:28.179, Tesla T4, 2309 MiB, 15360 MiB, 38 %, 71, 35.38 W, 585 MHz
2026/09/30 04:35:28.687, Tesla T4, 2309 MiB, 15360 MiB, 38 %, 71, 37.04 W, 585 MHz
2026/09/30 04:35:29.196, Tesla T4, 2309 MiB, 15360 MiB, 38 %, 71, 34.57 W, 585 MHz
2026/09/30 04:35:29.704, Tesla T4, 2309 MiB, 15360 MiB, 37 %, 71, 35.64 W, 585 MHz
2026/09/30 04:35:30.211, Tesla T4, 2309 MiB, 15360 MiB, 35 %, 71, 36.94 W, 585 MHz
2026/09/30 04:35:30.728, Tesla T4, 2309 MiB, 15360 MiB, 39 %, 71, 36.27 W, 585 MHz
2026/09/30 04:35:31.236, Tesla T4, 2309 MiB, 15360 MiB, 43 %, 72, 52.83 W, 645 MHz
2026/09/30 04:35:31.750, Tesla T4, 2309 MiB, 15360 MiB, 22 %, 72, 51.35 W, 1590 MHz
2026/09/30 04:35:32.255, Tesla T4, 2309 MiB, 15360 MiB, 23 %, 73, 51.28 W, 1590 MHz
2026/09/30 04:35:32.761, Tesla T4, 2309 MiB, 15360 MiB, 22 %, 73, 53.09 W, 1590 MHz
2026/09/30 04:35:33.266, Tesla T4, 2309 MiB, 15360 MiB, 23 %, 73, 53.09 W, 1590 MHz
2026/09/30 04:35:33.773, Tesla T4, 2309 MiB, 15360 MiB, 28 %, 72, 41.75 W, 990 MHz
2026/09/30 04:35:34.280, Tesla T4, 2309 MiB, 15360 MiB, 30 %, 72, 37.81 W, 945 MHz
2026/09/30 04:35:34.787, Tesla T4, 2309 MiB, 15360 MiB, 32 %, 72, 39.75 W, 885 MHz
2026/09/30 04:35:35.294, Tesla T4, 2309 MiB, 15360 MiB, 32 %, 72, 36.45 W, 855 MHz
2026/09/30 04:35:35.805, Tesla T4, 2309 MiB, 15360 MiB, 54 %, 72, 39.41 W, 1140 MHz
2026/09/30 04:35:36.313, Tesla T4, 2309 MiB, 15360 MiB, 17 %, 72, 40.49 W, 1140 MHz
2026/09/30 04:35:36.827, Tesla T4, 2309 MiB, 15360 MiB, 19 %, 72, 39.90 W, 1140 MHz
2026/09/30 04:35:37.344, Tesla T4, 2309 MiB, 15360 MiB, 20 %, 72, 39.60 W, 1140 MHz
2026/09/30 04:35:37.865, Tesla T4, 2309 MiB, 15360 MiB, 25 %, 72, 34.20 W, 675 MHz
2026/09/30 04:35:38.380, Tesla T4, 2309 MiB, 15360 MiB, 23 %, 72, 34.59 W, 615 MHz
2026/09/30 04:35:38.892, Tesla T4, 2309 MiB, 15360 MiB, 34 %, 72, 37.63 W, 585 MHz
2026/09/30 04:35:39.400, Tesla T4, 2309 MiB, 15360 MiB, 36 %, 72, 36.47 W, 585 MHz
2026/09/30 04:35:39.909, Tesla T4, 2309 MiB, 15360 MiB, 35 %, 72, 35.58 W, 585 MHz
2026/09/30 04:35:40.416, Tesla T4, 2309 MiB, 15360 MiB, 37 %, 72, 36.65 W, 585 MHz
2026/09/30 04:35:40.923, Tesla T4, 2309 MiB, 15360 MiB, 35 %, 72, 36.27 W, 585 MHz
2026/09/30 04:35:41.431, Tesla T4, 2309 MiB, 15360 MiB, 38 %, 72, 36.84 W, 585 MHz
2026/09/30 04:35:41.941, Tesla T4, 2309 MiB, 15360 MiB, 36 %, 72, 35.36 W, 585 MHz
2026/09/30 04:35:42.448, Tesla T4, 2309 MiB, 15360 MiB, 38 %, 72, 36.57 W, 585 MHz
2026/09/30 04:35:42.955, Tesla T4, 2309 MiB, 15360 MiB, 24 %, 72, 38.60 W, 1050 MHz
2026/09/30 04:35:43.462, Tesla T4, 2309 MiB, 15360 MiB, 49 %, 72, 44.26 W, 1320 MHz
2026/09/30 04:35:43.969, Tesla T4, 2309 MiB, 15360 MiB, 20 %, 72, 41.62 W, 1320 MHz
2026/09/30 04:35:44.475, Tesla T4, 2309 MiB, 15360 MiB, 23 %, 72, 42.54 W, 1320 MHz
2026/09/30 04:35:44.981, Tesla T4, 2309 MiB, 15360 MiB, 21 %, 72, 42.04 W, 1320 MHz
2026/09/30 04:35:45.487, Tesla T4, 2309 MiB, 15360 MiB, 28 %, 72, 36.45 W, 855 MHz
2026/09/30 04:35:45.994, Tesla T4, 2309 MiB, 15360 MiB, 26 %, 72, 40.66 W, 1185 MHz
2026/09/30 04:35:46.500, Tesla T4, 2309 MiB, 15360 MiB, 24 %, 72, 41.60 W, 1185 MHz
2026/09/30 04:35:47.006, Tesla T4, 2309 MiB, 15360 MiB, 24 %, 72, 40.17 W, 1185 MHz
2026/09/30 04:35:47.513, Tesla T4, 2309 MiB, 15360 MiB, 24 %, 72, 36.35 W, 825 MHz
2026/09/30 04:35:48.022, Tesla T4, 2309 MiB, 15360 MiB, 29 %, 72, 37.73 W, 765 MHz
2026/09/30 04:35:48.529, Tesla T4, 2309 MiB, 15360 MiB, 23 %, 72, 38.99 W, 1155 MHz
2026/09/30 04:35:49.035, Tesla T4, 2309 MiB, 15360 MiB, 15 %, 72, 38.91 W, 1155 MHz
2026/09/30 04:35:49.545, Tesla T4, 2309 MiB, 15360 MiB, 18 %, 72, 38.62 W, 1155 MHz
2026/09/30 04:35:50.055, Tesla T4, 2309 MiB, 15360 MiB, 18 %, 72, 39.70 W, 690 MHz
2026/09/30 04:35:50.569, Tesla T4, 2309 MiB, 15360 MiB, 22 %, 71, 36.55 W, 645 MHz
2026/09/30 04:35:51.084, Tesla T4, 2309 MiB, 15360 MiB, 23 %, 71, 33.53 W, 585 MHz
2026/09/30 04:35:51.600, Tesla T4, 2309 MiB, 15360 MiB, 38 %, 71, 37.41 W, 585 MHz
2026/09/30 04:35:52.108, Tesla T4, 2309 MiB, 15360 MiB, 26 %, 71, 39.19 W, 1050 MHz
2026/09/30 04:35:52.620, Tesla T4, 2309 MiB, 15360 MiB, 26 %, 71, 39.26 W, 1050 MHz
2026/09/30 04:35:53.127, Tesla T4, 2309 MiB, 15360 MiB, 25 %, 71, 37.51 W, 1050 MHz
2026/09/30 04:35:53.633, Tesla T4, 2309 MiB, 15360 MiB, 32 %, 71, 36.35 W, 765 MHz
2026/09/30 04:35:54.217, Tesla T4, 2309 MiB, 15360 MiB, 62 %, 71, 39.31 W, 1140 MHz
2026/09/30 04:35:54.723, Tesla T4, 2309 MiB, 15360 MiB, 25 %, 71, 37.61 W, 1140 MHz
2026/09/30 04:35:55.230, Tesla T4, 2309 MiB, 15360 MiB, 24 %, 71, 38.52 W, 1140 MHz
2026/09/30 04:35:55.747, Tesla T4, 2309 MiB, 15360 MiB, 24 %, 71, 39.21 W, 1140 MHz
2026/09/30 04:35:56.254, Tesla T4, 2309 MiB, 15360 MiB, 32 %, 71, 35.97 W, 765 MHz
2026/09/30 04:35:56.768, Tesla T4, 2309 MiB, 15360 MiB, 52 %, 71, 36.55 W, 990 MHz
2026/09/30 04:35:57.276, Tesla T4, 2309 MiB, 15360 MiB, 26 %, 71, 40.69 W, 990 MHz
2026/09/30 04:35:57.783, Tesla T4, 2309 MiB, 15360 MiB, 27 %, 71, 37.14 W, 990 MHz
2026/09/30 04:35:58.290, Tesla T4, 2309 MiB, 15360 MiB, 27 %, 71, 36.84 W, 990 MHz
2026/09/30 04:35:58.799, Tesla T4, 2309 MiB, 15360 MiB, 32 %, 70, 37.43 W, 735 MHz
2026/09/30 04:35:59.308, Tesla T4, 2309 MiB, 15360 MiB, 33 %, 71, 41.53 W, 705 MHz
2026/09/30 04:35:59.815, Tesla T4, 2309 MiB, 15360 MiB, 26 %, 71, 38.34 W, 1095 MHz
2026/09/30 04:36:00.321, Tesla T4, 2309 MiB, 15360 MiB, 23 %, 70, 39.48 W, 1095 MHz
2026/09/30 04:36:00.828, Tesla T4, 2309 MiB, 15360 MiB, 25 %, 71, 37.41 W, 1095 MHz
2026/09/30 04:36:01.338, Tesla T4, 2309 MiB, 15360 MiB, 21 %, 70, 34.69 W, 780 MHz
2026/09/30 04:36:01.852, Tesla T4, 2309 MiB, 15360 MiB, 20 %, 70, 37.85 W, 690 MHz
2026/09/30 04:36:02.374, Tesla T4, 2309 MiB, 15360 MiB, 25 %, 70, 37.71 W, 645 MHz
2026/09/30 04:36:02.889, Tesla T4, 2309 MiB, 15360 MiB, 65 %, 70, 40.74 W, 975 MHz
2026/09/30 04:36:03.406, Tesla T4, 2309 MiB, 15360 MiB, 17 %, 70, 36.17 W, 975 MHz
2026/09/30 04:36:03.927, Tesla T4, 2309 MiB, 15360 MiB, 15 %, 70, 35.36 W, 975 MHz
2026/09/30 04:36:04.445, Tesla T4, 2309 MiB, 15360 MiB, 25 %, 70, 36.57 W, 975 MHz
2026/09/30 04:36:04.951, Tesla T4, 2309 MiB, 15360 MiB, 28 %, 70, 35.48 W, 690 MHz
2026/09/30 04:36:05.459, Tesla T4, 2309 MiB, 15360 MiB, 48 %, 70, 36.80 W, 975 MHz
2026/09/30 04:36:05.965, Tesla T4, 2309 MiB, 15360 MiB, 50 %, 70, 42.41 W, 1260 MHz
2026/09/30 04:36:06.472, Tesla T4, 2309 MiB, 15360 MiB, 23 %, 70, 40.29 W, 1260 MHz
2026/09/30 04:36:06.978, Tesla T4, 2309 MiB, 15360 MiB, 20 %, 70, 40.30 W, 1260 MHz
2026/09/30 04:36:07.484, Tesla T4, 2309 MiB, 15360 MiB, 19 %, 70, 42.61 W, 1260 MHz
2026/09/30 04:36:07.990, Tesla T4, 2309 MiB, 15360 MiB, 26 %, 70, 34.40 W, 810 MHz
2026/09/30 04:36:08.499, Tesla T4, 2309 MiB, 15360 MiB, 60 %, 70, 43.87 W, 1155 MHz
2026/09/30 04:36:09.011, Tesla T4, 2309 MiB, 15360 MiB, 23 %, 70, 39.66 W, 1155 MHz
2026/09/30 04:36:09.517, Tesla T4, 2309 MiB, 15360 MiB, 23 %, 70, 39.66 W, 1155 MHz
2026/09/30 04:36:10.023, Tesla T4, 2309 MiB, 15360 MiB, 22 %, 70, 38.62 W, 1155 MHz
2026/09/30 04:36:10.531, Tesla T4, 2309 MiB, 15360 MiB, 31 %, 69, 35.19 W, 810 MHz
2026/09/30 04:36:11.038, Tesla T4, 2309 MiB, 15360 MiB, 31 %, 69, 36.47 W, 765 MHz
2026/09/30 04:36:11.547, Tesla T4, 2309 MiB, 15360 MiB, 30 %, 69, 35.88 W, 720 MHz
2026/09/30 04:36:12.055, Tesla T4, 2309 MiB, 15360 MiB, 31 %, 69, 35.66 W, 690 MHz
2026/09/30 04:36:12.562, Tesla T4, 2309 MiB, 15360 MiB, 34 %, 69, 39.28 W, 660 MHz
2026/09/30 04:36:13.069, Tesla T4, 2309 MiB, 15360 MiB, 34 %, 69, 36.57 W, 645 MHz
2026/09/30 04:36:13.577, Tesla T4, 2309 MiB, 15360 MiB, 36 %, 69, 37.31 W, 630 MHz
2026/09/30 04:36:14.089, Tesla T4, 2309 MiB, 15360 MiB, 35 %, 69, 33.33 W, 615 MHz
2026/09/30 04:36:14.604, Tesla T4, 2309 MiB, 15360 MiB, 27 %, 69, 35.09 W, 585 MHz
2026/09/30 04:36:15.132, Tesla T4, 2309 MiB, 15360 MiB, 29 %, 69, 38.35 W, 585 MHz
2026/09/30 04:36:15.651, Tesla T4, 2309 MiB, 15360 MiB, 50 %, 69, 35.07 W, 810 MHz
2026/09/30 04:36:16.167, Tesla T4, 2309 MiB, 15360 MiB, 24 %, 69, 34.71 W, 810 MHz
2026/09/30 04:36:16.684, Tesla T4, 2309 MiB, 15360 MiB, 18 %, 69, 37.93 W, 810 MHz
2026/09/30 04:36:17.191, Tesla T4, 2309 MiB, 15360 MiB, 30 %, 69, 35.68 W, 810 MHz
2026/09/30 04:36:17.700, Tesla T4, 2309 MiB, 15360 MiB, 34 %, 69, 35.19 W, 645 MHz
2026/09/30 04:36:18.207, Tesla T4, 2309 MiB, 15360 MiB, 35 %, 69, 35.26 W, 630 MHz
2026/09/30 04:36:18.716, Tesla T4, 2309 MiB, 15360 MiB, 69 %, 69, 37.53 W, 1065 MHz
2026/09/30 04:36:19.223, Tesla T4, 2309 MiB, 15360 MiB, 25 %, 69, 39.11 W, 1065 MHz
2026/09/30 04:36:19.729, Tesla T4, 2309 MiB, 15360 MiB, 25 %, 69, 37.81 W, 1065 MHz
2026/09/30 04:36:20.236, Tesla T4, 2309 MiB, 15360 MiB, 49 %, 69, 41.60 W, 1335 MHz
2026/09/30 04:36:20.742, Tesla T4, 2309 MiB, 15360 MiB, 22 %, 69, 41.62 W, 1335 MHz
2026/09/30 04:36:21.248, Tesla T4, 2309 MiB, 15360 MiB, 23 %, 69, 42.71 W, 1335 MHz
2026/09/30 04:36:21.755, Tesla T4, 2309 MiB, 15360 MiB, 22 %, 69, 43.37 W, 1335 MHz
2026/09/30 04:36:22.261, Tesla T4, 2309 MiB, 15360 MiB, 30 %, 69, 39.78 W, 855 MHz
2026/09/30 04:36:22.768, Tesla T4, 2309 MiB, 15360 MiB, 30 %, 69, 35.88 W, 795 MHz
2026/09/30 04:36:23.275, Tesla T4, 2309 MiB, 15360 MiB, 32 %, 69, 37.83 W, 765 MHz
2026/09/30 04:36:23.783, Tesla T4, 2309 MiB, 15360 MiB, 32 %, 69, 35.68 W, 720 MHz
2026/09/30 04:36:24.290, Tesla T4, 2309 MiB, 15360 MiB, 34 %, 69, 36.74 W, 705 MHz
2026/09/30 04:36:24.798, Tesla T4, 2309 MiB, 15360 MiB, 65 %, 69, 37.12 W, 1110 MHz
2026/09/30 04:36:25.304, Tesla T4, 2309 MiB, 15360 MiB, 25 %, 69, 38.10 W, 1110 MHz
2026/09/30 04:36:25.811, Tesla T4, 2309 MiB, 15360 MiB, 25 %, 69, 41.35 W, 1110 MHz
2026/09/30 04:36:26.317, Tesla T4, 2309 MiB, 15360 MiB, 25 %, 69, 38.50 W, 1110 MHz
2026/09/30 04:36:26.825, Tesla T4, 2309 MiB, 15360 MiB, 13 %, 69, 40.96 W, 1335 MHz
2026/09/30 04:36:27.333, Tesla T4, 2309 MiB, 15360 MiB, 17 %, 69, 40.76 W, 1335 MHz
2026/09/30 04:36:27.848, Tesla T4, 2309 MiB, 15360 MiB, 16 %, 69, 44.01 W, 1335 MHz
2026/09/30 04:36:28.367, Tesla T4, 2309 MiB, 15360 MiB, 15 %, 69, 39.38 W, 750 MHz
2026/09/30 04:36:28.880, Tesla T4, 2309 MiB, 15360 MiB, 21 %, 69, 34.61 W, 705 MHz
2026/09/30 04:36:29.391, Tesla T4, 2309 MiB, 15360 MiB, 35 %, 69, 36.00 W, 645 MHz
2026/09/30 04:36:29.899, Tesla T4, 2309 MiB, 15360 MiB, 35 %, 69, 34.00 W, 630 MHz
2026/09/30 04:36:30.405, Tesla T4, 2309 MiB, 15360 MiB, 37 %, 69, 35.68 W, 615 MHz
2026/09/30 04:36:30.919, Tesla T4, 2309 MiB, 15360 MiB, 37 %, 69, 35.95 W, 600 MHz
2026/09/30 04:36:31.427, Tesla T4, 2309 MiB, 15360 MiB, 38 %, 69, 37.53 W, 585 MHz
2026/09/30 04:36:31.934, Tesla T4, 2309 MiB, 15360 MiB, 38 %, 69, 35.88 W, 585 MHz
2026/09/30 04:36:32.442, Tesla T4, 2309 MiB, 15360 MiB, 38 %, 69, 37.33 W, 585 MHz
2026/09/30 04:36:32.951, Tesla T4, 2309 MiB, 15360 MiB, 36 %, 69, 33.69 W, 585 MHz
2026/09/30 04:36:33.458, Tesla T4, 2309 MiB, 15360 MiB, 40 %, 69, 36.59 W, 885 MHz
2026/09/30 04:36:33.966, Tesla T4, 2309 MiB, 15360 MiB, 28 %, 69, 42.98 W, 885 MHz
2026/09/30 04:36:34.473, Tesla T4, 2309 MiB, 15360 MiB, 23 %, 69, 41.45 W, 1230 MHz
2026/09/30 04:36:34.979, Tesla T4, 2309 MiB, 15360 MiB, 23 %, 69, 39.68 W, 1230 MHz
2026/09/30 04:36:35.498, Tesla T4, 2309 MiB, 15360 MiB, 23 %, 69, 39.38 W, 1230 MHz
2026/09/30 04:36:36.005, Tesla T4, 2309 MiB, 15360 MiB, 29 %, 69, 38.03 W, 810 MHz
2026/09/30 04:36:36.524, Tesla T4, 2309 MiB, 15360 MiB, 31 %, 69, 34.79 W, 780 MHz
2026/09/30 04:36:37.031, Tesla T4, 2309 MiB, 15360 MiB, 32 %, 69, 35.26 W, 735 MHz
2026/09/30 04:36:37.538, Tesla T4, 2309 MiB, 15360 MiB, 33 %, 69, 36.94 W, 720 MHz
2026/09/30 04:36:38.047, Tesla T4, 2309 MiB, 15360 MiB, 34 %, 69, 36.17 W, 675 MHz
2026/09/30 04:36:38.554, Tesla T4, 2309 MiB, 15360 MiB, 35 %, 69, 36.65 W, 660 MHz
2026/09/30 04:36:39.061, Tesla T4, 2309 MiB, 15360 MiB, 35 %, 69, 36.33 W, 645 MHz
2026/09/30 04:36:39.568, Tesla T4, 2309 MiB, 15360 MiB, 24 %, 69, 34.20 W, 600 MHz
2026/09/30 04:36:40.090, Tesla T4, 2309 MiB, 15360 MiB, 30 %, 69, 34.42 W, 585 MHz
2026/09/30 04:36:40.612, Tesla T4, 2309 MiB, 15360 MiB, 30 %, 69, 37.33 W, 585 MHz
2026/09/30 04:36:41.125, Tesla T4, 2309 MiB, 15360 MiB, 25 %, 69, 35.58 W, 585 MHz
2026/09/30 04:36:41.649, Tesla T4, 2309 MiB, 15360 MiB, 24 %, 69, 33.80 W, 585 MHz
2026/09/30 04:36:42.164, Tesla T4, 2309 MiB, 15360 MiB, 70 %, 69, 40.69 W, 1035 MHz
2026/09/30 04:36:42.671, Tesla T4, 2309 MiB, 15360 MiB, 26 %, 69, 38.03 W, 1035 MHz
2026/09/30 04:36:43.177, Tesla T4, 2309 MiB, 15360 MiB, 26 %, 69, 37.33 W, 1035 MHz
2026/09/30 04:36:43.684, Tesla T4, 2309 MiB, 15360 MiB, 25 %, 69, 38.94 W, 1035 MHz
2026/09/30 04:36:44.191, Tesla T4, 2309 MiB, 15360 MiB, 29 %, 69, 35.19 W, 720 MHz
2026/09/30 04:36:44.698, Tesla T4, 2309 MiB, 15360 MiB, 63 %, 69, 37.14 W, 1110 MHz
2026/09/30 04:36:45.204, Tesla T4, 2309 MiB, 15360 MiB, 23 %, 69, 41.23 W, 1110 MHz
2026/09/30 04:36:45.710, Tesla T4, 2309 MiB, 15360 MiB, 23 %, 69, 40.88 W, 1110 MHz
2026/09/30 04:36:46.217, Tesla T4, 2309 MiB, 15360 MiB, 23 %, 69, 39.70 W, 1110 MHz
2026/09/30 04:36:46.724, Tesla T4, 2309 MiB, 15360 MiB, 28 %, 69, 37.83 W, 735 MHz
2026/09/30 04:36:47.234, Tesla T4, 2309 MiB, 15360 MiB, 32 %, 69, 37.53 W, 690 MHz
2026/09/30 04:36:47.742, Tesla T4, 2309 MiB, 15360 MiB, 30 %, 69, 36.25 W, 660 MHz
2026/09/30 04:36:48.249, Tesla T4, 2309 MiB, 15360 MiB, 35 %, 69, 38.64 W, 645 MHz
2026/09/30 04:36:48.757, Tesla T4, 2309 MiB, 15360 MiB, 33 %, 69, 36.57 W, 615 MHz
2026/09/30 04:36:49.264, Tesla T4, 2309 MiB, 15360 MiB, 37 %, 69, 35.88 W, 600 MHz
2026/09/30 04:36:49.772, Tesla T4, 2309 MiB, 15360 MiB, 60 %, 69, 35.48 W, 900 MHz
2026/09/30 04:36:50.280, Tesla T4, 2309 MiB, 15360 MiB, 28 %, 69, 36.65 W, 900 MHz
2026/09/30 04:36:50.787, Tesla T4, 2309 MiB, 15360 MiB, 26 %, 69, 35.88 W, 900 MHz
2026/09/30 04:36:51.293, Tesla T4, 2309 MiB, 15360 MiB, 29 %, 69, 35.56 W, 900 MHz
2026/09/30 04:36:51.804, Tesla T4, 2309 MiB, 15360 MiB, 30 %, 69, 38.12 W, 705 MHz
2026/09/30 04:36:52.315, Tesla T4, 2309 MiB, 15360 MiB, 26 %, 69, 36.62 W, 630 MHz
2026/09/30 04:36:52.829, Tesla T4, 2309 MiB, 15360 MiB, 24 %, 69, 34.61 W, 585 MHz
2026/09/30 04:36:53.344, Tesla T4, 2309 MiB, 15360 MiB, 28 %, 69, 34.61 W, 585 MHz
2026/09/30 04:36:53.856, Tesla T4, 2309 MiB, 15360 MiB, 25 %, 68, 33.69 W, 585 MHz
2026/09/30 04:36:54.375, Tesla T4, 2309 MiB, 15360 MiB, 22 %, 68, 33.90 W, 585 MHz
2026/09/30 04:36:54.883, Tesla T4, 2309 MiB, 15360 MiB, 32 %, 68, 35.07 W, 585 MHz
2026/09/30 04:36:55.390, Tesla T4, 2309 MiB, 15360 MiB, 27 %, 69, 35.42 W, 975 MHz
2026/09/30 04:36:55.898, Tesla T4, 2309 MiB, 15360 MiB, 24 %, 69, 35.97 W, 975 MHz
2026/09/30 04:36:56.413, Tesla T4, 2309 MiB, 15360 MiB, 25 %, 69, 37.43 W, 975 MHz
2026/09/30 04:36:56.923, Tesla T4, 2309 MiB, 15360 MiB, 19 %, 69, 39.56 W, 1260 MHz
2026/09/30 04:36:57.437, Tesla T4, 2309 MiB, 15360 MiB, 21 %, 69, 43.20 W, 1260 MHz
2026/09/30 04:36:57.945, Tesla T4, 2309 MiB, 15360 MiB, 21 %, 69, 42.07 W, 1260 MHz
2026/09/30 04:36:58.451, Tesla T4, 2309 MiB, 15360 MiB, 22 %, 69, 41.60 W, 1260 MHz
2026/09/30 04:36:58.957, Tesla T4, 2309 MiB, 15360 MiB, 28 %, 69, 37.24 W, 780 MHz
2026/09/30 04:36:59.464, Tesla T4, 2309 MiB, 15360 MiB, 30 %, 69, 38.72 W, 1125 MHz
2026/09/30 04:36:59.981, Tesla T4, 2309 MiB, 15360 MiB, 21 %, 69, 41.55 W, 1125 MHz
2026/09/30 04:37:00.487, Tesla T4, 2309 MiB, 15360 MiB, 21 %, 69, 39.66 W, 1245 MHz
2026/09/30 04:37:00.994, Tesla T4, 2309 MiB, 15360 MiB, 22 %, 69, 41.03 W, 1245 MHz
2026/09/30 04:37:01.500, Tesla T4, 2309 MiB, 15360 MiB, 22 %, 69, 40.66 W, 1245 MHz
2026/09/30 04:37:02.006, Tesla T4, 2309 MiB, 15360 MiB, 21 %, 69, 40.10 W, 1245 MHz
2026/09/30 04:37:02.512, Tesla T4, 2309 MiB, 15360 MiB, 52 %, 69, 34.97 W, 1035 MHz
2026/09/30 04:37:03.022, Tesla T4, 2309 MiB, 15360 MiB, 24 %, 69, 38.44 W, 1035 MHz
2026/09/30 04:37:03.528, Tesla T4, 2309 MiB, 15360 MiB, 22 %, 69, 41.85 W, 1320 MHz
2026/09/30 04:37:04.034, Tesla T4, 2309 MiB, 15360 MiB, 21 %, 69, 41.03 W, 1320 MHz
2026/09/30 04:37:04.541, Tesla T4, 2309 MiB, 15360 MiB, 17 %, 69, 43.62 W, 1320 MHz
2026/09/30 04:37:05.053, Tesla T4, 2309 MiB, 15360 MiB, 15 %, 69, 44.19 W, 1320 MHz
2026/09/30 04:37:05.568, Tesla T4, 2309 MiB, 15360 MiB, 24 %, 69, 34.10 W, 735 MHz
2026/09/30 04:37:06.083, Tesla T4, 2309 MiB, 15360 MiB, 25 %, 68, 34.99 W, 675 MHz
2026/09/30 04:37:06.613, Tesla T4, 2309 MiB, 15360 MiB, 19 %, 68, 36.00 W, 1035 MHz
2026/09/30 04:37:07.127, Tesla T4, 2309 MiB, 15360 MiB, 22 %, 69, 37.33 W, 1035 MHz
2026/09/30 04:37:07.634, Tesla T4, 2309 MiB, 15360 MiB, 25 %, 69, 39.70 W, 1215 MHz
2026/09/30 04:37:08.140, Tesla T4, 2309 MiB, 15360 MiB, 24 %, 69, 39.75 W, 1215 MHz
2026/09/30 04:37:08.647, Tesla T4, 2309 MiB, 15360 MiB, 22 %, 69, 41.75 W, 1215 MHz
2026/09/30 04:37:09.154, Tesla T4, 2309 MiB, 15360 MiB, 24 %, 69, 39.19 W, 840 MHz
2026/09/30 04:37:09.661, Tesla T4, 2309 MiB, 15360 MiB, 29 %, 68, 36.17 W, 810 MHz
2026/09/30 04:37:10.169, Tesla T4, 2309 MiB, 15360 MiB, 32 %, 68, 37.24 W, 750 MHz
2026/09/30 04:37:10.677, Tesla T4, 2309 MiB, 15360 MiB, 33 %, 68, 35.26 W, 735 MHz
2026/09/30 04:37:11.184, Tesla T4, 2309 MiB, 15360 MiB, 35 %, 68, 35.58 W, 690 MHz
2026/09/30 04:37:11.691, Tesla T4, 2309 MiB, 15360 MiB, 48 %, 68, 36.53 W, 840 MHz
2026/09/30 04:37:12.199, Tesla T4, 2309 MiB, 15360 MiB, 29 %, 68, 36.65 W, 885 MHz
2026/09/30 04:37:12.706, Tesla T4, 2309 MiB, 15360 MiB, 29 %, 68, 37.46 W, 885 MHz
2026/09/30 04:37:13.213, Tesla T4, 2309 MiB, 15360 MiB, 27 %, 68, 35.78 W, 885 MHz
2026/09/30 04:37:13.720, Tesla T4, 2309 MiB, 15360 MiB, 30 %, 68, 35.95 W, 705 MHz
2026/09/30 04:37:14.233, Tesla T4, 2309 MiB, 15360 MiB, 25 %, 68, 39.28 W, 1125 MHz
2026/09/30 04:37:14.739, Tesla T4, 2309 MiB, 15360 MiB, 24 %, 68, 39.75 W, 1125 MHz
2026/09/30 04:37:15.245, Tesla T4, 2309 MiB, 15360 MiB, 25 %, 68, 37.51 W, 1125 MHz
2026/09/30 04:37:15.751, Tesla T4, 2309 MiB, 15360 MiB, 23 %, 68, 36.92 W, 795 MHz
2026/09/30 04:37:16.259, Tesla T4, 2309 MiB, 15360 MiB, 32 %, 68, 36.67 W, 765 MHz
2026/09/30 04:37:16.766, Tesla T4, 2309 MiB, 15360 MiB, 61 %, 68, 38.62 W, 1125 MHz
2026/09/30 04:37:17.272, Tesla T4, 2309 MiB, 15360 MiB, 16 %, 68, 37.41 W, 1125 MHz
2026/09/30 04:37:17.787, Tesla T4, 2309 MiB, 15360 MiB, 20 %, 68, 37.24 W, 1125 MHz
2026/09/30 04:37:18.300, Tesla T4, 2309 MiB, 15360 MiB, 20 %, 68, 36.62 W, 1125 MHz
2026/09/30 04:37:18.811, Tesla T4, 2309 MiB, 15360 MiB, 21 %, 68, 33.43 W, 645 MHz
2026/09/30 04:37:19.327, Tesla T4, 2309 MiB, 15360 MiB, 27 %, 68, 35.60 W, 615 MHz
2026/09/30 04:37:19.844, Tesla T4, 2309 MiB, 15360 MiB, 36 %, 68, 37.71 W, 585 MHz
2026/09/30 04:37:20.351, Tesla T4, 2309 MiB, 15360 MiB, 37 %, 68, 35.68 W, 585 MHz
2026/09/30 04:37:20.859, Tesla T4, 2309 MiB, 15360 MiB, 34 %, 68, 35.78 W, 585 MHz
2026/09/30 04:37:21.367, Tesla T4, 2309 MiB, 15360 MiB, 38 %, 68, 35.86 W, 585 MHz
2026/09/30 04:37:21.874, Tesla T4, 2309 MiB, 15360 MiB, 38 %, 68, 35.80 W, 585 MHz
2026/09/30 04:37:22.381, Tesla T4, 2309 MiB, 15360 MiB, 38 %, 68, 35.97 W, 585 MHz
2026/09/30 04:37:22.891, Tesla T4, 2309 MiB, 15360 MiB, 38 %, 68, 37.46 W, 585 MHz
2026/09/30 04:37:23.398, Tesla T4, 2309 MiB, 15360 MiB, 38 %, 68, 35.58 W, 585 MHz
2026/09/30 04:37:23.905, Tesla T4, 2309 MiB, 15360 MiB, 37 %, 68, 36.76 W, 585 MHz
2026/09/30 04:37:24.412, Tesla T4, 2309 MiB, 15360 MiB, 27 %, 68, 36.15 W, 960 MHz
2026/09/30 04:37:24.920, Tesla T4, 2309 MiB, 15360 MiB, 27 %, 68, 36.62 W, 960 MHz
2026/09/30 04:37:25.427, Tesla T4, 2309 MiB, 15360 MiB, 27 %, 68, 44.46 W, 960 MHz
2026/09/30 04:37:25.934, Tesla T4, 2309 MiB, 15360 MiB, 23 %, 68, 40.96 W, 1290 MHz
2026/09/30 04:37:26.441, Tesla T4, 2309 MiB, 15360 MiB, 23 %, 68, 40.66 W, 1290 MHz
2026/09/30 04:37:26.947, Tesla T4, 2309 MiB, 15360 MiB, 22 %, 68, 43.37 W, 1290 MHz
2026/09/30 04:37:27.453, Tesla T4, 2309 MiB, 15360 MiB, 22 %, 68, 35.68 W, 840 MHz
2026/09/30 04:37:27.960, Tesla T4, 2309 MiB, 15360 MiB, 30 %, 68, 39.03 W, 810 MHz
2026/09/30 04:37:28.470, Tesla T4, 2309 MiB, 15360 MiB, 59 %, 68, 37.75 W, 1155 MHz
2026/09/30 04:37:28.977, Tesla T4, 2309 MiB, 15360 MiB, 24 %, 68, 38.60 W, 1155 MHz
2026/09/30 04:37:29.483, Tesla T4, 2309 MiB, 15360 MiB, 22 %, 68, 37.93 W, 1155 MHz
2026/09/30 04:37:29.991, Tesla T4, 2309 MiB, 15360 MiB, 16 %, 68, 39.31 W, 1155 MHz
2026/09/30 04:37:30.504, Tesla T4, 2309 MiB, 15360 MiB, 23 %, 68, 34.28 W, 705 MHz
2026/09/30 04:37:31.019, Tesla T4, 2309 MiB, 15360 MiB, 23 %, 67, 33.71 W, 630 MHz
2026/09/30 04:37:31.532, Tesla T4, 2309 MiB, 15360 MiB, 25 %, 67, 33.71 W, 600 MHz
2026/09/30 04:37:32.055, Tesla T4, 2309 MiB, 15360 MiB, 23 %, 67, 35.56 W, 810 MHz
2026/09/30 04:37:32.575, Tesla T4, 2309 MiB, 15360 MiB, 56 %, 68, 38.99 W, 1140 MHz
2026/09/30 04:37:33.082, Tesla T4, 2309 MiB, 15360 MiB, 47 %, 68, 44.97 W, 1380 MHz
2026/09/30 04:37:33.588, Tesla T4, 2309 MiB, 15360 MiB, 27 %, 68, 51.47 W, 1380 MHz
2026/09/30 04:37:34.094, Tesla T4, 2309 MiB, 15360 MiB, 25 %, 68, 45.64 W, 1380 MHz
2026/09/30 04:37:34.600, Tesla T4, 2309 MiB, 15360 MiB, 44 %, 68, 47.76 W, 1530 MHz
2026/09/30 04:37:35.107, Tesla T4, 2309 MiB, 15360 MiB, 41 %, 69, 50.56 W, 1575 MHz
2026/09/30 04:37:35.612, Tesla T4, 2309 MiB, 15360 MiB, 24 %, 69, 49.64 W, 1575 MHz
2026/09/30 04:37:36.120, Tesla T4, 2309 MiB, 15360 MiB, 25 %, 69, 53.65 W, 1575 MHz
2026/09/30 04:37:36.625, Tesla T4, 2309 MiB, 15360 MiB, 24 %, 69, 53.87 W, 1575 MHz
2026/09/30 04:37:37.131, Tesla T4, 2309 MiB, 15360 MiB, 29 %, 68, 38.97 W, 1095 MHz
2026/09/30 04:37:37.637, Tesla T4, 2309 MiB, 15360 MiB, 32 %, 68, 39.95 W, 1035 MHz
2026/09/30 04:37:38.145, Tesla T4, 2309 MiB, 15360 MiB, 32 %, 68, 39.70 W, 1005 MHz
2026/09/30 04:37:38.653, Tesla T4, 2309 MiB, 15360 MiB, 33 %, 68, 38.57 W, 960 MHz
2026/09/30 04:37:39.174, Tesla T4, 2309 MiB, 15360 MiB, 34 %, 68, 37.76 W, 930 MHz
2026/09/30 04:37:39.681, Tesla T4, 2309 MiB, 15360 MiB, 36 %, 68, 38.79 W, 900 MHz
2026/09/30 04:37:40.194, Tesla T4, 2309 MiB, 15360 MiB, 35 %, 68, 41.16 W, 870 MHz
2026/09/30 04:37:40.701, Tesla T4, 2309 MiB, 15360 MiB, 37 %, 68, 39.11 W, 855 MHz
2026/09/30 04:37:41.208, Tesla T4, 2309 MiB, 15360 MiB, 35 %, 68, 37.73 W, 840 MHz
2026/09/30 04:37:41.716, Tesla T4, 2309 MiB, 15360 MiB, 37 %, 68, 37.31 W, 810 MHz
2026/09/30 04:37:42.224, Tesla T4, 2309 MiB, 15360 MiB, 29 %, 68, 45.59 W, 1245 MHz
2026/09/30 04:37:42.730, Tesla T4, 2309 MiB, 15360 MiB, 20 %, 68, 44.13 W, 1245 MHz
2026/09/30 04:37:43.246, Tesla T4, 2309 MiB, 15360 MiB, 42 %, 68, 40.37 W, 1320 MHz
2026/09/30 04:37:43.761, Tesla T4, 2309 MiB, 15360 MiB, 22 %, 68, 39.78 W, 1320 MHz
2026/09/30 04:37:44.278, Tesla T4, 2309 MiB, 15360 MiB, 19 %, 68, 45.20 W, 1320 MHz
2026/09/30 04:37:44.790, Tesla T4, 2309 MiB, 15360 MiB, 17 %, 68, 41.50 W, 1320 MHz
2026/09/30 04:37:45.296, Tesla T4, 2309 MiB, 15360 MiB, 33 %, 68, 38.05 W, 930 MHz
2026/09/30 04:37:45.803, Tesla T4, 2309 MiB, 15360 MiB, 32 %, 68, 38.22 W, 915 MHz
2026/09/30 04:37:46.310, Tesla T4, 2309 MiB, 15360 MiB, 34 %, 68, 37.43 W, 870 MHz
2026/09/30 04:37:46.819, Tesla T4, 2309 MiB, 15360 MiB, 36 %, 68, 40.02 W, 855 MHz
2026/09/30 04:37:47.326, Tesla T4, 2309 MiB, 15360 MiB, 47 %, 68, 38.22 W, 990 MHz
2026/09/30 04:37:47.833, Tesla T4, 2309 MiB, 15360 MiB, 31 %, 68, 38.99 W, 1050 MHz
2026/09/30 04:37:48.340, Tesla T4, 2309 MiB, 15360 MiB, 28 %, 68, 42.14 W, 1050 MHz
2026/09/30 04:37:48.848, Tesla T4, 2309 MiB, 15360 MiB, 30 %, 68, 37.98 W, 1050 MHz
2026/09/30 04:37:49.355, Tesla T4, 2309 MiB, 15360 MiB, 49 %, 68, 43.13 W, 1320 MHz
2026/09/30 04:37:49.862, Tesla T4, 2309 MiB, 15360 MiB, 27 %, 68, 47.08 W, 1320 MHz
2026/09/30 04:37:50.368, Tesla T4, 2309 MiB, 15360 MiB, 26 %, 68, 42.71 W, 1320 MHz
2026/09/30 04:37:50.874, Tesla T4, 2309 MiB, 15360 MiB, 25 %, 69, 53.64 W, 1515 MHz
2026/09/30 04:37:51.380, Tesla T4, 2309 MiB, 15360 MiB, 23 %, 69, 55.90 W, 1575 MHz
2026/09/30 04:37:51.886, Tesla T4, 2309 MiB, 15360 MiB, 22 %, 69, 52.76 W, 1575 MHz
2026/09/30 04:37:52.391, Tesla T4, 2309 MiB, 15360 MiB, 22 %, 69, 52.30 W, 1575 MHz
2026/09/30 04:37:52.897, Tesla T4, 2309 MiB, 15360 MiB, 25 %, 69, 53.61 W, 1140 MHz
2026/09/30 04:37:53.407, Tesla T4, 2309 MiB, 15360 MiB, 28 %, 69, 40.03 W, 1080 MHz
2026/09/30 04:37:53.913, Tesla T4, 2309 MiB, 15360 MiB, 30 %, 68, 39.48 W, 1020 MHz
2026/09/30 04:37:54.420, Tesla T4, 2309 MiB, 15360 MiB, 32 %, 68, 37.61 W, 990 MHz
2026/09/30 04:37:54.927, Tesla T4, 2309 MiB, 15360 MiB, 25 %, 68, 38.50 W, 930 MHz
2026/09/30 04:37:55.444, Tesla T4, 2309 MiB, 15360 MiB, 23 %, 68, 34.91 W, 855 MHz
2026/09/30 04:37:55.959, Tesla T4, 2309 MiB, 15360 MiB, 28 %, 68, 36.45 W, 780 MHz
2026/09/30 04:37:56.482, Tesla T4, 2309 MiB, 15360 MiB, 28 %, 68, 36.35 W, 735 MHz
2026/09/30 04:37:56.996, Tesla T4, 2309 MiB, 15360 MiB, 30 %, 68, 38.32 W, 690 MHz
2026/09/30 04:37:57.504, Tesla T4, 2309 MiB, 15360 MiB, 44 %, 68, 38.79 W, 735 MHz
2026/09/30 04:37:58.012, Tesla T4, 2309 MiB, 15360 MiB, 31 %, 68, 40.47 W, 975 MHz
2026/09/30 04:37:58.519, Tesla T4, 2309 MiB, 15360 MiB, 32 %, 68, 38.66 W, 975 MHz
2026/09/30 04:37:59.034, Tesla T4, 2309 MiB, 15360 MiB, 32 %, 68, 40.88 W, 975 MHz
2026/09/30 04:37:59.542, Tesla T4, 2309 MiB, 15360 MiB, 33 %, 68, 38.91 W, 855 MHz
2026/09/30 04:38:00.062, Tesla T4, 2309 MiB, 15360 MiB, 34 %, 68, 37.26 W, 825 MHz
2026/09/30 04:38:00.570, Tesla T4, 2309 MiB, 15360 MiB, 37 %, 68, 37.02 W, 810 MHz
2026/09/30 04:38:01.078, Tesla T4, 2309 MiB, 15360 MiB, 35 %, 68, 36.74 W, 795 MHz
2026/09/30 04:38:01.585, Tesla T4, 2309 MiB, 15360 MiB, 35 %, 68, 38.20 W, 765 MHz
2026/09/30 04:38:02.093, Tesla T4, 2309 MiB, 15360 MiB, 37 %, 68, 36.74 W, 750 MHz
2026/09/30 04:38:02.601, Tesla T4, 2309 MiB, 15360 MiB, 37 %, 68, 38.32 W, 735 MHz
2026/09/30 04:38:03.109, Tesla T4, 2309 MiB, 15360 MiB, 39 %, 68, 37.63 W, 735 MHz
2026/09/30 04:38:03.617, Tesla T4, 2309 MiB, 15360 MiB, 40 %, 68, 37.63 W, 735 MHz
2026/09/30 04:38:04.124, Tesla T4, 2309 MiB, 15360 MiB, 40 %, 68, 39.97 W, 735 MHz
2026/09/30 04:38:04.631, Tesla T4, 2309 MiB, 15360 MiB, 59 %, 68, 41.18 W, 1080 MHz
2026/09/30 04:38:05.141, Tesla T4, 2309 MiB, 15360 MiB, 30 %, 68, 43.62 W, 1080 MHz
2026/09/30 04:38:05.648, Tesla T4, 2309 MiB, 15360 MiB, 30 %, 68, 42.83 W, 1080 MHz
2026/09/30 04:38:06.154, Tesla T4, 2309 MiB, 15360 MiB, 30 %, 68, 40.57 W, 1080 MHz
2026/09/30 04:38:06.661, Tesla T4, 2309 MiB, 15360 MiB, 27 %, 68, 43.94 W, 1380 MHz
2026/09/30 04:38:07.167, Tesla T4, 2309 MiB, 15360 MiB, 27 %, 68, 43.54 W, 1380 MHz
2026/09/30 04:38:07.676, Tesla T4, 2309 MiB, 15360 MiB, 20 %, 68, 41.55 W, 1380 MHz
2026/09/30 04:38:08.186, Tesla T4, 2309 MiB, 15360 MiB, 21 %, 68, 40.19 W, 945 MHz
2026/09/30 04:38:08.702, Tesla T4, 2309 MiB, 15360 MiB, 25 %, 68, 37.29 W, 885 MHz
2026/09/30 04:38:09.217, Tesla T4, 2309 MiB, 15360 MiB, 23 %, 68, 34.67 W, 795 MHz
2026/09/30 04:38:09.731, Tesla T4, 2309 MiB, 15360 MiB, 25 %, 68, 35.86 W, 720 MHz
2026/09/30 04:38:10.244, Tesla T4, 2309 MiB, 15360 MiB, 28 %, 68, 38.32 W, 675 MHz
2026/09/30 04:38:10.753, Tesla T4, 2309 MiB, 15360 MiB, 30 %, 68, 41.72 W, 1125 MHz
2026/09/30 04:38:11.262, Tesla T4, 2309 MiB, 15360 MiB, 28 %, 68, 40.27 W, 1125 MHz
2026/09/30 04:38:11.768, Tesla T4, 2309 MiB, 15360 MiB, 30 %, 68, 43.30 W, 1125 MHz
2026/09/30 04:38:12.275, Tesla T4, 2309 MiB, 15360 MiB, 28 %, 68, 40.25 W, 1125 MHz
2026/09/30 04:38:12.782, Tesla T4, 2309 MiB, 15360 MiB, 35 %, 68, 38.50 W, 885 MHz
2026/09/30 04:38:13.289, Tesla T4, 2309 MiB, 15360 MiB, 35 %, 68, 39.72 W, 870 MHz
2026/09/30 04:38:13.797, Tesla T4, 2309 MiB, 15360 MiB, 57 %, 68, 38.89 W, 1215 MHz
2026/09/30 04:38:14.304, Tesla T4, 2309 MiB, 15360 MiB, 29 %, 68, 41.33 W, 1215 MHz
2026/09/30 04:38:14.811, Tesla T4, 2309 MiB, 15360 MiB, 29 %, 69, 48.73 W, 1215 MHz
2026/09/30 04:38:15.317, Tesla T4, 2309 MiB, 15360 MiB, 26 %, 69, 48.83 W, 1425 MHz
2026/09/30 04:38:15.822, Tesla T4, 2309 MiB, 15360 MiB, 26 %, 69, 46.30 W, 1425 MHz
2026/09/30 04:38:16.328, Tesla T4, 2309 MiB, 15360 MiB, 26 %, 69, 44.47 W, 1425 MHz
2026/09/30 04:38:16.835, Tesla T4, 2309 MiB, 15360 MiB, 26 %, 69, 38.38 W, 1065 MHz
2026/09/30 04:38:17.341, Tesla T4, 2309 MiB, 15360 MiB, 31 %, 69, 39.41 W, 990 MHz
2026/09/30 04:38:17.854, Tesla T4, 2309 MiB, 15360 MiB, 33 %, 68, 37.73 W, 960 MHz
2026/09/30 04:38:18.362, Tesla T4, 2309 MiB, 15360 MiB, 31 %, 68, 38.20 W, 915 MHz
2026/09/30 04:38:18.869, Tesla T4, 2309 MiB, 15360 MiB, 57 %, 68, 41.90 W, 1290 MHz
2026/09/30 04:38:19.375, Tesla T4, 2309 MiB, 15360 MiB, 44 %, 69, 45.34 W, 1425 MHz
2026/09/30 04:38:19.881, Tesla T4, 2309 MiB, 15360 MiB, 26 %, 69, 45.93 W, 1425 MHz
2026/09/30 04:38:20.387, Tesla T4, 2309 MiB, 15360 MiB, 18 %, 69, 43.42 W, 1425 MHz
2026/09/30 04:38:20.901, Tesla T4, 2309 MiB, 15360 MiB, 21 %, 69, 43.22 W, 1425 MHz
2026/09/30 04:38:21.414, Tesla T4, 2309 MiB, 15360 MiB, 27 %, 69, 35.97 W, 900 MHz
2026/09/30 04:38:21.932, Tesla T4, 2309 MiB, 15360 MiB, 26 %, 68, 35.56 W, 840 MHz
2026/09/30 04:38:22.445, Tesla T4, 2309 MiB, 15360 MiB, 24 %, 68, 34.81 W, 765 MHz
2026/09/30 04:38:22.958, Tesla T4, 2309 MiB, 15360 MiB, 34 %, 68, 39.19 W, 720 MHz
2026/09/30 04:38:23.468, Tesla T4, 2309 MiB, 15360 MiB, 38 %, 68, 37.33 W, 720 MHz
2026/09/30 04:38:23.976, Tesla T4, 2309 MiB, 15360 MiB, 38 %, 68, 37.04 W, 705 MHz
2026/09/30 04:38:24.483, Tesla T4, 2309 MiB, 15360 MiB, 39 %, 68, 37.26 W, 705 MHz
2026/09/30 04:38:24.991, Tesla T4, 2309 MiB, 15360 MiB, 38 %, 68, 39.58 W, 705 MHz
2026/09/30 04:38:25.499, Tesla T4, 2309 MiB, 15360 MiB, 39 %, 68, 36.94 W, 705 MHz
2026/09/30 04:38:26.006, Tesla T4, 2309 MiB, 15360 MiB, 38 %, 68, 39.60 W, 705 MHz
2026/09/30 04:38:26.514, Tesla T4, 2309 MiB, 15360 MiB, 39 %, 68, 39.70 W, 705 MHz
2026/09/30 04:38:27.024, Tesla T4, 2309 MiB, 15360 MiB, 63 %, 68, 36.78 W, 1110 MHz
2026/09/30 04:38:27.530, Tesla T4, 2309 MiB, 15360 MiB, 29 %, 68, 41.75 W, 1110 MHz
2026/09/30 04:38:28.036, Tesla T4, 2309 MiB, 15360 MiB, 29 %, 68, 41.03 W, 1110 MHz
2026/09/30 04:38:28.543, Tesla T4, 2309 MiB, 15360 MiB, 28 %, 68, 50.07 W, 1110 MHz
2026/09/30 04:38:29.050, Tesla T4, 2309 MiB, 15360 MiB, 25 %, 69, 44.33 W, 1380 MHz
2026/09/30 04:38:29.557, Tesla T4, 2309 MiB, 15360 MiB, 26 %, 69, 46.03 W, 1380 MHz
2026/09/30 04:38:30.063, Tesla T4, 2309 MiB, 15360 MiB, 24 %, 69, 43.91 W, 1380 MHz
2026/09/30 04:38:30.569, Tesla T4, 2309 MiB, 15360 MiB, 26 %, 69, 38.69 W, 1020 MHz
2026/09/30 04:38:31.076, Tesla T4, 2309 MiB, 15360 MiB, 29 %, 68, 37.73 W, 960 MHz
2026/09/30 04:38:31.582, Tesla T4, 2309 MiB, 15360 MiB, 32 %, 68, 37.65 W, 930 MHz
2026/09/30 04:38:32.090, Tesla T4, 2309 MiB, 15360 MiB, 24 %, 69, 43.18 W, 1305 MHz
2026/09/30 04:38:32.596, Tesla T4, 2309 MiB, 15360 MiB, 27 %, 69, 42.71 W, 1305 MHz
2026/09/30 04:38:33.104, Tesla T4, 2309 MiB, 15360 MiB, 17 %, 69, 40.25 W, 1305 MHz
2026/09/30 04:38:33.617, Tesla T4, 2309 MiB, 15360 MiB, 22 %, 69, 43.69 W, 855 MHz
2026/09/30 04:38:34.136, Tesla T4, 2309 MiB, 15360 MiB, 27 %, 68, 35.66 W, 810 MHz
2026/09/30 04:38:34.657, Tesla T4, 2309 MiB, 15360 MiB, 27 %, 68, 36.25 W, 750 MHz
2026/09/30 04:38:35.174, Tesla T4, 2309 MiB, 15360 MiB, 24 %, 68, 35.48 W, 705 MHz
2026/09/30 04:38:35.688, Tesla T4, 2309 MiB, 15360 MiB, 30 %, 68, 40.15 W, 1095 MHz
2026/09/30 04:38:36.195, Tesla T4, 2309 MiB, 15360 MiB, 31 %, 68, 43.87 W, 1290 MHz
2026/09/30 04:38:36.702, Tesla T4, 2309 MiB, 15360 MiB, 28 %, 68, 43.60 W, 1290 MHz
2026/09/30 04:38:37.208, Tesla T4, 2309 MiB, 15360 MiB, 27 %, 68, 42.66 W, 1290 MHz
2026/09/30 04:38:37.714, Tesla T4, 2309 MiB, 15360 MiB, 46 %, 69, 53.58 W, 1515 MHz
2026/09/30 04:38:38.220, Tesla T4, 2309 MiB, 15360 MiB, 24 %, 69, 49.45 W, 1575 MHz
2026/09/30 04:38:38.728, Tesla T4, 2309 MiB, 15360 MiB, 25 %, 69, 52.83 W, 1575 MHz
2026/09/30 04:38:39.234, Tesla T4, 2309 MiB, 15360 MiB, 23 %, 69, 54.30 W, 1575 MHz
2026/09/30 04:38:39.739, Tesla T4, 2309 MiB, 15360 MiB, 40 %, 70, 50.89 W, 1590 MHz
2026/09/30 04:38:40.246, Tesla T4, 2309 MiB, 15360 MiB, 27 %, 70, 53.42 W, 1590 MHz
2026/09/30 04:38:40.755, Tesla T4, 2309 MiB, 15360 MiB, 24 %, 70, 52.11 W, 1590 MHz
2026/09/30 04:38:41.261, Tesla T4, 2309 MiB, 15360 MiB, 25 %, 70, 54.30 W, 1590 MHz
2026/09/30 04:38:41.767, Tesla T4, 2309 MiB, 15360 MiB, 29 %, 70, 49.51 W, 1170 MHz
2026/09/30 04:38:42.273, Tesla T4, 2309 MiB, 15360 MiB, 28 %, 70, 48.88 W, 1425 MHz
2026/09/30 04:38:42.780, Tesla T4, 2309 MiB, 15360 MiB, 26 %, 70, 47.74 W, 1455 MHz
2026/09/30 04:38:43.286, Tesla T4, 2309 MiB, 15360 MiB, 25 %, 70, 48.24 W, 1455 MHz
2026/09/30 04:38:43.792, Tesla T4, 2309 MiB, 15360 MiB, 26 %, 70, 48.42 W, 1455 MHz
2026/09/30 04:38:44.297, Tesla T4, 2309 MiB, 15360 MiB, 37 %, 70, 46.89 W, 1380 MHz
2026/09/30 04:38:44.803, Tesla T4, 2309 MiB, 15360 MiB, 27 %, 70, 51.78 W, 1515 MHz
2026/09/30 04:38:45.310, Tesla T4, 2309 MiB, 15360 MiB, 26 %, 70, 52.30 W, 1515 MHz
2026/09/30 04:38:45.822, Tesla T4, 2309 MiB, 15360 MiB, 18 %, 70, 46.96 W, 1515 MHz
2026/09/30 04:38:46.332, Tesla T4, 2309 MiB, 15360 MiB, 20 %, 70, 44.75 W, 990 MHz
2026/09/30 04:38:46.851, Tesla T4, 2309 MiB, 15360 MiB, 21 %, 70, 39.19 W, 1260 MHz
2026/09/30 04:38:47.362, Tesla T4, 2309 MiB, 15360 MiB, 20 %, 70, 39.70 W, 1260 MHz
2026/09/30 04:38:47.871, Tesla T4, 2309 MiB, 15360 MiB, 19 %, 70, 41.55 W, 1260 MHz
2026/09/30 04:38:48.377, Tesla T4, 2309 MiB, 15360 MiB, 26 %, 69, 42.73 W, 975 MHz
2026/09/30 04:38:48.884, Tesla T4, 2309 MiB, 15360 MiB, 31 %, 69, 39.68 W, 915 MHz
2026/09/30 04:38:49.393, Tesla T4, 2309 MiB, 15360 MiB, 35 %, 69, 37.63 W, 900 MHz
2026/09/30 04:38:49.900, Tesla T4, 2309 MiB, 15360 MiB, 25 %, 69, 44.95 W, 1290 MHz
2026/09/30 04:38:50.406, Tesla T4, 2309 MiB, 15360 MiB, 29 %, 69, 44.51 W, 1290 MHz
2026/09/30 04:38:50.913, Tesla T4, 2309 MiB, 15360 MiB, 24 %, 70, 50.53 W, 1515 MHz
2026/09/30 04:38:51.419, Tesla T4, 2309 MiB, 15360 MiB, 24 %, 70, 48.33 W, 1515 MHz
2026/09/30 04:38:51.924, Tesla T4, 2309 MiB, 15360 MiB, 20 %, 70, 50.50 W, 1515 MHz
2026/09/30 04:38:52.430, Tesla T4, 2309 MiB, 15360 MiB, 25 %, 70, 53.91 W, 1515 MHz
2026/09/30 04:38:52.935, Tesla T4, 2309 MiB, 15360 MiB, 28 %, 69, 40.07 W, 1065 MHz
2026/09/30 04:38:53.442, Tesla T4, 2309 MiB, 15360 MiB, 32 %, 70, 42.64 W, 1035 MHz
2026/09/30 04:38:53.949, Tesla T4, 2309 MiB, 15360 MiB, 29 %, 69, 38.30 W, 975 MHz
2026/09/30 04:38:54.456, Tesla T4, 2309 MiB, 15360 MiB, 34 %, 69, 39.31 W, 945 MHz
2026/09/30 04:38:54.963, Tesla T4, 2309 MiB, 15360 MiB, 25 %, 70, 43.15 W, 1335 MHz
2026/09/30 04:38:55.469, Tesla T4, 2309 MiB, 15360 MiB, 26 %, 70, 46.42 W, 1335 MHz
2026/09/30 04:38:55.976, Tesla T4, 2309 MiB, 15360 MiB, 25 %, 70, 43.27 W, 1335 MHz
2026/09/30 04:38:56.481, Tesla T4, 2309 MiB, 15360 MiB, 21 %, 69, 38.60 W, 990 MHz
2026/09/30 04:38:56.992, Tesla T4, 2309 MiB, 15360 MiB, 0 %, 69, 32.05 W, 825 MHz
2026/09/30 04:38:57.500, Tesla T4, 2309 MiB, 15360 MiB, 0 %, 69, 31.93 W, 615 MHz
2026/09/30 04:38:58.008, Tesla T4, 2309 MiB, 15360 MiB, 0 %, 69, 31.85 W, 585 MHz
2026/09/30 04:38:58.524, Tesla T4, 0 MiB, 15360 MiB, 11 %, 69, 32.64 W, 585 MHz
2026/09/30 04:38:59.036, Tesla T4, 0 MiB, 15360 MiB, 0 %, 68, 31.75 W, 585 MHz
2026/09/30 04:38:59.549, Tesla T4, 0 MiB, 15360 MiB, 0 %, 68, 31.73 W, 585 MHz
2026/09/30 04:39:00.060, Tesla T4, 0 MiB, 15360 MiB, 0 %, 68, 31.65 W, 345 MHz
2026/09/30 04:39:00.581, Tesla T4, 0 MiB, 15360 MiB, 0 %, 68, 31.45 W, 345 MHz
2026/09/30 04:39:01.089, Tesla T4, 0 MiB, 15360 MiB, 0 %, 68, 31.45 W, 345 MHz
2026/09/30 04:39:01.597, Tesla T4, 0 MiB, 15360 MiB, 0 %, 68, 20.64 W, 345 MHz
2026/09/30 04:39:02.107, Tesla T4, 0 MiB, 15360 MiB, 0 %, 67, 12.93 W, 300 MHz
2026/09/30 04:39:02.618, Tesla T4, 0 MiB, 15360 MiB, 0 %, 67, 12.93 W, 300 MHz
2026/09/30 04:39:03.128, Tesla T4, 0 MiB, 15360 MiB, 0 %, 66, 12.93 W, 300 MHz
2026/09/30 04:39:03.639, Tesla T4, 0 MiB, 15360 MiB, 0 %, 66, 12.73 W, 300 MHz
2026/09/30 04:39:04.149, Tesla T4, 0 MiB, 15360 MiB, 0 %, 66, 12.83 W, 300 MHz
2026/09/30 04:39:04.660, Tesla T4, 0 MiB, 15360 MiB, 0 %, 66, 12.73 W, 300 MHz
2026/09/30 04:39:05.170, Tesla T4, 0 MiB, 15360 MiB, 0 %, 66, 12.83 W, 300 MHz
2026/09/30 04:39:05.683, Tesla T4, 0 MiB, 15360 MiB, 0 %, 66, 12.72 W, 300 MHz
2026/09/30 04:39:06.195, Tesla T4, 0 MiB, 15360 MiB, 0 %, 65, 12.93 W, 300 MHz
2026/09/30 04:39:06.706, Tesla T4, 0 MiB, 15360 MiB, 0 %, 65, 12.73 W, 300 MHz
2026/09/30 04:39:07.218, Tesla T4, 0 MiB, 15360 MiB, 0 %, 65, 12.83 W, 300 MHz
2026/09/30 04:39:07.729, Tesla T4, 0 MiB, 15360 MiB, 0 %, 65, 13.03 W, 300 MHz
2026/09/30 04:39:08.240, Tesla T4, 0 MiB, 15360 MiB, 0 %, 65, 12.93 W, 300 MHz
2026/09/30 04:39:08.750, Tesla T4, 0 MiB, 15360 MiB, 0 %, 65, 12.73 W, 300 MHz
2026/09/30 04:39:09.260, Tesla T4, 0 MiB, 15360 MiB, 0 %, 65, 12.72 W, 300 MHz
2026/09/30 04:39:09.771, Tesla T4, 13 MiB, 15360 MiB, 0 %, 65, 26.05 W, 750 MHz
2026/09/30 04:39:10.279, Tesla T4, 1097 MiB, 15360 MiB, 31 %, 65, 31.45 W, 750 MHz
2026/09/30 04:39:10.785, Tesla T4, 1097 MiB, 15360 MiB, 0 %, 65, 31.37 W, 750 MHz
2026/09/30 04:39:11.293, Tesla T4, 1097 MiB, 15360 MiB, 0 %, 65, 31.45 W, 750 MHz
2026/09/30 04:39:11.807, Tesla T4, 1097 MiB, 15360 MiB, 0 %, 65, 31.27 W, 585 MHz
2026/09/30 04:39:12.316, Tesla T4, 1097 MiB, 15360 MiB, 0 %, 65, 31.26 W, 585 MHz
2026/09/30 04:39:12.825, Tesla T4, 1097 MiB, 15360 MiB, 0 %, 65, 31.26 W, 585 MHz
2026/09/30 04:39:13.333, Tesla T4, 1097 MiB, 15360 MiB, 0 %, 65, 31.26 W, 585 MHz
2026/09/30 04:39:13.839, Tesla T4, 1097 MiB, 15360 MiB, 0 %, 65, 31.26 W, 585 MHz
2026/09/30 04:39:14.347, Tesla T4, 1097 MiB, 15360 MiB, 0 %, 65, 31.27 W, 585 MHz
2026/09/30 04:39:14.853, Tesla T4, 2111 MiB, 15360 MiB, 32 %, 65, 31.75 W, 585 MHz
2026/09/30 04:39:15.360, Tesla T4, 2147 MiB, 15360 MiB, 61 %, 66, 32.93 W, 900 MHz
2026/09/30 04:39:15.867, Tesla T4, 2147 MiB, 15360 MiB, 34 %, 66, 36.40 W, 900 MHz
2026/09/30 04:39:16.374, Tesla T4, 2147 MiB, 15360 MiB, 35 %, 66, 37.75 W, 900 MHz
2026/09/30 04:39:16.882, Tesla T4, 2147 MiB, 15360 MiB, 36 %, 66, 35.34 W, 900 MHz
2026/09/30 04:39:17.389, Tesla T4, 2149 MiB, 15360 MiB, 35 %, 66, 36.43 W, 810 MHz
2026/09/30 04:39:17.896, Tesla T4, 2149 MiB, 15360 MiB, 35 %, 66, 35.38 W, 795 MHz
2026/09/30 04:39:18.405, Tesla T4, 2149 MiB, 15360 MiB, 34 %, 66, 36.17 W, 750 MHz
2026/09/30 04:39:18.913, Tesla T4, 2305 MiB, 15360 MiB, 74 %, 67, 70.60 W, 1020 MHz
2026/09/30 04:39:19.420, Tesla T4, 2307 MiB, 15360 MiB, 32 %, 67, 55.28 W, 1590 MHz
2026/09/30 04:39:19.926, Tesla T4, 2307 MiB, 15360 MiB, 32 %, 67, 54.33 W, 1590 MHz
2026/09/30 04:39:20.432, Tesla T4, 2307 MiB, 15360 MiB, 32 %, 68, 54.89 W, 1590 MHz
2026/09/30 04:39:20.940, Tesla T4, 2309 MiB, 15360 MiB, 32 %, 68, 49.61 W, 1590 MHz
2026/09/30 04:39:21.447, Tesla T4, 2309 MiB, 15360 MiB, 32 %, 67, 47.08 W, 1320 MHz
2026/09/30 04:39:21.953, Tesla T4, 2309 MiB, 15360 MiB, 35 %, 67, 44.31 W, 1260 MHz
2026/09/30 04:39:22.471, Tesla T4, 2309 MiB, 15360 MiB, 36 %, 67, 44.36 W, 1245 MHz
2026/09/30 04:39:22.987, Tesla T4, 2309 MiB, 15360 MiB, 28 %, 67, 42.46 W, 1140 MHz
2026/09/30 04:39:23.500, Tesla T4, 2309 MiB, 15360 MiB, 31 %, 67, 37.51 W, 1095 MHz
2026/09/30 04:39:24.012, Tesla T4, 2309 MiB, 15360 MiB, 21 %, 67, 50.23 W, 1575 MHz
2026/09/30 04:39:24.524, Tesla T4, 2309 MiB, 15360 MiB, 36 %, 68, 50.23 W, 1575 MHz
2026/09/30 04:39:25.035, Tesla T4, 2309 MiB, 15360 MiB, 17 %, 68, 50.01 W, 1575 MHz
2026/09/30 04:39:25.541, Tesla T4, 2309 MiB, 15360 MiB, 26 %, 68, 51.87 W, 1575 MHz
2026/09/30 04:39:26.047, Tesla T4, 2309 MiB, 15360 MiB, 30 %, 67, 43.00 W, 1110 MHz
2026/09/30 04:39:26.553, Tesla T4, 2309 MiB, 15360 MiB, 31 %, 67, 41.72 W, 1065 MHz
2026/09/30 04:39:27.060, Tesla T4, 2309 MiB, 15360 MiB, 31 %, 67, 40.86 W, 1005 MHz
2026/09/30 04:39:27.567, Tesla T4, 2309 MiB, 15360 MiB, 32 %, 67, 39.70 W, 975 MHz
2026/09/30 04:39:28.074, Tesla T4, 2309 MiB, 15360 MiB, 33 %, 67, 38.32 W, 930 MHz
2026/09/30 04:39:28.581, Tesla T4, 2309 MiB, 15360 MiB, 33 %, 67, 37.04 W, 900 MHz
2026/09/30 04:39:29.088, Tesla T4, 2309 MiB, 15360 MiB, 35 %, 67, 36.74 W, 885 MHz
2026/09/30 04:39:29.598, Tesla T4, 2309 MiB, 15360 MiB, 48 %, 67, 46.69 W, 1020 MHz
2026/09/30 04:39:30.105, Tesla T4, 2309 MiB, 15360 MiB, 28 %, 67, 45.17 W, 1335 MHz
2026/09/30 04:39:30.611, Tesla T4, 2309 MiB, 15360 MiB, 29 %, 67, 46.18 W, 1335 MHz
2026/09/30 04:39:31.117, Tesla T4, 2309 MiB, 15360 MiB, 28 %, 67, 43.96 W, 1335 MHz
2026/09/30 04:39:31.622, Tesla T4, 2309 MiB, 15360 MiB, 29 %, 67, 44.33 W, 1050 MHz
2026/09/30 04:39:32.132, Tesla T4, 2309 MiB, 15360 MiB, 26 %, 68, 48.60 W, 1470 MHz
2026/09/30 04:39:32.638, Tesla T4, 2309 MiB, 15360 MiB, 26 %, 68, 49.54 W, 1470 MHz
2026/09/30 04:39:33.143, Tesla T4, 2309 MiB, 15360 MiB, 26 %, 68, 46.40 W, 1470 MHz
2026/09/30 04:39:33.649, Tesla T4, 2309 MiB, 15360 MiB, 27 %, 68, 49.57 W, 1095 MHz
2026/09/30 04:39:34.157, Tesla T4, 2309 MiB, 15360 MiB, 30 %, 68, 39.09 W, 1050 MHz
2026/09/30 04:39:34.664, Tesla T4, 2309 MiB, 15360 MiB, 31 %, 67, 42.24 W, 990 MHz
2026/09/30 04:39:35.171, Tesla T4, 2309 MiB, 15360 MiB, 29 %, 67, 36.55 W, 960 MHz
2026/09/30 04:39:35.683, Tesla T4, 2309 MiB, 15360 MiB, 25 %, 67, 38.03 W, 855 MHz
2026/09/30 04:39:36.197, Tesla T4, 2309 MiB, 15360 MiB, 27 %, 67, 37.12 W, 810 MHz
2026/09/30 04:39:36.709, Tesla T4, 2309 MiB, 15360 MiB, 25 %, 67, 39.09 W, 750 MHz
2026/09/30 04:39:37.225, Tesla T4, 2309 MiB, 15360 MiB, 27 %, 67, 35.70 W, 690 MHz
2026/09/30 04:39:37.743, Tesla T4, 2309 MiB, 15360 MiB, 33 %, 67, 39.11 W, 660 MHz
2026/09/30 04:39:38.251, Tesla T4, 2309 MiB, 15360 MiB, 41 %, 67, 37.43 W, 690 MHz
2026/09/30 04:39:38.758, Tesla T4, 2309 MiB, 15360 MiB, 39 %, 67, 36.53 W, 690 MHz
2026/09/30 04:39:39.265, Tesla T4, 2309 MiB, 15360 MiB, 31 %, 67, 42.61 W, 1035 MHz
2026/09/30 04:39:39.772, Tesla T4, 2309 MiB, 15360 MiB, 33 %, 68, 40.57 W, 1035 MHz
2026/09/30 04:39:40.280, Tesla T4, 2309 MiB, 15360 MiB, 30 %, 68, 54.59 W, 1590 MHz
2026/09/30 04:39:40.787, Tesla T4, 2309 MiB, 15360 MiB, 30 %, 68, 50.63 W, 1590 MHz
2026/09/30 04:39:41.297, Tesla T4, 2309 MiB, 15360 MiB, 29 %, 69, 55.77 W, 1590 MHz
2026/09/30 04:39:41.802, Tesla T4, 2309 MiB, 15360 MiB, 96 %, 69, 41.50 W, 1575 MHz
2026/09/30 04:39:42.308, Tesla T4, 2309 MiB, 15360 MiB, 35 %, 69, 51.74 W, 1590 MHz
2026/09/30 04:39:42.813, Tesla T4, 2309 MiB, 15360 MiB, 29 %, 69, 53.58 W, 1590 MHz
2026/09/30 04:39:43.321, Tesla T4, 2309 MiB, 15360 MiB, 30 %, 69, 55.84 W, 1590 MHz
2026/09/30 04:39:43.827, Tesla T4, 2309 MiB, 15360 MiB, 30 %, 69, 54.46 W, 1590 MHz
2026/09/30 04:39:44.333, Tesla T4, 2309 MiB, 15360 MiB, 33 %, 69, 44.75 W, 1230 MHz
2026/09/30 04:39:44.839, Tesla T4, 2309 MiB, 15360 MiB, 34 %, 68, 42.83 W, 1200 MHz
2026/09/30 04:39:45.352, Tesla T4, 2309 MiB, 15360 MiB, 34 %, 68, 43.06 W, 1140 MHz
2026/09/30 04:39:45.860, Tesla T4, 2309 MiB, 15360 MiB, 33 %, 68, 42.22 W, 1110 MHz
2026/09/30 04:39:46.370, Tesla T4, 2309 MiB, 15360 MiB, 34 %, 68, 40.81 W, 1065 MHz
2026/09/30 04:39:46.876, Tesla T4, 2309 MiB, 15360 MiB, 35 %, 68, 40.84 W, 1035 MHz
2026/09/30 04:39:47.383, Tesla T4, 2309 MiB, 15360 MiB, 36 %, 68, 42.69 W, 1020 MHz
2026/09/30 04:39:47.890, Tesla T4, 2309 MiB, 15360 MiB, 26 %, 68, 38.47 W, 945 MHz
2026/09/30 04:39:48.404, Tesla T4, 2309 MiB, 15360 MiB, 29 %, 68, 37.55 W, 900 MHz
2026/09/30 04:39:48.915, Tesla T4, 2309 MiB, 15360 MiB, 32 %, 68, 37.43 W, 840 MHz
2026/09/30 04:39:49.428, Tesla T4, 2309 MiB, 15360 MiB, 29 %, 68, 37.55 W, 810 MHz
2026/09/30 04:39:49.943, Tesla T4, 2309 MiB, 15360 MiB, 27 %, 68, 36.37 W, 750 MHz
2026/09/30 04:39:50.455, Tesla T4, 2309 MiB, 15360 MiB, 38 %, 68, 40.12 W, 720 MHz
2026/09/30 04:39:50.962, Tesla T4, 2309 MiB, 15360 MiB, 40 %, 68, 40.91 W, 870 MHz
2026/09/30 04:39:51.470, Tesla T4, 2309 MiB, 15360 MiB, 38 %, 68, 49.35 W, 1365 MHz
2026/09/30 04:39:51.985, Tesla T4, 2309 MiB, 15360 MiB, 24 %, 69, 52.24 W, 1590 MHz
2026/09/30 04:39:52.490, Tesla T4, 2309 MiB, 15360 MiB, 26 %, 69, 54.85 W, 1590 MHz
2026/09/30 04:39:52.996, Tesla T4, 2309 MiB, 15360 MiB, 24 %, 69, 50.93 W, 1590 MHz
2026/09/30 04:39:53.503, Tesla T4, 2309 MiB, 15360 MiB, 25 %, 69, 52.96 W, 1140 MHz
2026/09/30 04:39:54.009, Tesla T4, 2309 MiB, 15360 MiB, 28 %, 69, 39.11 W, 1095 MHz
2026/09/30 04:39:54.515, Tesla T4, 2309 MiB, 15360 MiB, 31 %, 68, 40.37 W, 1020 MHz
2026/09/30 04:39:55.022, Tesla T4, 2309 MiB, 15360 MiB, 31 %, 68, 39.56 W, 990 MHz
2026/09/30 04:39:55.529, Tesla T4, 2309 MiB, 15360 MiB, 34 %, 68, 38.81 W, 945 MHz
2026/09/30 04:39:56.036, Tesla T4, 2309 MiB, 15360 MiB, 32 %, 68, 38.62 W, 915 MHz
2026/09/30 04:39:56.544, Tesla T4, 2309 MiB, 15360 MiB, 32 %, 68, 38.91 W, 870 MHz
2026/09/30 04:39:57.051, Tesla T4, 2309 MiB, 15360 MiB, 34 %, 68, 37.41 W, 855 MHz
2026/09/30 04:39:57.562, Tesla T4, 2309 MiB, 15360 MiB, 34 %, 68, 39.09 W, 825 MHz
2026/09/30 04:39:58.069, Tesla T4, 2309 MiB, 15360 MiB, 34 %, 68, 39.23 W, 810 MHz
2026/09/30 04:39:58.576, Tesla T4, 2309 MiB, 15360 MiB, 35 %, 68, 36.92 W, 795 MHz
2026/09/30 04:39:59.084, Tesla T4, 2309 MiB, 15360 MiB, 35 %, 68, 37.63 W, 780 MHz
2026/09/30 04:39:59.592, Tesla T4, 2309 MiB, 15360 MiB, 36 %, 68, 37.63 W, 765 MHz
2026/09/30 04:40:00.099, Tesla T4, 2309 MiB, 15360 MiB, 38 %, 68, 37.43 W, 750 MHz
2026/09/30 04:40:00.614, Tesla T4, 2309 MiB, 15360 MiB, 25 %, 68, 36.96 W, 705 MHz
2026/09/30 04:40:01.135, Tesla T4, 2309 MiB, 15360 MiB, 24 %, 68, 36.86 W, 1020 MHz
2026/09/30 04:40:01.654, Tesla T4, 2309 MiB, 15360 MiB, 25 %, 68, 38.00 W, 1020 MHz
2026/09/30 04:40:02.174, Tesla T4, 2309 MiB, 15360 MiB, 41 %, 68, 48.63 W, 1350 MHz
2026/09/30 04:40:02.694, Tesla T4, 2309 MiB, 15360 MiB, 19 %, 68, 43.10 W, 1350 MHz
2026/09/30 04:40:03.207, Tesla T4, 2309 MiB, 15360 MiB, 32 %, 69, 48.21 W, 1350 MHz
2026/09/30 04:40:03.713, Tesla T4, 2309 MiB, 15360 MiB, 32 %, 69, 42.04 W, 1350 MHz
2026/09/30 04:40:04.219, Tesla T4, 2309 MiB, 15360 MiB, 25 %, 69, 52.99 W, 1590 MHz
2026/09/30 04:40:04.725, Tesla T4, 2309 MiB, 15360 MiB, 26 %, 69, 54.00 W, 1590 MHz
2026/09/30 04:40:05.242, Tesla T4, 2309 MiB, 15360 MiB, 25 %, 69, 53.84 W, 1590 MHz
2026/09/30 04:40:05.749, Tesla T4, 2309 MiB, 15360 MiB, 26 %, 69, 57.57 W, 1155 MHz
2026/09/30 04:40:06.267, Tesla T4, 2309 MiB, 15360 MiB, 30 %, 69, 41.26 W, 1095 MHz
2026/09/30 04:40:06.773, Tesla T4, 2309 MiB, 15360 MiB, 30 %, 69, 39.36 W, 1035 MHz
2026/09/30 04:40:07.280, Tesla T4, 2309 MiB, 15360 MiB, 30 %, 69, 39.28 W, 975 MHz
2026/09/30 04:40:07.788, Tesla T4, 2309 MiB, 15360 MiB, 31 %, 68, 38.34 W, 930 MHz
2026/09/30 04:40:08.295, Tesla T4, 2309 MiB, 15360 MiB, 33 %, 68, 37.49 W, 885 MHz
2026/09/30 04:40:08.802, Tesla T4, 2309 MiB, 15360 MiB, 34 %, 68, 38.22 W, 855 MHz
2026/09/30 04:40:09.311, Tesla T4, 2309 MiB, 15360 MiB, 34 %, 68, 39.28 W, 825 MHz
2026/09/30 04:40:09.826, Tesla T4, 2309 MiB, 15360 MiB, 37 %, 68, 38.87 W, 810 MHz
2026/09/30 04:40:10.334, Tesla T4, 2309 MiB, 15360 MiB, 38 %, 68, 39.21 W, 795 MHz
2026/09/30 04:40:10.842, Tesla T4, 2309 MiB, 15360 MiB, 39 %, 68, 39.19 W, 780 MHz
2026/09/30 04:40:11.350, Tesla T4, 2309 MiB, 15360 MiB, 37 %, 68, 39.60 W, 765 MHz
2026/09/30 04:40:11.858, Tesla T4, 2309 MiB, 15360 MiB, 34 %, 68, 38.00 W, 750 MHz
2026/09/30 04:40:12.368, Tesla T4, 2309 MiB, 15360 MiB, 37 %, 68, 38.60 W, 720 MHz
2026/09/30 04:40:12.875, Tesla T4, 2309 MiB, 15360 MiB, 38 %, 68, 42.98 W, 720 MHz
2026/09/30 04:40:13.392, Tesla T4, 2309 MiB, 15360 MiB, 22 %, 68, 40.64 W, 1125 MHz
2026/09/30 04:40:13.908, Tesla T4, 2309 MiB, 15360 MiB, 22 %, 68, 40.69 W, 1125 MHz
2026/09/30 04:40:14.433, Tesla T4, 2309 MiB, 15360 MiB, 23 %, 68, 39.58 W, 1125 MHz
2026/09/30 04:40:14.951, Tesla T4, 2309 MiB, 15360 MiB, 20 %, 68, 38.15 W, 750 MHz
2026/09/30 04:40:15.465, Tesla T4, 2309 MiB, 15360 MiB, 23 %, 68, 38.69 W, 675 MHz
2026/09/30 04:40:15.972, Tesla T4, 2309 MiB, 15360 MiB, 40 %, 68, 39.06 W, 690 MHz
2026/09/30 04:40:16.488, Tesla T4, 2309 MiB, 15360 MiB, 37 %, 68, 37.33 W, 690 MHz
2026/09/30 04:40:16.995, Tesla T4, 2309 MiB, 15360 MiB, 39 %, 68, 40.25 W, 690 MHz
2026/09/30 04:40:17.503, Tesla T4, 2309 MiB, 15360 MiB, 37 %, 68, 40.00 W, 690 MHz
2026/09/30 04:40:18.010, Tesla T4, 2309 MiB, 15360 MiB, 39 %, 68, 39.72 W, 705 MHz
2026/09/30 04:40:18.524, Tesla T4, 2309 MiB, 15360 MiB, 36 %, 68, 38.03 W, 705 MHz
2026/09/30 04:40:19.031, Tesla T4, 2309 MiB, 15360 MiB, 39 %, 68, 37.12 W, 720 MHz
2026/09/30 04:40:19.539, Tesla T4, 2309 MiB, 15360 MiB, 39 %, 68, 38.15 W, 720 MHz
2026/09/30 04:40:20.048, Tesla T4, 2309 MiB, 15360 MiB, 39 %, 68, 38.50 W, 720 MHz
2026/09/30 04:40:20.555, Tesla T4, 2309 MiB, 15360 MiB, 40 %, 68, 37.16 W, 720 MHz
2026/09/30 04:40:21.062, Tesla T4, 2309 MiB, 15360 MiB, 40 %, 68, 38.03 W, 735 MHz
2026/09/30 04:40:21.572, Tesla T4, 2309 MiB, 15360 MiB, 40 %, 68, 35.44 W, 735 MHz
2026/09/30 04:40:22.079, Tesla T4, 2309 MiB, 15360 MiB, 39 %, 68, 38.60 W, 735 MHz
2026/09/30 04:40:22.586, Tesla T4, 2309 MiB, 15360 MiB, 49 %, 69, 60.48 W, 900 MHz
2026/09/30 04:40:23.096, Tesla T4, 2309 MiB, 15360 MiB, 28 %, 69, 56.13 W, 1590 MHz
2026/09/30 04:40:23.601, Tesla T4, 2309 MiB, 15360 MiB, 28 %, 69, 54.53 W, 1590 MHz
2026/09/30 04:40:24.109, Tesla T4, 2309 MiB, 15360 MiB, 28 %, 69, 54.76 W, 1590 MHz
2026/09/30 04:40:24.614, Tesla T4, 2309 MiB, 15360 MiB, 30 %, 69, 42.41 W, 1230 MHz
2026/09/30 04:40:25.121, Tesla T4, 2309 MiB, 15360 MiB, 25 %, 69, 54.56 W, 1575 MHz
2026/09/30 04:40:25.628, Tesla T4, 2309 MiB, 15360 MiB, 16 %, 69, 51.71 W, 1575 MHz
2026/09/30 04:40:26.144, Tesla T4, 2309 MiB, 15360 MiB, 20 %, 69, 60.60 W, 1575 MHz
2026/09/30 04:40:26.661, Tesla T4, 2309 MiB, 15360 MiB, 21 %, 69, 49.54 W, 990 MHz
2026/09/30 04:40:27.179, Tesla T4, 2309 MiB, 15360 MiB, 27 %, 69, 37.26 W, 930 MHz
2026/09/30 04:40:27.697, Tesla T4, 2309 MiB, 15360 MiB, 26 %, 69, 35.72 W, 840 MHz
2026/09/30 04:40:28.208, Tesla T4, 2309 MiB, 15360 MiB, 25 %, 68, 37.43 W, 780 MHz
2026/09/30 04:40:28.716, Tesla T4, 2309 MiB, 15360 MiB, 48 %, 68, 36.15 W, 915 MHz
2026/09/30 04:40:29.224, Tesla T4, 2309 MiB, 15360 MiB, 26 %, 68, 40.47 W, 1065 MHz
2026/09/30 04:40:29.731, Tesla T4, 2309 MiB, 15360 MiB, 26 %, 68, 40.25 W, 1065 MHz
2026/09/30 04:40:30.237, Tesla T4, 2309 MiB, 15360 MiB, 24 %, 68, 37.90 W, 1065 MHz
2026/09/30 04:40:30.746, Tesla T4, 2309 MiB, 15360 MiB, 26 %, 68, 37.65 W, 780 MHz
2026/09/30 04:40:31.253, Tesla T4, 2309 MiB, 15360 MiB, 32 %, 68, 35.78 W, 735 MHz
2026/09/30 04:40:31.760, Tesla T4, 2309 MiB, 15360 MiB, 33 %, 68, 36.55 W, 705 MHz
2026/09/30 04:40:32.268, Tesla T4, 2309 MiB, 15360 MiB, 33 %, 68, 36.09 W, 675 MHz
2026/09/30 04:40:32.775, Tesla T4, 2309 MiB, 15360 MiB, 30 %, 68, 35.26 W, 660 MHz
2026/09/30 04:40:33.282, Tesla T4, 2309 MiB, 15360 MiB, 35 %, 68, 36.45 W, 630 MHz
2026/09/30 04:40:33.789, Tesla T4, 2309 MiB, 15360 MiB, 35 %, 69, 56.23 W, 615 MHz
2026/09/30 04:40:34.299, Tesla T4, 2309 MiB, 15360 MiB, 52 %, 69, 49.35 W, 1590 MHz
2026/09/30 04:40:34.810, Tesla T4, 2309 MiB, 15360 MiB, 25 %, 69, 56.33 W, 1590 MHz
2026/09/30 04:40:35.316, Tesla T4, 2309 MiB, 15360 MiB, 22 %, 69, 51.87 W, 1590 MHz
2026/09/30 04:40:35.822, Tesla T4, 2309 MiB, 15360 MiB, 25 %, 70, 51.81 W, 1590 MHz
2026/09/30 04:40:36.330, Tesla T4, 2309 MiB, 15360 MiB, 26 %, 69, 39.88 W, 1095 MHz
2026/09/30 04:40:36.836, Tesla T4, 2309 MiB, 15360 MiB, 31 %, 69, 39.78 W, 1050 MHz
2026/09/30 04:40:37.343, Tesla T4, 2309 MiB, 15360 MiB, 30 %, 69, 39.38 W, 990 MHz
2026/09/30 04:40:37.850, Tesla T4, 2309 MiB, 15360 MiB, 33 %, 69, 39.19 W, 960 MHz
2026/09/30 04:40:38.360, Tesla T4, 2309 MiB, 15360 MiB, 22 %, 69, 36.13 W, 885 MHz
2026/09/30 04:40:38.878, Tesla T4, 2309 MiB, 15360 MiB, 28 %, 68, 38.50 W, 810 MHz
2026/09/30 04:40:39.396, Tesla T4, 2309 MiB, 15360 MiB, 28 %, 68, 35.86 W, 765 MHz
2026/09/30 04:40:39.912, Tesla T4, 2309 MiB, 15360 MiB, 26 %, 68, 35.86 W, 705 MHz
2026/09/30 04:40:40.422, Tesla T4, 2309 MiB, 15360 MiB, 26 %, 68, 34.28 W, 675 MHz
2026/09/30 04:40:40.936, Tesla T4, 2309 MiB, 15360 MiB, 40 %, 68, 36.62 W, 645 MHz
2026/09/30 04:40:41.443, Tesla T4, 2309 MiB, 15360 MiB, 40 %, 68, 37.36 W, 660 MHz
2026/09/30 04:40:41.951, Tesla T4, 2309 MiB, 15360 MiB, 24 %, 68, 40.17 W, 1155 MHz
2026/09/30 04:40:42.458, Tesla T4, 2309 MiB, 15360 MiB, 24 %, 69, 42.64 W, 1335 MHz
2026/09/30 04:40:42.964, Tesla T4, 2309 MiB, 15360 MiB, 21 %, 68, 41.23 W, 1335 MHz
2026/09/30 04:40:43.470, Tesla T4, 2309 MiB, 15360 MiB, 21 %, 69, 41.75 W, 1335 MHz
2026/09/30 04:40:43.985, Tesla T4, 2309 MiB, 15360 MiB, 19 %, 68, 35.86 W, 855 MHz
2026/09/30 04:40:44.493, Tesla T4, 2309 MiB, 15360 MiB, 32 %, 68, 36.17 W, 795 MHz
2026/09/30 04:40:45.003, Tesla T4, 2309 MiB, 15360 MiB, 32 %, 68, 36.15 W, 765 MHz
2026/09/30 04:40:45.510, Tesla T4, 2309 MiB, 15360 MiB, 33 %, 68, 36.45 W, 735 MHz
2026/09/30 04:40:46.018, Tesla T4, 2309 MiB, 15360 MiB, 32 %, 68, 37.81 W, 705 MHz
2026/09/30 04:40:46.525, Tesla T4, 2309 MiB, 15360 MiB, 34 %, 68, 35.58 W, 675 MHz
2026/09/30 04:40:47.033, Tesla T4, 2309 MiB, 15360 MiB, 34 %, 68, 35.56 W, 660 MHz
2026/09/30 04:40:47.540, Tesla T4, 2309 MiB, 15360 MiB, 35 %, 68, 39.28 W, 630 MHz
2026/09/30 04:40:48.047, Tesla T4, 2309 MiB, 15360 MiB, 34 %, 68, 36.74 W, 615 MHz
2026/09/30 04:40:48.554, Tesla T4, 2309 MiB, 15360 MiB, 37 %, 68, 35.38 W, 600 MHz
2026/09/30 04:40:49.061, Tesla T4, 2309 MiB, 15360 MiB, 36 %, 68, 36.90 W, 585 MHz
2026/09/30 04:40:49.569, Tesla T4, 2309 MiB, 15360 MiB, 38 %, 68, 35.60 W, 585 MHz
2026/09/30 04:40:50.076, Tesla T4, 2309 MiB, 15360 MiB, 38 %, 68, 36.45 W, 585 MHz
2026/09/30 04:40:50.583, Tesla T4, 2309 MiB, 15360 MiB, 25 %, 68, 41.16 W, 1215 MHz
2026/09/30 04:40:51.096, Tesla T4, 2309 MiB, 15360 MiB, 14 %, 68, 38.47 W, 1215 MHz
2026/09/30 04:40:51.607, Tesla T4, 2309 MiB, 15360 MiB, 19 %, 68, 39.80 W, 1215 MHz
2026/09/30 04:40:52.119, Tesla T4, 2309 MiB, 15360 MiB, 20 %, 68, 41.40 W, 750 MHz
2026/09/30 04:40:52.639, Tesla T4, 2309 MiB, 15360 MiB, 24 %, 68, 37.53 W, 690 MHz
2026/09/30 04:40:53.158, Tesla T4, 2309 MiB, 15360 MiB, 23 %, 68, 36.07 W, 615 MHz
2026/09/30 04:40:53.665, Tesla T4, 2309 MiB, 15360 MiB, 37 %, 68, 39.68 W, 615 MHz
2026/09/30 04:40:54.174, Tesla T4, 2309 MiB, 15360 MiB, 59 %, 68, 42.88 W, 885 MHz
2026/09/30 04:40:54.681, Tesla T4, 2309 MiB, 15360 MiB, 28 %, 68, 36.59 W, 930 MHz
2026/09/30 04:40:55.188, Tesla T4, 2309 MiB, 15360 MiB, 26 %, 67, 37.36 W, 930 MHz
2026/09/30 04:40:55.696, Tesla T4, 2309 MiB, 15360 MiB, 28 %, 68, 37.63 W, 930 MHz
2026/09/30 04:40:56.202, Tesla T4, 2309 MiB, 15360 MiB, 26 %, 68, 36.35 W, 720 MHz
2026/09/30 04:40:56.709, Tesla T4, 2309 MiB, 15360 MiB, 33 %, 67, 36.37 W, 705 MHz
2026/09/30 04:40:57.217, Tesla T4, 2309 MiB, 15360 MiB, 31 %, 67, 35.78 W, 675 MHz
2026/09/30 04:40:57.725, Tesla T4, 2309 MiB, 15360 MiB, 36 %, 67, 35.78 W, 660 MHz
2026/09/30 04:40:58.233, Tesla T4, 2309 MiB, 15360 MiB, 34 %, 67, 36.33 W, 630 MHz
2026/09/30 04:40:58.741, Tesla T4, 2309 MiB, 15360 MiB, 36 %, 67, 36.65 W, 615 MHz
2026/09/30 04:40:59.257, Tesla T4, 2309 MiB, 15360 MiB, 35 %, 67, 35.78 W, 615 MHz
2026/09/30 04:40:59.764, Tesla T4, 2309 MiB, 15360 MiB, 36 %, 67, 36.35 W, 600 MHz
2026/09/30 04:41:00.272, Tesla T4, 2309 MiB, 15360 MiB, 35 %, 67, 35.88 W, 585 MHz
2026/09/30 04:41:00.779, Tesla T4, 2309 MiB, 15360 MiB, 38 %, 67, 35.76 W, 585 MHz
2026/09/30 04:41:01.287, Tesla T4, 2309 MiB, 15360 MiB, 36 %, 67, 33.80 W, 585 MHz
2026/09/30 04:41:01.794, Tesla T4, 2309 MiB, 15360 MiB, 36 %, 67, 34.77 W, 585 MHz
2026/09/30 04:41:02.301, Tesla T4, 2309 MiB, 15360 MiB, 36 %, 67, 34.59 W, 585 MHz
2026/09/30 04:41:02.809, Tesla T4, 2309 MiB, 15360 MiB, 38 %, 67, 36.57 W, 585 MHz
2026/09/30 04:41:03.316, Tesla T4, 2309 MiB, 15360 MiB, 34 %, 67, 35.01 W, 585 MHz
2026/09/30 04:41:03.826, Tesla T4, 2309 MiB, 15360 MiB, 28 %, 67, 34.79 W, 585 MHz
2026/09/30 04:41:04.340, Tesla T4, 2309 MiB, 15360 MiB, 28 %, 67, 37.08 W, 585 MHz
2026/09/30 04:41:04.857, Tesla T4, 2309 MiB, 15360 MiB, 26 %, 67, 33.82 W, 750 MHz
2026/09/30 04:41:05.374, Tesla T4, 2309 MiB, 15360 MiB, 24 %, 67, 37.53 W, 750 MHz
2026/09/30 04:41:05.892, Tesla T4, 2309 MiB, 15360 MiB, 20 %, 67, 35.11 W, 750 MHz
2026/09/30 04:41:06.400, Tesla T4, 2309 MiB, 15360 MiB, 100 %, 68, 59.04 W, 1095 MHz
2026/09/30 04:41:06.914, Tesla T4, 2309 MiB, 15360 MiB, 24 %, 68, 45.05 W, 1440 MHz
2026/09/30 04:41:07.419, Tesla T4, 2309 MiB, 15360 MiB, 24 %, 68, 45.34 W, 1440 MHz
2026/09/30 04:41:07.925, Tesla T4, 2309 MiB, 15360 MiB, 24 %, 68, 43.50 W, 1440 MHz
2026/09/30 04:41:08.431, Tesla T4, 2309 MiB, 15360 MiB, 23 %, 68, 47.55 W, 975 MHz
2026/09/30 04:41:08.938, Tesla T4, 2309 MiB, 15360 MiB, 39 %, 68, 67.02 W, 960 MHz
2026/09/30 04:41:09.445, Tesla T4, 2309 MiB, 15360 MiB, 98 %, 69, 67.94 W, 1110 MHz
2026/09/30 04:41:09.951, Tesla T4, 2309 MiB, 15360 MiB, 23 %, 69, 50.37 W, 1590 MHz
2026/09/30 04:41:10.457, Tesla T4, 2309 MiB, 15360 MiB, 23 %, 69, 52.66 W, 1590 MHz
2026/09/30 04:41:10.963, Tesla T4, 2309 MiB, 15360 MiB, 22 %, 69, 50.69 W, 1590 MHz
2026/09/30 04:41:11.469, Tesla T4, 2309 MiB, 15360 MiB, 27 %, 68, 40.76 W, 1050 MHz
2026/09/30 04:41:11.976, Tesla T4, 2309 MiB, 15360 MiB, 23 %, 68, 36.94 W, 990 MHz
2026/09/30 04:41:12.482, Tesla T4, 2309 MiB, 15360 MiB, 30 %, 68, 37.53 W, 915 MHz
2026/09/30 04:41:12.989, Tesla T4, 2309 MiB, 15360 MiB, 30 %, 68, 36.27 W, 885 MHz
2026/09/30 04:41:13.498, Tesla T4, 2309 MiB, 15360 MiB, 33 %, 68, 36.55 W, 840 MHz
2026/09/30 04:41:14.005, Tesla T4, 2309 MiB, 15360 MiB, 34 %, 68, 37.53 W, 810 MHz
2026/09/30 04:41:14.514, Tesla T4, 2309 MiB, 15360 MiB, 31 %, 67, 38.62 W, 780 MHz
2026/09/30 04:41:15.022, Tesla T4, 2309 MiB, 15360 MiB, 36 %, 67, 36.47 W, 750 MHz
2026/09/30 04:41:15.529, Tesla T4, 2309 MiB, 15360 MiB, 34 %, 67, 35.86 W, 735 MHz
2026/09/30 04:41:16.037, Tesla T4, 2309 MiB, 15360 MiB, 24 %, 67, 34.77 W, 690 MHz
2026/09/30 04:41:16.548, Tesla T4, 2309 MiB, 15360 MiB, 27 %, 67, 37.36 W, 645 MHz
2026/09/30 04:41:17.068, Tesla T4, 2309 MiB, 15360 MiB, 31 %, 67, 33.65 W, 600 MHz
2026/09/30 04:41:17.583, Tesla T4, 2309 MiB, 15360 MiB, 32 %, 67, 34.40 W, 585 MHz
2026/09/30 04:41:18.090, Tesla T4, 2309 MiB, 15360 MiB, 28 %, 67, 34.00 W, 585 MHz
2026/09/30 04:41:18.606, Tesla T4, 2309 MiB, 15360 MiB, 26 %, 67, 38.03 W, 585 MHz
2026/09/30 04:41:19.113, Tesla T4, 2309 MiB, 15360 MiB, 36 %, 67, 35.17 W, 615 MHz
2026/09/30 04:41:19.622, Tesla T4, 2309 MiB, 15360 MiB, 40 %, 67, 38.81 W, 630 MHz
2026/09/30 04:41:20.136, Tesla T4, 2309 MiB, 15360 MiB, 37 %, 67, 36.17 W, 630 MHz
2026/09/30 04:41:20.644, Tesla T4, 2309 MiB, 15360 MiB, 41 %, 67, 36.72 W, 645 MHz
2026/09/30 04:41:21.154, Tesla T4, 2309 MiB, 15360 MiB, 39 %, 67, 36.25 W, 645 MHz
2026/09/30 04:41:21.661, Tesla T4, 2309 MiB, 15360 MiB, 40 %, 67, 36.15 W, 645 MHz
2026/09/30 04:41:22.168, Tesla T4, 2309 MiB, 15360 MiB, 36 %, 67, 35.66 W, 645 MHz
2026/09/30 04:41:22.676, Tesla T4, 2309 MiB, 15360 MiB, 41 %, 67, 36.15 W, 645 MHz
2026/09/30 04:41:23.183, Tesla T4, 2309 MiB, 15360 MiB, 40 %, 67, 35.15 W, 645 MHz
2026/09/30 04:41:23.690, Tesla T4, 2309 MiB, 15360 MiB, 43 %, 67, 37.65 W, 1050 MHz
2026/09/30 04:41:24.196, Tesla T4, 2309 MiB, 15360 MiB, 21 %, 67, 43.45 W, 1410 MHz
2026/09/30 04:41:24.703, Tesla T4, 2309 MiB, 15360 MiB, 22 %, 67, 43.79 W, 1410 MHz
2026/09/30 04:41:25.210, Tesla T4, 2309 MiB, 15360 MiB, 20 %, 67, 47.31 W, 1410 MHz
2026/09/30 04:41:25.715, Tesla T4, 2309 MiB, 15360 MiB, 21 %, 67, 44.19 W, 900 MHz
2026/09/30 04:41:26.222, Tesla T4, 2309 MiB, 15360 MiB, 28 %, 67, 35.26 W, 855 MHz
2026/09/30 04:41:26.741, Tesla T4, 2309 MiB, 15360 MiB, 30 %, 67, 35.28 W, 795 MHz
2026/09/30 04:41:27.249, Tesla T4, 2309 MiB, 15360 MiB, 31 %, 67, 35.68 W, 750 MHz
2026/09/30 04:41:27.765, Tesla T4, 2309 MiB, 15360 MiB, 33 %, 67, 39.68 W, 720 MHz
2026/09/30 04:41:28.272, Tesla T4, 2309 MiB, 15360 MiB, 33 %, 67, 35.07 W, 690 MHz
2026/09/30 04:41:28.781, Tesla T4, 2309 MiB, 15360 MiB, 24 %, 67, 34.00 W, 645 MHz
2026/09/30 04:41:29.294, Tesla T4, 2309 MiB, 15360 MiB, 29 %, 67, 35.09 W, 600 MHz
2026/09/30 04:41:29.807, Tesla T4, 2309 MiB, 15360 MiB, 31 %, 67, 34.20 W, 585 MHz
2026/09/30 04:41:30.319, Tesla T4, 2309 MiB, 15360 MiB, 27 %, 67, 34.91 W, 585 MHz
2026/09/30 04:41:30.832, Tesla T4, 2309 MiB, 15360 MiB, 26 %, 67, 34.12 W, 585 MHz
2026/09/30 04:41:31.346, Tesla T4, 2309 MiB, 15360 MiB, 38 %, 67, 35.17 W, 585 MHz
2026/09/30 04:41:31.854, Tesla T4, 2309 MiB, 15360 MiB, 35 %, 67, 38.22 W, 585 MHz
2026/09/30 04:41:32.362, Tesla T4, 2309 MiB, 15360 MiB, 38 %, 67, 35.28 W, 585 MHz
2026/09/30 04:41:32.871, Tesla T4, 2309 MiB, 15360 MiB, 33 %, 67, 35.17 W, 585 MHz
2026/09/30 04:41:33.378, Tesla T4, 2309 MiB, 15360 MiB, 39 %, 67, 37.43 W, 585 MHz
2026/09/30 04:41:33.889, Tesla T4, 2309 MiB, 15360 MiB, 38 %, 67, 35.28 W, 585 MHz
2026/09/30 04:41:34.396, Tesla T4, 2309 MiB, 15360 MiB, 37 %, 67, 36.55 W, 585 MHz
2026/09/30 04:41:34.903, Tesla T4, 2309 MiB, 15360 MiB, 39 %, 67, 35.78 W, 585 MHz
2026/09/30 04:41:35.411, Tesla T4, 2309 MiB, 15360 MiB, 39 %, 67, 35.56 W, 585 MHz
2026/09/30 04:41:35.918, Tesla T4, 2309 MiB, 15360 MiB, 38 %, 67, 37.14 W, 585 MHz
2026/09/30 04:41:36.425, Tesla T4, 2309 MiB, 15360 MiB, 39 %, 67, 34.99 W, 585 MHz
2026/09/30 04:41:36.932, Tesla T4, 2309 MiB, 15360 MiB, 38 %, 67, 35.78 W, 585 MHz
2026/09/30 04:41:37.440, Tesla T4, 2309 MiB, 15360 MiB, 39 %, 67, 37.83 W, 585 MHz
2026/09/30 04:41:37.950, Tesla T4, 2309 MiB, 15360 MiB, 49 %, 67, 38.89 W, 720 MHz
2026/09/30 04:41:38.457, Tesla T4, 2309 MiB, 15360 MiB, 28 %, 67, 36.37 W, 960 MHz
2026/09/30 04:41:38.964, Tesla T4, 2309 MiB, 15360 MiB, 25 %, 67, 37.43 W, 960 MHz
2026/09/30 04:41:39.473, Tesla T4, 2309 MiB, 15360 MiB, 100 %, 68, 48.43 W, 1575 MHz
2026/09/30 04:41:39.979, Tesla T4, 2309 MiB, 15360 MiB, 21 %, 68, 50.69 W, 1590 MHz
2026/09/30 04:41:40.484, Tesla T4, 2309 MiB, 15360 MiB, 24 %, 68, 49.49 W, 1590 MHz
2026/09/30 04:41:40.990, Tesla T4, 2309 MiB, 15360 MiB, 21 %, 68, 51.65 W, 1590 MHz
2026/09/30 04:41:41.501, Tesla T4, 2309 MiB, 15360 MiB, 21 %, 68, 36.86 W, 1005 MHz
2026/09/30 04:41:42.013, Tesla T4, 2309 MiB, 15360 MiB, 49 %, 68, 38.32 W, 1140 MHz
2026/09/30 04:41:42.533, Tesla T4, 2309 MiB, 15360 MiB, 20 %, 68, 37.43 W, 1140 MHz
2026/09/30 04:41:43.048, Tesla T4, 2309 MiB, 15360 MiB, 18 %, 67, 37.73 W, 1140 MHz
2026/09/30 04:41:43.558, Tesla T4, 2309 MiB, 15360 MiB, 16 %, 67, 37.71 W, 1140 MHz
2026/09/30 04:41:44.064, Tesla T4, 2309 MiB, 15360 MiB, 30 %, 67, 36.84 W, 735 MHz
2026/09/30 04:41:44.572, Tesla T4, 2309 MiB, 15360 MiB, 30 %, 67, 34.89 W, 690 MHz
2026/09/30 04:41:45.079, Tesla T4, 2309 MiB, 15360 MiB, 32 %, 67, 36.57 W, 660 MHz
2026/09/30 04:41:45.587, Tesla T4, 2309 MiB, 15360 MiB, 36 %, 67, 36.15 W, 645 MHz
2026/09/30 04:41:46.094, Tesla T4, 2309 MiB, 15360 MiB, 35 %, 67, 35.46 W, 630 MHz
2026/09/30 04:41:46.602, Tesla T4, 2309 MiB, 15360 MiB, 36 %, 67, 36.05 W, 615 MHz
2026/09/30 04:41:47.109, Tesla T4, 2309 MiB, 15360 MiB, 34 %, 67, 34.97 W, 600 MHz
2026/09/30 04:41:47.632, Tesla T4, 2309 MiB, 15360 MiB, 38 %, 67, 37.36 W, 585 MHz
2026/09/30 04:41:48.140, Tesla T4, 2309 MiB, 15360 MiB, 37 %, 67, 34.75 W, 585 MHz
2026/09/30 04:41:48.654, Tesla T4, 2309 MiB, 15360 MiB, 35 %, 67, 34.30 W, 585 MHz
2026/09/30 04:41:49.161, Tesla T4, 2309 MiB, 15360 MiB, 37 %, 67, 36.45 W, 585 MHz
2026/09/30 04:41:49.668, Tesla T4, 2309 MiB, 15360 MiB, 37 %, 67, 35.66 W, 585 MHz
2026/09/30 04:41:50.175, Tesla T4, 2309 MiB, 15360 MiB, 38 %, 67, 36.96 W, 585 MHz
2026/09/30 04:41:50.685, Tesla T4, 2309 MiB, 15360 MiB, 38 %, 67, 34.99 W, 585 MHz
2026/09/30 04:41:51.193, Tesla T4, 2309 MiB, 15360 MiB, 39 %, 67, 35.19 W, 585 MHz
2026/09/30 04:41:51.700, Tesla T4, 2309 MiB, 15360 MiB, 35 %, 67, 38.99 W, 585 MHz
2026/09/30 04:41:52.207, Tesla T4, 2309 MiB, 15360 MiB, 38 %, 67, 35.76 W, 585 MHz
2026/09/30 04:41:52.716, Tesla T4, 2309 MiB, 15360 MiB, 35 %, 67, 34.79 W, 585 MHz
2026/09/30 04:41:53.223, Tesla T4, 2309 MiB, 15360 MiB, 38 %, 67, 38.62 W, 585 MHz
2026/09/30 04:41:53.730, Tesla T4, 2309 MiB, 15360 MiB, 31 %, 67, 33.53 W, 585 MHz
2026/09/30 04:41:54.245, Tesla T4, 2309 MiB, 15360 MiB, 25 %, 67, 34.61 W, 585 MHz
2026/09/30 04:41:54.766, Tesla T4, 2309 MiB, 15360 MiB, 22 %, 67, 34.77 W, 585 MHz
2026/09/30 04:41:55.285, Tesla T4, 2309 MiB, 15360 MiB, 30 %, 66, 39.41 W, 585 MHz
2026/09/30 04:41:55.798, Tesla T4, 2309 MiB, 15360 MiB, 30 %, 66, 37.19 W, 585 MHz
2026/09/30 04:41:56.311, Tesla T4, 2309 MiB, 15360 MiB, 29 %, 66, 36.25 W, 585 MHz
2026/09/30 04:41:56.819, Tesla T4, 2309 MiB, 15360 MiB, 75 %, 67, 39.28 W, 1095 MHz
2026/09/30 04:41:57.325, Tesla T4, 2309 MiB, 15360 MiB, 25 %, 67, 39.09 W, 1095 MHz
2026/09/30 04:41:57.831, Tesla T4, 2309 MiB, 15360 MiB, 23 %, 67, 37.73 W, 1095 MHz
2026/09/30 04:41:58.339, Tesla T4, 2309 MiB, 15360 MiB, 25 %, 67, 38.10 W, 1095 MHz
2026/09/30 04:41:58.845, Tesla T4, 2309 MiB, 15360 MiB, 29 %, 66, 38.91 W, 765 MHz
2026/09/30 04:41:59.352, Tesla T4, 2309 MiB, 15360 MiB, 32 %, 66, 35.68 W, 750 MHz
2026/09/30 04:41:59.860, Tesla T4, 2309 MiB, 15360 MiB, 31 %, 66, 36.25 W, 705 MHz
2026/09/30 04:42:00.368, Tesla T4, 2309 MiB, 15360 MiB, 33 %, 66, 34.97 W, 690 MHz
2026/09/30 04:42:00.875, Tesla T4, 2309 MiB, 15360 MiB, 32 %, 66, 35.48 W, 660 MHz
2026/09/30 04:42:01.382, Tesla T4, 2309 MiB, 15360 MiB, 36 %, 66, 36.15 W, 645 MHz
2026/09/30 04:42:01.890, Tesla T4, 2309 MiB, 15360 MiB, 33 %, 66, 34.77 W, 630 MHz
2026/09/30 04:42:02.398, Tesla T4, 2309 MiB, 15360 MiB, 37 %, 66, 36.27 W, 615 MHz
2026/09/30 04:42:02.906, Tesla T4, 2309 MiB, 15360 MiB, 35 %, 66, 38.03 W, 600 MHz
2026/09/30 04:42:03.414, Tesla T4, 2309 MiB, 15360 MiB, 37 %, 66, 34.79 W, 585 MHz
2026/09/30 04:42:03.922, Tesla T4, 2309 MiB, 15360 MiB, 37 %, 66, 38.81 W, 585 MHz
2026/09/30 04:42:04.428, Tesla T4, 2309 MiB, 15360 MiB, 38 %, 66, 34.89 W, 585 MHz
2026/09/30 04:42:04.936, Tesla T4, 2309 MiB, 15360 MiB, 38 %, 66, 36.67 W, 585 MHz
2026/09/30 04:42:05.443, Tesla T4, 2309 MiB, 15360 MiB, 38 %, 66, 38.81 W, 585 MHz
2026/09/30 04:42:05.950, Tesla T4, 2309 MiB, 15360 MiB, 37 %, 66, 34.81 W, 585 MHz
2026/09/30 04:42:06.458, Tesla T4, 2309 MiB, 15360 MiB, 27 %, 66, 36.84 W, 585 MHz
2026/09/30 04:42:06.978, Tesla T4, 2309 MiB, 15360 MiB, 29 %, 66, 33.61 W, 585 MHz
2026/09/30 04:42:07.491, Tesla T4, 2309 MiB, 15360 MiB, 30 %, 66, 34.89 W, 585 MHz
2026/09/30 04:42:08.005, Tesla T4, 2309 MiB, 15360 MiB, 27 %, 66, 33.72 W, 585 MHz
2026/09/30 04:42:08.520, Tesla T4, 2309 MiB, 15360 MiB, 26 %, 66, 33.53 W, 585 MHz
2026/09/30 04:42:09.031, Tesla T4, 2309 MiB, 15360 MiB, 36 %, 66, 40.54 W, 585 MHz
2026/09/30 04:42:09.540, Tesla T4, 2309 MiB, 15360 MiB, 38 %, 66, 36.05 W, 585 MHz
2026/09/30 04:42:10.047, Tesla T4, 2309 MiB, 15360 MiB, 37 %, 66, 38.50 W, 585 MHz
2026/09/30 04:42:10.556, Tesla T4, 2309 MiB, 15360 MiB, 38 %, 66, 35.95 W, 585 MHz
2026/09/30 04:42:11.063, Tesla T4, 2309 MiB, 15360 MiB, 100 %, 67, 51.38 W, 1110 MHz
2026/09/30 04:42:11.570, Tesla T4, 2309 MiB, 15360 MiB, 22 %, 67, 49.61 W, 1590 MHz
2026/09/30 04:42:12.075, Tesla T4, 2309 MiB, 15360 MiB, 22 %, 67, 50.66 W, 1590 MHz
2026/09/30 04:42:12.582, Tesla T4, 2309 MiB, 15360 MiB, 23 %, 67, 48.63 W, 1590 MHz
2026/09/30 04:42:13.087, Tesla T4, 2309 MiB, 15360 MiB, 23 %, 67, 48.73 W, 1065 MHz
2026/09/30 04:42:13.594, Tesla T4, 2309 MiB, 15360 MiB, 30 %, 67, 37.43 W, 1005 MHz
2026/09/30 04:42:14.100, Tesla T4, 2309 MiB, 15360 MiB, 30 %, 66, 37.43 W, 945 MHz
2026/09/30 04:42:14.607, Tesla T4, 2309 MiB, 15360 MiB, 52 %, 67, 38.87 W, 1245 MHz
2026/09/30 04:42:15.114, Tesla T4, 2309 MiB, 15360 MiB, 21 %, 67, 41.11 W, 1245 MHz
2026/09/30 04:42:15.620, Tesla T4, 2309 MiB, 15360 MiB, 22 %, 66, 39.60 W, 1245 MHz
2026/09/30 04:42:16.126, Tesla T4, 2309 MiB, 15360 MiB, 24 %, 67, 40.27 W, 1245 MHz
2026/09/30 04:42:16.632, Tesla T4, 2309 MiB, 15360 MiB, 28 %, 66, 36.29 W, 840 MHz
2026/09/30 04:42:17.142, Tesla T4, 2309 MiB, 15360 MiB, 31 %, 66, 35.17 W, 780 MHz
2026/09/30 04:42:17.649, Tesla T4, 2309 MiB, 15360 MiB, 30 %, 66, 36.27 W, 750 MHz
2026/09/30 04:42:18.157, Tesla T4, 2309 MiB, 15360 MiB, 33 %, 66, 38.69 W, 705 MHz
2026/09/30 04:42:18.664, Tesla T4, 2309 MiB, 15360 MiB, 31 %, 66, 37.55 W, 675 MHz
2026/09/30 04:42:19.184, Tesla T4, 2309 MiB, 15360 MiB, 25 %, 66, 34.12 W, 630 MHz
2026/09/30 04:42:19.703, Tesla T4, 2309 MiB, 15360 MiB, 34 %, 66, 34.20 W, 825 MHz
2026/09/30 04:42:20.225, Tesla T4, 2309 MiB, 15360 MiB, 25 %, 66, 35.58 W, 825 MHz
2026/09/30 04:42:20.747, Tesla T4, 2309 MiB, 15360 MiB, 18 %, 66, 36.94 W, 1065 MHz
2026/09/30 04:42:21.257, Tesla T4, 2309 MiB, 15360 MiB, 16 %, 66, 35.38 W, 1065 MHz
2026/09/30 04:42:21.764, Tesla T4, 2309 MiB, 15360 MiB, 23 %, 66, 39.58 W, 1290 MHz
2026/09/30 04:42:22.270, Tesla T4, 2309 MiB, 15360 MiB, 22 %, 66, 41.65 W, 1290 MHz
2026/09/30 04:42:22.777, Tesla T4, 2309 MiB, 15360 MiB, 22 %, 66, 39.21 W, 1290 MHz
2026/09/30 04:42:23.283, Tesla T4, 2309 MiB, 15360 MiB, 22 %, 66, 41.06 W, 855 MHz
2026/09/30 04:42:23.799, Tesla T4, 2309 MiB, 15360 MiB, 26 %, 66, 37.12 W, 810 MHz
2026/09/30 04:42:24.310, Tesla T4, 2309 MiB, 15360 MiB, 24 %, 66, 38.69 W, 1170 MHz
2026/09/30 04:42:24.818, Tesla T4, 2309 MiB, 15360 MiB, 45 %, 66, 40.49 W, 1350 MHz
2026/09/30 04:42:25.323, Tesla T4, 2309 MiB, 15360 MiB, 22 %, 66, 41.40 W, 1350 MHz
2026/09/30 04:42:25.829, Tesla T4, 2309 MiB, 15360 MiB, 22 %, 66, 44.65 W, 1350 MHz
2026/09/30 04:42:26.335, Tesla T4, 2309 MiB, 15360 MiB, 22 %, 66, 41.65 W, 1350 MHz
2026/09/30 04:42:26.841, Tesla T4, 2309 MiB, 15360 MiB, 29 %, 66, 36.37 W, 870 MHz
2026/09/30 04:42:27.349, Tesla T4, 2309 MiB, 15360 MiB, 29 %, 66, 35.66 W, 795 MHz
2026/09/30 04:42:27.856, Tesla T4, 2309 MiB, 15360 MiB, 31 %, 66, 33.19 W, 765 MHz
2026/09/30 04:42:28.363, Tesla T4, 2309 MiB, 15360 MiB, 32 %, 66, 35.78 W, 720 MHz
2026/09/30 04:42:28.871, Tesla T4, 2309 MiB, 15360 MiB, 33 %, 66, 37.33 W, 705 MHz
2026/09/30 04:42:29.380, Tesla T4, 2309 MiB, 15360 MiB, 34 %, 66, 35.38 W, 660 MHz
2026/09/30 04:42:29.888, Tesla T4, 2309 MiB, 15360 MiB, 34 %, 66, 36.92 W, 645 MHz
2026/09/30 04:42:30.402, Tesla T4, 2309 MiB, 15360 MiB, 35 %, 66, 35.66 W, 630 MHz
2026/09/30 04:42:30.911, Tesla T4, 2309 MiB, 15360 MiB, 34 %, 66, 34.30 W, 600 MHz
2026/09/30 04:42:31.434, Tesla T4, 2309 MiB, 15360 MiB, 28 %, 66, 34.22 W, 585 MHz
2026/09/30 04:42:31.947, Tesla T4, 2309 MiB, 15360 MiB, 28 %, 66, 33.31 W, 585 MHz
2026/09/30 04:42:32.465, Tesla T4, 2309 MiB, 15360 MiB, 30 %, 66, 36.57 W, 585 MHz
2026/09/30 04:42:32.979, Tesla T4, 2309 MiB, 15360 MiB, 25 %, 66, 38.74 W, 585 MHz
2026/09/30 04:42:33.493, Tesla T4, 2309 MiB, 15360 MiB, 28 %, 66, 32.72 W, 585 MHz
2026/09/30 04:42:34.005, Tesla T4, 2309 MiB, 15360 MiB, 35 %, 66, 36.55 W, 585 MHz
2026/09/30 04:42:34.512, Tesla T4, 2309 MiB, 15360 MiB, 35 %, 66, 34.49 W, 585 MHz
2026/09/30 04:42:35.020, Tesla T4, 2309 MiB, 15360 MiB, 37 %, 66, 37.63 W, 585 MHz
2026/09/30 04:42:35.527, Tesla T4, 2309 MiB, 15360 MiB, 35 %, 66, 34.57 W, 585 MHz
2026/09/30 04:42:36.038, Tesla T4, 2309 MiB, 15360 MiB, 36 %, 66, 38.52 W, 585 MHz
2026/09/30 04:42:36.545, Tesla T4, 2309 MiB, 15360 MiB, 26 %, 66, 37.26 W, 1035 MHz
2026/09/30 04:42:37.054, Tesla T4, 2309 MiB, 15360 MiB, 24 %, 66, 37.90 W, 1035 MHz
2026/09/30 04:42:37.562, Tesla T4, 2309 MiB, 15360 MiB, 24 %, 66, 36.94 W, 1035 MHz
2026/09/30 04:42:38.069, Tesla T4, 2309 MiB, 15360 MiB, 22 %, 66, 39.58 W, 1305 MHz
2026/09/30 04:42:38.575, Tesla T4, 2309 MiB, 15360 MiB, 22 %, 66, 43.52 W, 1305 MHz
2026/09/30 04:42:39.081, Tesla T4, 2309 MiB, 15360 MiB, 22 %, 66, 39.38 W, 1305 MHz
2026/09/30 04:42:39.589, Tesla T4, 2309 MiB, 15360 MiB, 22 %, 66, 40.27 W, 855 MHz
2026/09/30 04:42:40.096, Tesla T4, 2309 MiB, 15360 MiB, 28 %, 66, 34.67 W, 810 MHz
2026/09/30 04:42:40.603, Tesla T4, 2309 MiB, 15360 MiB, 29 %, 66, 34.69 W, 765 MHz
2026/09/30 04:42:41.111, Tesla T4, 2309 MiB, 15360 MiB, 30 %, 66, 35.07 W, 735 MHz
2026/09/30 04:42:41.619, Tesla T4, 2309 MiB, 15360 MiB, 30 %, 66, 39.41 W, 690 MHz
2026/09/30 04:42:42.126, Tesla T4, 2309 MiB, 15360 MiB, 32 %, 66, 35.26 W, 675 MHz
2026/09/30 04:42:42.633, Tesla T4, 2309 MiB, 15360 MiB, 31 %, 66, 34.69 W, 645 MHz
2026/09/30 04:42:43.140, Tesla T4, 2309 MiB, 15360 MiB, 34 %, 66, 35.90 W, 630 MHz
2026/09/30 04:42:43.647, Tesla T4, 2309 MiB, 15360 MiB, 25 %, 66, 36.84 W, 1050 MHz
2026/09/30 04:42:44.154, Tesla T4, 2309 MiB, 15360 MiB, 17 %, 66, 38.22 W, 1050 MHz
2026/09/30 04:42:44.661, Tesla T4, 2309 MiB, 15360 MiB, 19 %, 66, 36.35 W, 1050 MHz
2026/09/30 04:42:45.179, Tesla T4, 2309 MiB, 15360 MiB, 21 %, 66, 36.69 W, 660 MHz
2026/09/30 04:42:45.697, Tesla T4, 2309 MiB, 15360 MiB, 22 %, 65, 33.61 W, 615 MHz
2026/09/30 04:42:46.207, Tesla T4, 2309 MiB, 15360 MiB, 24 %, 65, 35.17 W, 585 MHz
2026/09/30 04:42:46.719, Tesla T4, 2309 MiB, 15360 MiB, 37 %, 65, 35.19 W, 585 MHz
2026/09/30 04:42:47.226, Tesla T4, 2309 MiB, 15360 MiB, 71 %, 66, 35.28 W, 1050 MHz
2026/09/30 04:42:47.732, Tesla T4, 2309 MiB, 15360 MiB, 26 %, 66, 36.25 W, 1050 MHz
2026/09/30 04:42:48.243, Tesla T4, 2309 MiB, 15360 MiB, 25 %, 66, 36.07 W, 1050 MHz
2026/09/30 04:42:48.749, Tesla T4, 2309 MiB, 15360 MiB, 26 %, 66, 37.16 W, 1050 MHz
2026/09/30 04:42:49.256, Tesla T4, 2309 MiB, 15360 MiB, 61 %, 66, 39.51 W, 1185 MHz
2026/09/30 04:42:49.763, Tesla T4, 2309 MiB, 15360 MiB, 24 %, 66, 37.33 W, 1185 MHz
2026/09/30 04:42:50.269, Tesla T4, 2309 MiB, 15360 MiB, 24 %, 66, 38.12 W, 1185 MHz
2026/09/30 04:42:50.776, Tesla T4, 2309 MiB, 15360 MiB, 24 %, 66, 40.64 W, 1185 MHz
2026/09/30 04:42:51.291, Tesla T4, 2309 MiB, 15360 MiB, 28 %, 66, 35.50 W, 945 MHz
2026/09/30 04:42:51.798, Tesla T4, 2309 MiB, 15360 MiB, 29 %, 66, 35.01 W, 870 MHz
2026/09/30 04:42:52.315, Tesla T4, 2309 MiB, 15360 MiB, 30 %, 66, 34.30 W, 825 MHz
2026/09/30 04:42:52.822, Tesla T4, 2309 MiB, 15360 MiB, 31 %, 66, 35.68 W, 780 MHz
2026/09/30 04:42:53.329, Tesla T4, 2309 MiB, 15360 MiB, 30 %, 66, 38.50 W, 750 MHz
2026/09/30 04:42:53.837, Tesla T4, 2309 MiB, 15360 MiB, 33 %, 66, 36.94 W, 705 MHz
2026/09/30 04:42:54.345, Tesla T4, 2309 MiB, 15360 MiB, 35 %, 66, 34.67 W, 690 MHz
2026/09/30 04:42:54.852, Tesla T4, 2309 MiB, 15360 MiB, 35 %, 66, 34.69 W, 660 MHz
2026/09/30 04:42:55.359, Tesla T4, 2309 MiB, 15360 MiB, 35 %, 66, 35.76 W, 645 MHz
2026/09/30 04:42:55.867, Tesla T4, 2309 MiB, 15360 MiB, 36 %, 66, 36.07 W, 630 MHz
2026/09/30 04:42:56.375, Tesla T4, 2309 MiB, 15360 MiB, 37 %, 66, 38.50 W, 615 MHz
2026/09/30 04:42:56.888, Tesla T4, 2309 MiB, 15360 MiB, 28 %, 66, 35.58 W, 585 MHz
2026/09/30 04:42:57.405, Tesla T4, 2309 MiB, 15360 MiB, 29 %, 66, 33.80 W, 585 MHz
2026/09/30 04:42:57.920, Tesla T4, 2309 MiB, 15360 MiB, 31 %, 66, 34.57 W, 585 MHz
2026/09/30 04:42:58.436, Tesla T4, 2309 MiB, 15360 MiB, 30 %, 66, 34.40 W, 585 MHz
2026/09/30 04:42:58.954, Tesla T4, 2309 MiB, 15360 MiB, 24 %, 66, 35.68 W, 585 MHz
2026/09/30 04:42:59.462, Tesla T4, 2309 MiB, 15360 MiB, 27 %, 66, 39.88 W, 1050 MHz
2026/09/30 04:42:59.968, Tesla T4, 2309 MiB, 15360 MiB, 26 %, 66, 39.48 W, 1050 MHz
2026/09/30 04:43:00.475, Tesla T4, 2309 MiB, 15360 MiB, 26 %, 66, 37.14 W, 1050 MHz
2026/09/30 04:43:00.981, Tesla T4, 2309 MiB, 15360 MiB, 26 %, 66, 36.82 W, 1050 MHz
2026/09/30 04:43:01.488, Tesla T4, 2309 MiB, 15360 MiB, 30 %, 66, 34.97 W, 750 MHz
2026/09/30 04:43:01.996, Tesla T4, 2309 MiB, 15360 MiB, 32 %, 66, 34.97 W, 720 MHz
2026/09/30 04:43:02.503, Tesla T4, 2309 MiB, 15360 MiB, 30 %, 66, 37.73 W, 690 MHz
2026/09/30 04:43:03.010, Tesla T4, 2309 MiB, 15360 MiB, 35 %, 66, 34.87 W, 675 MHz
2026/09/30 04:43:03.517, Tesla T4, 2309 MiB, 15360 MiB, 33 %, 66, 35.97 W, 645 MHz
2026/09/30 04:43:04.025, Tesla T4, 2309 MiB, 15360 MiB, 35 %, 66, 36.45 W, 630 MHz
2026/09/30 04:43:04.536, Tesla T4, 2309 MiB, 15360 MiB, 34 %, 66, 35.17 W, 615 MHz
2026/09/30 04:43:05.044, Tesla T4, 2309 MiB, 15360 MiB, 36 %, 66, 35.36 W, 600 MHz
2026/09/30 04:43:05.551, Tesla T4, 2309 MiB, 15360 MiB, 35 %, 66, 37.18 W, 600 MHz
2026/09/30 04:43:06.061, Tesla T4, 2309 MiB, 15360 MiB, 38 %, 66, 37.26 W, 585 MHz
2026/09/30 04:43:06.569, Tesla T4, 2309 MiB, 15360 MiB, 36 %, 66, 35.70 W, 585 MHz
2026/09/30 04:43:07.076, Tesla T4, 2309 MiB, 15360 MiB, 38 %, 66, 34.67 W, 585 MHz
2026/09/30 04:43:07.587, Tesla T4, 2309 MiB, 15360 MiB, 36 %, 66, 36.17 W, 585 MHz
2026/09/30 04:43:08.094, Tesla T4, 2309 MiB, 15360 MiB, 38 %, 66, 36.45 W, 585 MHz
2026/09/30 04:43:08.601, Tesla T4, 2309 MiB, 15360 MiB, 38 %, 66, 34.97 W, 585 MHz
2026/09/30 04:43:09.110, Tesla T4, 2309 MiB, 15360 MiB, 25 %, 66, 37.71 W, 585 MHz
2026/09/30 04:43:09.624, Tesla T4, 2309 MiB, 15360 MiB, 29 %, 66, 36.07 W, 585 MHz
2026/09/30 04:43:10.138, Tesla T4, 2309 MiB, 15360 MiB, 62 %, 66, 33.41 W, 915 MHz
2026/09/30 04:43:10.649, Tesla T4, 2309 MiB, 15360 MiB, 22 %, 66, 34.87 W, 915 MHz
2026/09/30 04:43:11.164, Tesla T4, 2309 MiB, 15360 MiB, 20 %, 66, 34.89 W, 915 MHz
2026/09/30 04:43:11.682, Tesla T4, 2309 MiB, 15360 MiB, 27 %, 66, 34.91 W, 915 MHz
2026/09/30 04:43:12.190, Tesla T4, 2309 MiB, 15360 MiB, 34 %, 66, 34.97 W, 690 MHz
2026/09/30 04:43:12.697, Tesla T4, 2309 MiB, 15360 MiB, 34 %, 66, 33.39 W, 660 MHz
2026/09/30 04:43:13.211, Tesla T4, 2309 MiB, 15360 MiB, 66 %, 66, 36.45 W, 1095 MHz
2026/09/30 04:43:13.719, Tesla T4, 2309 MiB, 15360 MiB, 25 %, 66, 36.65 W, 1095 MHz
2026/09/30 04:43:14.236, Tesla T4, 2309 MiB, 15360 MiB, 25 %, 66, 36.23 W, 1095 MHz
2026/09/30 04:43:14.742, Tesla T4, 2309 MiB, 15360 MiB, 25 %, 66, 37.31 W, 1095 MHz
2026/09/30 04:43:15.248, Tesla T4, 2309 MiB, 15360 MiB, 31 %, 65, 34.79 W, 765 MHz
2026/09/30 04:43:15.756, Tesla T4, 2309 MiB, 15360 MiB, 33 %, 65, 34.97 W, 720 MHz
2026/09/30 04:43:16.263, Tesla T4, 2309 MiB, 15360 MiB, 33 %, 65, 35.09 W, 690 MHz
2026/09/30 04:43:16.770, Tesla T4, 2309 MiB, 15360 MiB, 35 %, 65, 35.17 W, 660 MHz
2026/09/30 04:43:17.280, Tesla T4, 2309 MiB, 15360 MiB, 35 %, 65, 37.02 W, 645 MHz
2026/09/30 04:43:17.788, Tesla T4, 2309 MiB, 15360 MiB, 37 %, 65, 34.89 W, 630 MHz
2026/09/30 04:43:18.296, Tesla T4, 2309 MiB, 15360 MiB, 37 %, 65, 39.95 W, 1065 MHz
2026/09/30 04:43:18.810, Tesla T4, 2309 MiB, 15360 MiB, 25 %, 65, 36.86 W, 1065 MHz
2026/09/30 04:43:19.318, Tesla T4, 2309 MiB, 15360 MiB, 25 %, 65, 36.33 W, 1065 MHz
2026/09/30 04:43:19.824, Tesla T4, 2309 MiB, 15360 MiB, 26 %, 65, 36.57 W, 1065 MHz
2026/09/30 04:43:20.330, Tesla T4, 2309 MiB, 15360 MiB, 31 %, 65, 35.68 W, 765 MHz
2026/09/30 04:43:20.838, Tesla T4, 2309 MiB, 15360 MiB, 32 %, 65, 34.10 W, 750 MHz
2026/09/30 04:43:21.346, Tesla T4, 2309 MiB, 15360 MiB, 32 %, 65, 36.05 W, 705 MHz
2026/09/30 04:43:21.860, Tesla T4, 2309 MiB, 15360 MiB, 25 %, 65, 33.88 W, 645 MHz
2026/09/30 04:43:22.376, Tesla T4, 2309 MiB, 15360 MiB, 28 %, 65, 33.03 W, 600 MHz
2026/09/30 04:43:22.897, Tesla T4, 2309 MiB, 15360 MiB, 31 %, 64, 33.63 W, 585 MHz
2026/09/30 04:43:23.424, Tesla T4, 2309 MiB, 15360 MiB, 26 %, 65, 37.33 W, 585 MHz
2026/09/30 04:43:23.952, Tesla T4, 2309 MiB, 15360 MiB, 17 %, 64, 35.78 W, 975 MHz
2026/09/30 04:43:24.460, Tesla T4, 2309 MiB, 15360 MiB, 24 %, 65, 35.38 W, 975 MHz
2026/09/30 04:43:24.966, Tesla T4, 2309 MiB, 15360 MiB, 25 %, 65, 35.38 W, 975 MHz
2026/09/30 04:43:25.473, Tesla T4, 2309 MiB, 15360 MiB, 25 %, 65, 36.17 W, 720 MHz
2026/09/30 04:43:25.980, Tesla T4, 2309 MiB, 15360 MiB, 27 %, 65, 36.25 W, 975 MHz
2026/09/30 04:43:26.487, Tesla T4, 2309 MiB, 15360 MiB, 25 %, 65, 35.40 W, 975 MHz
2026/09/30 04:43:26.993, Tesla T4, 2309 MiB, 15360 MiB, 26 %, 65, 35.50 W, 975 MHz
2026/09/30 04:43:27.501, Tesla T4, 2309 MiB, 15360 MiB, 25 %, 65, 36.47 W, 975 MHz
2026/09/30 04:43:28.007, Tesla T4, 2309 MiB, 15360 MiB, 30 %, 65, 38.62 W, 720 MHz
2026/09/30 04:43:28.514, Tesla T4, 2309 MiB, 15360 MiB, 31 %, 65, 34.99 W, 690 MHz
2026/09/30 04:43:29.022, Tesla T4, 2309 MiB, 15360 MiB, 33 %, 65, 35.56 W, 660 MHz
2026/09/30 04:43:29.529, Tesla T4, 2309 MiB, 15360 MiB, 35 %, 65, 33.71 W, 645 MHz
2026/09/30 04:43:30.036, Tesla T4, 2309 MiB, 15360 MiB, 36 %, 65, 34.89 W, 630 MHz
2026/09/30 04:43:30.544, Tesla T4, 2309 MiB, 15360 MiB, 34 %, 65, 38.03 W, 615 MHz
2026/09/30 04:43:31.051, Tesla T4, 2309 MiB, 15360 MiB, 36 %, 65, 35.36 W, 600 MHz
2026/09/30 04:43:31.561, Tesla T4, 2309 MiB, 15360 MiB, 24 %, 65, 38.50 W, 1050 MHz
2026/09/30 04:43:32.067, Tesla T4, 2309 MiB, 15360 MiB, 25 %, 65, 46.47 W, 1050 MHz
2026/09/30 04:43:32.573, Tesla T4, 2309 MiB, 15360 MiB, 20 %, 65, 39.41 W, 1320 MHz
2026/09/30 04:43:33.079, Tesla T4, 2309 MiB, 15360 MiB, 22 %, 65, 40.96 W, 1320 MHz
2026/09/30 04:43:33.587, Tesla T4, 2309 MiB, 15360 MiB, 21 %, 65, 42.24 W, 1320 MHz
2026/09/30 04:43:34.094, Tesla T4, 2309 MiB, 15360 MiB, 20 %, 65, 33.41 W, 870 MHz
2026/09/30 04:43:34.607, Tesla T4, 2309 MiB, 15360 MiB, 22 %, 65, 33.53 W, 765 MHz
2026/09/30 04:43:35.123, Tesla T4, 2309 MiB, 15360 MiB, 25 %, 65, 33.98 W, 720 MHz
2026/09/30 04:43:35.636, Tesla T4, 2309 MiB, 15360 MiB, 27 %, 65, 35.68 W, 660 MHz
2026/09/30 04:43:36.155, Tesla T4, 2309 MiB, 15360 MiB, 28 %, 65, 34.81 W, 600 MHz
2026/09/30 04:43:36.671, Tesla T4, 2309 MiB, 15360 MiB, 30 %, 65, 35.76 W, 585 MHz
2026/09/30 04:43:37.185, Tesla T4, 2309 MiB, 15360 MiB, 38 %, 65, 35.17 W, 585 MHz
2026/09/30 04:43:37.694, Tesla T4, 2309 MiB, 15360 MiB, 35 %, 65, 34.99 W, 585 MHz
2026/09/30 04:43:38.212, Tesla T4, 2309 MiB, 15360 MiB, 36 %, 65, 34.59 W, 585 MHz
2026/09/30 04:43:38.719, Tesla T4, 2309 MiB, 15360 MiB, 37 %, 65, 34.99 W, 585 MHz
2026/09/30 04:43:39.228, Tesla T4, 2309 MiB, 15360 MiB, 38 %, 65, 38.87 W, 585 MHz
2026/09/30 04:43:39.735, Tesla T4, 2309 MiB, 15360 MiB, 36 %, 65, 34.59 W, 585 MHz
2026/09/30 04:43:40.243, Tesla T4, 2309 MiB, 15360 MiB, 38 %, 65, 38.99 W, 585 MHz
2026/09/30 04:43:40.753, Tesla T4, 2309 MiB, 15360 MiB, 38 %, 65, 35.19 W, 585 MHz
2026/09/30 04:43:41.262, Tesla T4, 2309 MiB, 15360 MiB, 38 %, 65, 38.44 W, 585 MHz
2026/09/30 04:43:41.769, Tesla T4, 2309 MiB, 15360 MiB, 38 %, 65, 38.79 W, 585 MHz
2026/09/30 04:43:42.276, Tesla T4, 2309 MiB, 15360 MiB, 39 %, 65, 35.17 W, 585 MHz
2026/09/30 04:43:42.784, Tesla T4, 2309 MiB, 15360 MiB, 39 %, 65, 35.95 W, 585 MHz
2026/09/30 04:43:43.296, Tesla T4, 2309 MiB, 15360 MiB, 39 %, 65, 39.19 W, 585 MHz
2026/09/30 04:43:43.803, Tesla T4, 2309 MiB, 15360 MiB, 22 %, 66, 37.63 W, 1050 MHz
2026/09/30 04:43:44.311, Tesla T4, 2309 MiB, 15360 MiB, 25 %, 66, 38.62 W, 1050 MHz
2026/09/30 04:43:44.817, Tesla T4, 2309 MiB, 15360 MiB, 26 %, 66, 37.41 W, 1050 MHz
2026/09/30 04:43:45.323, Tesla T4, 2309 MiB, 15360 MiB, 26 %, 66, 34.38 W, 765 MHz
2026/09/30 04:43:45.831, Tesla T4, 2309 MiB, 15360 MiB, 62 %, 66, 36.55 W, 1170 MHz
2026/09/30 04:43:46.338, Tesla T4, 2309 MiB, 15360 MiB, 24 %, 66, 38.10 W, 1170 MHz
2026/09/30 04:43:46.844, Tesla T4, 2309 MiB, 15360 MiB, 17 %, 66, 35.66 W, 1170 MHz
2026/09/30 04:43:47.362, Tesla T4, 2309 MiB, 15360 MiB, 17 %, 66, 37.24 W, 1170 MHz
2026/09/30 04:43:47.879, Tesla T4, 2309 MiB, 15360 MiB, 25 %, 65, 34.42 W, 690 MHz
2026/09/30 04:43:48.390, Tesla T4, 2309 MiB, 15360 MiB, 23 %, 65, 32.92 W, 630 MHz
2026/09/30 04:43:48.929, Tesla T4, 2309 MiB, 15360 MiB, 24 %, 65, 33.19 W, 585 MHz
2026/09/30 04:43:49.443, Tesla T4, 2309 MiB, 15360 MiB, 36 %, 65, 34.79 W, 585 MHz
2026/09/30 04:43:49.950, Tesla T4, 2309 MiB, 15360 MiB, 36 %, 65, 36.45 W, 585 MHz
2026/09/30 04:43:50.458, Tesla T4, 2309 MiB, 15360 MiB, 36 %, 65, 35.68 W, 585 MHz
2026/09/30 04:43:50.965, Tesla T4, 2309 MiB, 15360 MiB, 39 %, 65, 34.38 W, 585 MHz
2026/09/30 04:43:51.472, Tesla T4, 2309 MiB, 15360 MiB, 44 %, 65, 35.28 W, 885 MHz
2026/09/30 04:43:51.979, Tesla T4, 2309 MiB, 15360 MiB, 29 %, 65, 36.29 W, 885 MHz
2026/09/30 04:43:52.489, Tesla T4, 2309 MiB, 15360 MiB, 27 %, 65, 35.09 W, 885 MHz
2026/09/30 04:43:52.996, Tesla T4, 2309 MiB, 15360 MiB, 29 %, 65, 35.93 W, 885 MHz
2026/09/30 04:43:53.503, Tesla T4, 2309 MiB, 15360 MiB, 31 %, 65, 34.69 W, 675 MHz
2026/09/30 04:43:54.011, Tesla T4, 2309 MiB, 15360 MiB, 33 %, 65, 36.57 W, 660 MHz
2026/09/30 04:43:54.518, Tesla T4, 2309 MiB, 15360 MiB, 32 %, 65, 35.40 W, 630 MHz
2026/09/30 04:43:55.025, Tesla T4, 2309 MiB, 15360 MiB, 35 %, 65, 37.14 W, 615 MHz
2026/09/30 04:43:55.532, Tesla T4, 2309 MiB, 15360 MiB, 33 %, 64, 34.89 W, 600 MHz
2026/09/30 04:43:56.044, Tesla T4, 2309 MiB, 15360 MiB, 25 %, 64, 35.76 W, 1050 MHz
2026/09/30 04:43:56.550, Tesla T4, 2309 MiB, 15360 MiB, 48 %, 65, 41.90 W, 1275 MHz
2026/09/30 04:43:57.056, Tesla T4, 2309 MiB, 15360 MiB, 22 %, 65, 39.38 W, 1275 MHz
2026/09/30 04:43:57.563, Tesla T4, 2309 MiB, 15360 MiB, 22 %, 65, 39.80 W, 1275 MHz
2026/09/30 04:43:58.069, Tesla T4, 2309 MiB, 15360 MiB, 23 %, 65, 38.69 W, 1275 MHz
2026/09/30 04:43:58.575, Tesla T4, 2309 MiB, 15360 MiB, 30 %, 64, 34.40 W, 825 MHz
2026/09/30 04:43:59.082, Tesla T4, 2309 MiB, 15360 MiB, 59 %, 64, 38.34 W, 1170 MHz
2026/09/30 04:43:59.596, Tesla T4, 2309 MiB, 15360 MiB, 17 %, 64, 36.25 W, 1170 MHz
2026/09/30 04:44:00.107, Tesla T4, 2309 MiB, 15360 MiB, 32 %, 64, 37.26 W, 1170 MHz
2026/09/30 04:44:00.619, Tesla T4, 2309 MiB, 15360 MiB, 19 %, 64, 38.20 W, 1170 MHz
2026/09/30 04:44:01.130, Tesla T4, 2309 MiB, 15360 MiB, 21 %, 64, 33.80 W, 810 MHz
2026/09/30 04:44:01.646, Tesla T4, 2309 MiB, 15360 MiB, 19 %, 64, 36.17 W, 735 MHz
2026/09/30 04:44:02.156, Tesla T4, 2309 MiB, 15360 MiB, 33 %, 64, 34.00 W, 690 MHz
2026/09/30 04:44:02.663, Tesla T4, 2309 MiB, 15360 MiB, 33 %, 64, 34.69 W, 645 MHz
2026/09/30 04:44:03.173, Tesla T4, 2309 MiB, 15360 MiB, 26 %, 64, 35.64 W, 1020 MHz
2026/09/30 04:44:03.679, Tesla T4, 2309 MiB, 15360 MiB, 50 %, 64, 45.54 W, 1305 MHz
2026/09/30 04:44:04.186, Tesla T4, 2309 MiB, 15360 MiB, 23 %, 64, 39.68 W, 1305 MHz
2026/09/30 04:44:04.692, Tesla T4, 2309 MiB, 15360 MiB, 23 %, 64, 41.58 W, 1305 MHz
2026/09/30 04:44:05.200, Tesla T4, 2309 MiB, 15360 MiB, 23 %, 65, 41.50 W, 1305 MHz
2026/09/30 04:44:05.706, Tesla T4, 2309 MiB, 15360 MiB, 30 %, 64, 34.40 W, 855 MHz
2026/09/30 04:44:06.213, Tesla T4, 2309 MiB, 15360 MiB, 45 %, 64, 35.76 W, 945 MHz
2026/09/30 04:44:06.720, Tesla T4, 2309 MiB, 15360 MiB, 27 %, 64, 35.36 W, 945 MHz
2026/09/30 04:44:07.228, Tesla T4, 2309 MiB, 15360 MiB, 53 %, 64, 41.03 W, 1275 MHz
2026/09/30 04:44:07.733, Tesla T4, 2309 MiB, 15360 MiB, 23 %, 65, 43.15 W, 1275 MHz
2026/09/30 04:44:08.239, Tesla T4, 2309 MiB, 15360 MiB, 22 %, 65, 39.88 W, 1275 MHz
2026/09/30 04:44:08.745, Tesla T4, 2309 MiB, 15360 MiB, 22 %, 65, 40.91 W, 1275 MHz
2026/09/30 04:44:09.254, Tesla T4, 2309 MiB, 15360 MiB, 28 %, 64, 36.37 W, 825 MHz
2026/09/30 04:44:09.761, Tesla T4, 2309 MiB, 15360 MiB, 43 %, 65, 42.44 W, 855 MHz
2026/09/30 04:44:10.268, Tesla T4, 2309 MiB, 15360 MiB, 25 %, 65, 39.21 W, 1005 MHz
2026/09/30 04:44:10.780, Tesla T4, 2309 MiB, 15360 MiB, 20 %, 65, 41.23 W, 1320 MHz
2026/09/30 04:44:11.286, Tesla T4, 2309 MiB, 15360 MiB, 22 %, 65, 39.26 W, 1320 MHz
2026/09/30 04:44:11.791, Tesla T4, 2309 MiB, 15360 MiB, 20 %, 65, 38.20 W, 1320 MHz
2026/09/30 04:44:12.307, Tesla T4, 2309 MiB, 15360 MiB, 23 %, 65, 33.43 W, 780 MHz
2026/09/30 04:44:12.820, Tesla T4, 2309 MiB, 15360 MiB, 25 %, 65, 34.71 W, 735 MHz
2026/09/30 04:44:13.334, Tesla T4, 2309 MiB, 15360 MiB, 58 %, 65, 36.96 W, 1020 MHz
2026/09/30 04:44:13.848, Tesla T4, 2309 MiB, 15360 MiB, 20 %, 65, 36.07 W, 1020 MHz
2026/09/30 04:44:14.362, Tesla T4, 2309 MiB, 15360 MiB, 15 %, 65, 40.74 W, 1020 MHz
2026/09/30 04:44:14.868, Tesla T4, 2309 MiB, 15360 MiB, 27 %, 65, 39.88 W, 1020 MHz
2026/09/30 04:44:15.375, Tesla T4, 2309 MiB, 15360 MiB, 29 %, 65, 34.99 W, 750 MHz
2026/09/30 04:44:15.883, Tesla T4, 2309 MiB, 15360 MiB, 33 %, 65, 34.87 W, 735 MHz
2026/09/30 04:44:16.390, Tesla T4, 2309 MiB, 15360 MiB, 31 %, 65, 35.88 W, 690 MHz
2026/09/30 04:44:16.898, Tesla T4, 2309 MiB, 15360 MiB, 34 %, 65, 36.45 W, 660 MHz
2026/09/30 04:44:17.410, Tesla T4, 2309 MiB, 15360 MiB, 33 %, 65, 33.88 W, 645 MHz
2026/09/30 04:44:17.917, Tesla T4, 2309 MiB, 15360 MiB, 67 %, 65, 36.65 W, 1065 MHz
2026/09/30 04:44:18.425, Tesla T4, 2309 MiB, 15360 MiB, 25 %, 65, 36.13 W, 1065 MHz
2026/09/30 04:44:18.932, Tesla T4, 2309 MiB, 15360 MiB, 24 %, 65, 37.24 W, 1065 MHz
2026/09/30 04:44:19.438, Tesla T4, 2309 MiB, 15360 MiB, 49 %, 66, 40.25 W, 1335 MHz
2026/09/30 04:44:19.943, Tesla T4, 2309 MiB, 15360 MiB, 21 %, 66, 42.19 W, 1335 MHz
2026/09/30 04:44:20.450, Tesla T4, 2309 MiB, 15360 MiB, 23 %, 66, 40.25 W, 1335 MHz
2026/09/30 04:44:20.956, Tesla T4, 2309 MiB, 15360 MiB, 22 %, 66, 39.09 W, 1335 MHz
2026/09/30 04:44:21.464, Tesla T4, 2309 MiB, 15360 MiB, 29 %, 66, 33.88 W, 855 MHz
2026/09/30 04:44:21.971, Tesla T4, 2309 MiB, 15360 MiB, 30 %, 66, 34.81 W, 795 MHz
2026/09/30 04:44:22.479, Tesla T4, 2309 MiB, 15360 MiB, 31 %, 66, 35.26 W, 765 MHz
2026/09/30 04:44:22.993, Tesla T4, 2309 MiB, 15360 MiB, 31 %, 66, 34.89 W, 720 MHz
2026/09/30 04:44:23.500, Tesla T4, 2309 MiB, 15360 MiB, 33 %, 66, 35.19 W, 690 MHz
2026/09/30 04:44:24.016, Tesla T4, 2309 MiB, 15360 MiB, 33 %, 66, 34.40 W, 660 MHz
2026/09/30 04:44:24.524, Tesla T4, 2309 MiB, 15360 MiB, 30 %, 66, 34.69 W, 615 MHz
2026/09/30 04:44:25.046, Tesla T4, 2309 MiB, 15360 MiB, 28 %, 66, 37.85 W, 585 MHz
2026/09/30 04:44:25.577, Tesla T4, 2309 MiB, 15360 MiB, 31 %, 66, 33.69 W, 585 MHz
2026/09/30 04:44:26.103, Tesla T4, 2309 MiB, 15360 MiB, 46 %, 65, 32.92 W, 675 MHz
2026/09/30 04:44:26.616, Tesla T4, 2309 MiB, 15360 MiB, 21 %, 65, 32.74 W, 735 MHz
2026/09/30 04:44:27.130, Tesla T4, 2309 MiB, 15360 MiB, 26 %, 65, 36.55 W, 735 MHz
2026/09/30 04:44:27.637, Tesla T4, 2309 MiB, 15360 MiB, 32 %, 65, 34.79 W, 735 MHz
2026/09/30 04:44:28.145, Tesla T4, 2309 MiB, 15360 MiB, 36 %, 65, 34.85 W, 615 MHz
2026/09/30 04:44:28.660, Tesla T4, 2309 MiB, 15360 MiB, 35 %, 65, 36.45 W, 615 MHz
2026/09/30 04:44:29.168, Tesla T4, 2309 MiB, 15360 MiB, 53 %, 65, 38.50 W, 915 MHz
2026/09/30 04:44:29.677, Tesla T4, 2309 MiB, 15360 MiB, 56 %, 66, 43.42 W, 1305 MHz
2026/09/30 04:44:30.183, Tesla T4, 2309 MiB, 15360 MiB, 46 %, 66, 48.62 W, 1515 MHz
2026/09/30 04:44:30.688, Tesla T4, 2309 MiB, 15360 MiB, 25 %, 66, 51.15 W, 1515 MHz
2026/09/30 04:44:31.194, Tesla T4, 2309 MiB, 15360 MiB, 26 %, 66, 49.18 W, 1515 MHz
2026/09/30 04:44:31.701, Tesla T4, 2309 MiB, 15360 MiB, 26 %, 66, 46.55 W, 1515 MHz
2026/09/30 04:44:32.206, Tesla T4, 2309 MiB, 15360 MiB, 41 %, 67, 55.44 W, 1590 MHz
2026/09/30 04:44:32.712, Tesla T4, 2309 MiB, 15360 MiB, 25 %, 67, 53.51 W, 1590 MHz
2026/09/30 04:44:33.217, Tesla T4, 2309 MiB, 15360 MiB, 25 %, 67, 49.10 W, 1590 MHz
2026/09/30 04:44:33.724, Tesla T4, 2309 MiB, 15360 MiB, 25 %, 67, 56.52 W, 1590 MHz
2026/09/30 04:44:34.229, Tesla T4, 2309 MiB, 15360 MiB, 29 %, 66, 40.57 W, 1110 MHz
2026/09/30 04:44:34.736, Tesla T4, 2309 MiB, 15360 MiB, 29 %, 66, 36.62 W, 1065 MHz
2026/09/30 04:44:35.243, Tesla T4, 2309 MiB, 15360 MiB, 27 %, 66, 40.05 W, 975 MHz
2026/09/30 04:44:35.750, Tesla T4, 2309 MiB, 15360 MiB, 34 %, 66, 38.69 W, 945 MHz
2026/09/30 04:44:36.258, Tesla T4, 2309 MiB, 15360 MiB, 32 %, 66, 38.24 W, 915 MHz
2026/09/30 04:44:36.765, Tesla T4, 2309 MiB, 15360 MiB, 35 %, 66, 39.70 W, 885 MHz
2026/09/30 04:44:37.274, Tesla T4, 2309 MiB, 15360 MiB, 24 %, 66, 37.36 W, 825 MHz
2026/09/30 04:44:37.790, Tesla T4, 2309 MiB, 15360 MiB, 30 %, 65, 37.46 W, 765 MHz
2026/09/30 04:44:38.305, Tesla T4, 2309 MiB, 15360 MiB, 29 %, 65, 34.77 W, 735 MHz
2026/09/30 04:44:38.826, Tesla T4, 2309 MiB, 15360 MiB, 29 %, 65, 35.56 W, 690 MHz
2026/09/30 04:44:39.339, Tesla T4, 2309 MiB, 15360 MiB, 26 %, 65, 35.66 W, 645 MHz
2026/09/30 04:44:39.853, Tesla T4, 2309 MiB, 15360 MiB, 60 %, 65, 41.13 W, 975 MHz
2026/09/30 04:44:40.363, Tesla T4, 2309 MiB, 15360 MiB, 30 %, 65, 38.00 W, 975 MHz
2026/09/30 04:44:40.870, Tesla T4, 2309 MiB, 15360 MiB, 54 %, 66, 42.54 W, 1335 MHz
2026/09/30 04:44:41.376, Tesla T4, 2309 MiB, 15360 MiB, 27 %, 66, 43.10 W, 1335 MHz
2026/09/30 04:44:41.883, Tesla T4, 2309 MiB, 15360 MiB, 26 %, 66, 42.54 W, 1335 MHz
2026/09/30 04:44:42.390, Tesla T4, 2309 MiB, 15360 MiB, 27 %, 66, 43.99 W, 1335 MHz
2026/09/30 04:44:42.896, Tesla T4, 2309 MiB, 15360 MiB, 32 %, 66, 39.41 W, 1020 MHz
2026/09/30 04:44:43.403, Tesla T4, 2309 MiB, 15360 MiB, 33 %, 66, 38.22 W, 975 MHz
2026/09/30 04:44:43.928, Tesla T4, 2309 MiB, 15360 MiB, 34 %, 66, 38.64 W, 945 MHz
2026/09/30 04:44:44.436, Tesla T4, 2309 MiB, 15360 MiB, 50 %, 66, 43.91 W, 1155 MHz
2026/09/30 04:44:44.958, Tesla T4, 2309 MiB, 15360 MiB, 28 %, 66, 41.21 W, 1155 MHz
2026/09/30 04:44:45.464, Tesla T4, 2309 MiB, 15360 MiB, 30 %, 66, 37.83 W, 1155 MHz
2026/09/30 04:44:45.974, Tesla T4, 2309 MiB, 15360 MiB, 29 %, 66, 42.34 W, 1155 MHz
2026/09/30 04:44:46.480, Tesla T4, 2309 MiB, 15360 MiB, 53 %, 66, 40.84 W, 1215 MHz
2026/09/30 04:44:46.987, Tesla T4, 2309 MiB, 15360 MiB, 26 %, 66, 43.52 W, 1215 MHz
2026/09/30 04:44:47.493, Tesla T4, 2309 MiB, 15360 MiB, 29 %, 66, 39.88 W, 1215 MHz
2026/09/30 04:44:47.999, Tesla T4, 2309 MiB, 15360 MiB, 48 %, 67, 49.13 W, 1485 MHz
2026/09/30 04:44:48.505, Tesla T4, 2309 MiB, 15360 MiB, 28 %, 67, 48.15 W, 1485 MHz
2026/09/30 04:44:49.011, Tesla T4, 2309 MiB, 15360 MiB, 26 %, 67, 48.36 W, 1485 MHz
2026/09/30 04:44:49.519, Tesla T4, 2309 MiB, 15360 MiB, 24 %, 67, 44.85 W, 1485 MHz
2026/09/30 04:44:50.029, Tesla T4, 2309 MiB, 15360 MiB, 23 %, 67, 38.42 W, 1050 MHz
2026/09/30 04:44:50.542, Tesla T4, 2309 MiB, 15360 MiB, 25 %, 66, 37.14 W, 990 MHz
2026/09/30 04:44:51.056, Tesla T4, 2309 MiB, 15360 MiB, 26 %, 66, 35.07 W, 900 MHz
2026/09/30 04:44:51.571, Tesla T4, 2309 MiB, 15360 MiB, 26 %, 66, 35.48 W, 840 MHz
2026/09/30 04:44:52.083, Tesla T4, 2309 MiB, 15360 MiB, 27 %, 66, 37.83 W, 750 MHz
2026/09/30 04:44:52.593, Tesla T4, 2309 MiB, 15360 MiB, 35 %, 66, 36.96 W, 735 MHz
2026/09/30 04:44:53.100, Tesla T4, 2309 MiB, 15360 MiB, 37 %, 66, 37.90 W, 720 MHz
2026/09/30 04:44:53.608, Tesla T4, 2309 MiB, 15360 MiB, 39 %, 66, 40.76 W, 720 MHz
2026/09/30 04:44:54.116, Tesla T4, 2309 MiB, 15360 MiB, 37 %, 66, 36.80 W, 720 MHz
2026/09/30 04:44:54.623, Tesla T4, 2309 MiB, 15360 MiB, 39 %, 67, 37.26 W, 720 MHz
2026/09/30 04:44:55.130, Tesla T4, 2309 MiB, 15360 MiB, 25 %, 67, 38.81 W, 1110 MHz
2026/09/30 04:44:55.637, Tesla T4, 2309 MiB, 15360 MiB, 30 %, 67, 39.95 W, 1110 MHz
2026/09/30 04:44:56.144, Tesla T4, 2309 MiB, 15360 MiB, 28 %, 67, 38.75 W, 1110 MHz
2026/09/30 04:44:56.650, Tesla T4, 2309 MiB, 15360 MiB, 29 %, 67, 40.37 W, 915 MHz
2026/09/30 04:44:57.161, Tesla T4, 2309 MiB, 15360 MiB, 31 %, 67, 37.22 W, 885 MHz
2026/09/30 04:44:57.669, Tesla T4, 2309 MiB, 15360 MiB, 35 %, 67, 37.85 W, 855 MHz
2026/09/30 04:44:58.176, Tesla T4, 2309 MiB, 15360 MiB, 34 %, 67, 41.33 W, 825 MHz
2026/09/30 04:44:58.684, Tesla T4, 2309 MiB, 15360 MiB, 37 %, 67, 38.03 W, 810 MHz
2026/09/30 04:44:59.191, Tesla T4, 2309 MiB, 15360 MiB, 35 %, 67, 36.82 W, 795 MHz
2026/09/30 04:44:59.698, Tesla T4, 2309 MiB, 15360 MiB, 37 %, 67, 36.50 W, 780 MHz
2026/09/30 04:45:00.206, Tesla T4, 2309 MiB, 15360 MiB, 38 %, 66, 40.76 W, 765 MHz
2026/09/30 04:45:00.713, Tesla T4, 2309 MiB, 15360 MiB, 38 %, 66, 36.76 W, 750 MHz
2026/09/30 04:45:01.224, Tesla T4, 2309 MiB, 15360 MiB, 38 %, 66, 37.04 W, 735 MHz
2026/09/30 04:45:01.732, Tesla T4, 2309 MiB, 15360 MiB, 46 %, 66, 42.31 W, 840 MHz
2026/09/30 04:45:02.241, Tesla T4, 2309 MiB, 15360 MiB, 23 %, 66, 37.06 W, 1080 MHz
2026/09/30 04:45:02.751, Tesla T4, 2309 MiB, 15360 MiB, 23 %, 66, 38.52 W, 1080 MHz
2026/09/30 04:45:03.269, Tesla T4, 2309 MiB, 15360 MiB, 23 %, 66, 40.49 W, 1080 MHz
2026/09/30 04:45:03.782, Tesla T4, 2309 MiB, 15360 MiB, 22 %, 66, 39.01 W, 735 MHz
2026/09/30 04:45:04.296, Tesla T4, 2309 MiB, 15360 MiB, 24 %, 66, 35.95 W, 1005 MHz
2026/09/30 04:45:04.813, Tesla T4, 2309 MiB, 15360 MiB, 26 %, 66, 40.07 W, 1005 MHz
2026/09/30 04:45:05.320, Tesla T4, 2309 MiB, 15360 MiB, 31 %, 66, 37.43 W, 1005 MHz
2026/09/30 04:45:05.826, Tesla T4, 2309 MiB, 15360 MiB, 30 %, 66, 38.77 W, 1005 MHz
2026/09/30 04:45:06.333, Tesla T4, 2309 MiB, 15360 MiB, 36 %, 66, 37.43 W, 810 MHz
2026/09/30 04:45:06.840, Tesla T4, 2309 MiB, 15360 MiB, 34 %, 66, 37.31 W, 795 MHz
2026/09/30 04:45:07.348, Tesla T4, 2309 MiB, 15360 MiB, 38 %, 65, 37.73 W, 765 MHz
2026/09/30 04:45:07.856, Tesla T4, 2309 MiB, 15360 MiB, 43 %, 65, 36.65 W, 825 MHz
2026/09/30 04:45:08.363, Tesla T4, 2309 MiB, 15360 MiB, 30 %, 65, 39.70 W, 1095 MHz
2026/09/30 04:45:08.871, Tesla T4, 2309 MiB, 15360 MiB, 29 %, 65, 41.62 W, 1095 MHz
2026/09/30 04:45:09.378, Tesla T4, 2309 MiB, 15360 MiB, 29 %, 65, 39.60 W, 1095 MHz
2026/09/30 04:45:09.884, Tesla T4, 2309 MiB, 15360 MiB, 27 %, 65, 38.89 W, 870 MHz
2026/09/30 04:45:10.392, Tesla T4, 2309 MiB, 15360 MiB, 34 %, 65, 37.75 W, 840 MHz
2026/09/30 04:45:10.899, Tesla T4, 2309 MiB, 15360 MiB, 50 %, 65, 38.03 W, 1020 MHz
2026/09/30 04:45:11.410, Tesla T4, 2309 MiB, 15360 MiB, 30 %, 65, 37.90 W, 1020 MHz
2026/09/30 04:45:11.917, Tesla T4, 2309 MiB, 15360 MiB, 29 %, 65, 41.60 W, 1020 MHz
2026/09/30 04:45:12.424, Tesla T4, 2309 MiB, 15360 MiB, 53 %, 65, 42.91 W, 1380 MHz
2026/09/30 04:45:12.930, Tesla T4, 2309 MiB, 15360 MiB, 25 %, 65, 45.74 W, 1380 MHz
2026/09/30 04:45:13.437, Tesla T4, 2309 MiB, 15360 MiB, 26 %, 66, 45.20 W, 1380 MHz
2026/09/30 04:45:13.943, Tesla T4, 2309 MiB, 15360 MiB, 28 %, 66, 44.78 W, 1380 MHz
2026/09/30 04:45:14.451, Tesla T4, 2309 MiB, 15360 MiB, 31 %, 65, 39.06 W, 1035 MHz
2026/09/30 04:45:14.958, Tesla T4, 2309 MiB, 15360 MiB, 23 %, 65, 34.79 W, 945 MHz
2026/09/30 04:45:15.470, Tesla T4, 2309 MiB, 15360 MiB, 27 %, 65, 33.67 W, 885 MHz
2026/09/30 04:45:15.984, Tesla T4, 2309 MiB, 15360 MiB, 26 %, 65, 36.07 W, 810 MHz
2026/09/30 04:45:16.498, Tesla T4, 2309 MiB, 15360 MiB, 27 %, 65, 41.23 W, 765 MHz
2026/09/30 04:45:17.013, Tesla T4, 2309 MiB, 15360 MiB, 19 %, 65, 35.88 W, 1050 MHz
2026/09/30 04:45:17.527, Tesla T4, 2309 MiB, 15360 MiB, 28 %, 65, 42.29 W, 1290 MHz
2026/09/30 04:45:18.033, Tesla T4, 2309 MiB, 15360 MiB, 25 %, 65, 45.81 W, 1290 MHz
2026/09/30 04:45:18.540, Tesla T4, 2309 MiB, 15360 MiB, 28 %, 65, 40.81 W, 1290 MHz
2026/09/30 04:45:19.046, Tesla T4, 2309 MiB, 15360 MiB, 26 %, 65, 41.60 W, 1290 MHz
2026/09/30 04:45:19.552, Tesla T4, 2309 MiB, 15360 MiB, 33 %, 65, 38.24 W, 960 MHz
2026/09/30 04:45:20.059, Tesla T4, 2309 MiB, 15360 MiB, 33 %, 65, 36.37 W, 945 MHz
2026/09/30 04:45:20.566, Tesla T4, 2309 MiB, 15360 MiB, 35 %, 65, 41.85 W, 900 MHz
2026/09/30 04:45:21.073, Tesla T4, 2309 MiB, 15360 MiB, 34 %, 65, 39.85 W, 885 MHz
2026/09/30 04:45:21.581, Tesla T4, 2309 MiB, 15360 MiB, 36 %, 65, 36.65 W, 855 MHz
2026/09/30 04:45:22.088, Tesla T4, 2309 MiB, 15360 MiB, 34 %, 65, 37.43 W, 840 MHz
2026/09/30 04:45:22.596, Tesla T4, 2309 MiB, 15360 MiB, 36 %, 65, 37.12 W, 810 MHz
2026/09/30 04:45:23.103, Tesla T4, 2309 MiB, 15360 MiB, 35 %, 65, 35.09 W, 795 MHz
2026/09/30 04:45:23.611, Tesla T4, 2309 MiB, 15360 MiB, 36 %, 65, 37.75 W, 765 MHz
2026/09/30 04:45:24.119, Tesla T4, 2309 MiB, 15360 MiB, 37 %, 66, 38.10 W, 765 MHz
2026/09/30 04:45:24.626, Tesla T4, 2309 MiB, 15360 MiB, 29 %, 66, 43.18 W, 1140 MHz
2026/09/30 04:45:25.133, Tesla T4, 2309 MiB, 15360 MiB, 28 %, 66, 39.38 W, 1140 MHz
2026/09/30 04:45:25.643, Tesla T4, 2309 MiB, 15360 MiB, 27 %, 66, 40.17 W, 1140 MHz
2026/09/30 04:45:26.150, Tesla T4, 2309 MiB, 15360 MiB, 25 %, 66, 44.72 W, 1425 MHz
2026/09/30 04:45:26.659, Tesla T4, 2309 MiB, 15360 MiB, 27 %, 67, 46.17 W, 1425 MHz
2026/09/30 04:45:27.168, Tesla T4, 2309 MiB, 15360 MiB, 25 %, 67, 46.89 W, 1425 MHz
2026/09/30 04:45:27.684, Tesla T4, 2309 MiB, 15360 MiB, 19 %, 66, 36.72 W, 990 MHz
2026/09/30 04:45:28.196, Tesla T4, 2309 MiB, 15360 MiB, 25 %, 66, 39.48 W, 885 MHz
2026/09/30 04:45:28.709, Tesla T4, 2309 MiB, 15360 MiB, 28 %, 66, 38.15 W, 840 MHz
2026/09/30 04:45:29.226, Tesla T4, 2309 MiB, 15360 MiB, 28 %, 66, 38.79 W, 765 MHz
2026/09/30 04:45:29.739, Tesla T4, 2309 MiB, 15360 MiB, 22 %, 66, 35.07 W, 1020 MHz
2026/09/30 04:45:30.246, Tesla T4, 2309 MiB, 15360 MiB, 31 %, 66, 39.41 W, 1020 MHz
2026/09/30 04:45:30.753, Tesla T4, 2309 MiB, 15360 MiB, 28 %, 67, 38.72 W, 1020 MHz
2026/09/30 04:45:31.259, Tesla T4, 2309 MiB, 15360 MiB, 31 %, 66, 37.51 W, 855 MHz
2026/09/30 04:45:31.767, Tesla T4, 2309 MiB, 15360 MiB, 34 %, 66, 37.69 W, 825 MHz
2026/09/30 04:45:32.274, Tesla T4, 2309 MiB, 15360 MiB, 37 %, 67, 38.60 W, 810 MHz
2026/09/30 04:45:32.782, Tesla T4, 2309 MiB, 15360 MiB, 31 %, 67, 39.88 W, 1035 MHz
2026/09/30 04:45:33.291, Tesla T4, 2309 MiB, 15360 MiB, 27 %, 67, 44.60 W, 1350 MHz
2026/09/30 04:45:33.797, Tesla T4, 2309 MiB, 15360 MiB, 27 %, 67, 44.72 W, 1350 MHz
2026/09/30 04:45:34.302, Tesla T4, 2309 MiB, 15360 MiB, 27 %, 67, 45.86 W, 1350 MHz
2026/09/30 04:45:34.808, Tesla T4, 2309 MiB, 15360 MiB, 27 %, 67, 44.09 W, 1425 MHz
2026/09/30 04:45:35.314, Tesla T4, 2309 MiB, 15360 MiB, 40 %, 68, 44.26 W, 1455 MHz
2026/09/30 04:45:35.821, Tesla T4, 2309 MiB, 15360 MiB, 25 %, 68, 47.28 W, 1455 MHz
2026/09/30 04:45:36.327, Tesla T4, 2309 MiB, 15360 MiB, 26 %, 68, 45.31 W, 1455 MHz
2026/09/30 04:45:36.833, Tesla T4, 2309 MiB, 15360 MiB, 24 %, 68, 57.18 W, 1590 MHz
2026/09/30 04:45:37.339, Tesla T4, 2309 MiB, 15360 MiB, 41 %, 68, 51.45 W, 1590 MHz
2026/09/30 04:45:37.846, Tesla T4, 2309 MiB, 15360 MiB, 25 %, 68, 51.00 W, 1590 MHz
2026/09/30 04:45:38.352, Tesla T4, 2309 MiB, 15360 MiB, 25 %, 69, 52.07 W, 1590 MHz
2026/09/30 04:45:38.858, Tesla T4, 2309 MiB, 15360 MiB, 42 %, 69, 49.74 W, 1590 MHz
2026/09/30 04:45:39.364, Tesla T4, 2309 MiB, 15360 MiB, 27 %, 69, 55.44 W, 1590 MHz
2026/09/30 04:45:39.870, Tesla T4, 2309 MiB, 15360 MiB, 21 %, 69, 47.58 W, 1590 MHz
2026/09/30 04:45:40.381, Tesla T4, 2309 MiB, 15360 MiB, 18 %, 69, 52.07 W, 1590 MHz
2026/09/30 04:45:40.896, Tesla T4, 2309 MiB, 15360 MiB, 24 %, 68, 39.19 W, 1110 MHz
2026/09/30 04:45:41.414, Tesla T4, 2309 MiB, 15360 MiB, 42 %, 68, 36.45 W, 1110 MHz
2026/09/30 04:45:41.930, Tesla T4, 2309 MiB, 15360 MiB, 23 %, 68, 48.29 W, 1110 MHz
2026/09/30 04:45:42.436, Tesla T4, 2309 MiB, 15360 MiB, 26 %, 68, 42.44 W, 1185 MHz
2026/09/30 04:45:42.943, Tesla T4, 2309 MiB, 15360 MiB, 29 %, 68, 41.75 W, 1185 MHz
2026/09/30 04:45:43.450, Tesla T4, 2309 MiB, 15360 MiB, 29 %, 68, 40.94 W, 1185 MHz
2026/09/30 04:45:43.957, Tesla T4, 2309 MiB, 15360 MiB, 48 %, 68, 43.87 W, 1455 MHz
2026/09/30 04:45:44.463, Tesla T4, 2309 MiB, 15360 MiB, 26 %, 68, 52.49 W, 1455 MHz
2026/09/30 04:45:44.970, Tesla T4, 2309 MiB, 15360 MiB, 27 %, 68, 47.94 W, 1455 MHz
2026/09/30 04:45:45.476, Tesla T4, 2309 MiB, 15360 MiB, 26 %, 68, 48.17 W, 1455 MHz
2026/09/30 04:45:45.982, Tesla T4, 2309 MiB, 15360 MiB, 31 %, 67, 38.67 W, 1065 MHz
2026/09/30 04:45:46.492, Tesla T4, 2309 MiB, 15360 MiB, 43 %, 67, 43.89 W, 1110 MHz
2026/09/30 04:45:47.002, Tesla T4, 2309 MiB, 15360 MiB, 29 %, 67, 40.17 W, 1110 MHz
2026/09/30 04:45:47.509, Tesla T4, 2309 MiB, 15360 MiB, 31 %, 67, 50.56 W, 1110 MHz
2026/09/30 04:45:48.015, Tesla T4, 2309 MiB, 15360 MiB, 27 %, 67, 43.27 W, 1320 MHz
2026/09/30 04:45:48.521, Tesla T4, 2309 MiB, 15360 MiB, 25 %, 67, 42.61 W, 1320 MHz
2026/09/30 04:45:49.028, Tesla T4, 2309 MiB, 15360 MiB, 26 %, 67, 44.19 W, 1320 MHz
2026/09/30 04:45:49.533, Tesla T4, 2309 MiB, 15360 MiB, 24 %, 67, 38.87 W, 975 MHz
2026/09/30 04:45:50.040, Tesla T4, 2309 MiB, 15360 MiB, 31 %, 67, 38.00 W, 930 MHz
2026/09/30 04:45:50.547, Tesla T4, 2309 MiB, 15360 MiB, 32 %, 67, 38.54 W, 900 MHz
2026/09/30 04:45:51.055, Tesla T4, 2309 MiB, 15360 MiB, 34 %, 67, 37.71 W, 870 MHz
2026/09/30 04:45:51.563, Tesla T4, 2309 MiB, 15360 MiB, 33 %, 67, 36.84 W, 840 MHz
2026/09/30 04:45:52.070, Tesla T4, 2309 MiB, 15360 MiB, 28 %, 67, 40.05 W, 1110 MHz
2026/09/30 04:45:52.577, Tesla T4, 2309 MiB, 15360 MiB, 18 %, 67, 37.06 W, 1110 MHz
2026/09/30 04:45:53.093, Tesla T4, 2309 MiB, 15360 MiB, 23 %, 67, 41.16 W, 1110 MHz
2026/09/30 04:45:53.604, Tesla T4, 2309 MiB, 15360 MiB, 24 %, 67, 35.97 W, 795 MHz
2026/09/30 04:45:54.119, Tesla T4, 2309 MiB, 15360 MiB, 0 %, 66, 31.55 W, 660 MHz
2026/09/30 04:45:54.634, Tesla T4, 2309 MiB, 15360 MiB, 0 %, 66, 31.35 W, 585 MHz
2026/09/30 04:45:55.151, Tesla T4, 2309 MiB, 15360 MiB, 0 %, 66, 31.35 W, 585 MHz
2026/09/30 04:45:55.658, Tesla T4, 2309 MiB, 15360 MiB, 0 %, 66, 31.37 W, 585 MHz
2026/09/30 04:45:56.164, Tesla T4, 0 MiB, 15360 MiB, 41 %, 66, 32.05 W, 600 MHz
2026/09/30 04:45:56.672, Tesla T4, 0 MiB, 15360 MiB, 0 %, 66, 31.35 W, 600 MHz
2026/09/30 04:45:57.180, Tesla T4, 0 MiB, 15360 MiB, 0 %, 66, 31.35 W, 600 MHz
2026/09/30 04:45:57.694, Tesla T4, 0 MiB, 15360 MiB, 0 %, 66, 31.35 W, 600 MHz
2026/09/30 04:45:58.202, Tesla T4, 0 MiB, 15360 MiB, 0 %, 66, 30.86 W, 300 MHz
2026/09/30 04:45:58.709, Tesla T4, 0 MiB, 15360 MiB, 0 %, 66, 30.98 W, 300 MHz
2026/09/30 04:45:59.229, Tesla T4, 0 MiB, 15360 MiB, 0 %, 65, 16.99 W, 300 MHz
2026/09/30 04:45:59.740, Tesla T4, 0 MiB, 15360 MiB, 0 %, 65, 16.99 W, 300 MHz
2026/09/30 04:46:00.268, Tesla T4, 0 MiB, 15360 MiB, 0 %, 65, 16.99 W, 300 MHz
2026/09/30 04:46:00.780, Tesla T4, 0 MiB, 15360 MiB, 0 %, 65, 16.99 W, 300 MHz
2026/09/30 04:46:01.300, Tesla T4, 0 MiB, 15360 MiB, 0 %, 65, 16.99 W, 300 MHz
2026/09/30 04:46:01.813, Tesla T4, 0 MiB, 15360 MiB, 0 %, 65, 16.99 W, 300 MHz
2026/09/30 04:46:02.327, Tesla T4, 0 MiB, 15360 MiB, 0 %, 65, 16.89 W, 300 MHz
2026/09/30 04:46:02.845, Tesla T4, 0 MiB, 15360 MiB, 0 %, 64, 16.99 W, 300 MHz
2026/09/30 04:46:03.356, Tesla T4, 0 MiB, 15360 MiB, 0 %, 64, 16.89 W, 300 MHz
2026/09/30 04:46:03.866, Tesla T4, 0 MiB, 15360 MiB, 0 %, 64, 16.89 W, 300 MHz
2026/09/30 04:46:04.376, Tesla T4, 0 MiB, 15360 MiB, 0 %, 64, 16.88 W, 300 MHz
2026/09/30 04:46:04.887, Tesla T4, 0 MiB, 15360 MiB, 0 %, 64, 16.89 W, 300 MHz
2026/09/30 04:46:05.398, Tesla T4, 0 MiB, 15360 MiB, 0 %, 64, 16.98 W, 300 MHz
2026/09/30 04:46:05.923, Tesla T4, 0 MiB, 15360 MiB, 0 %, 64, 16.89 W, 300 MHz
2026/09/30 04:46:06.433, Tesla T4, 0 MiB, 15360 MiB, 0 %, 64, 16.88 W, 300 MHz
2026/09/30 04:46:06.945, Tesla T4, 41 MiB, 15360 MiB, 0 %, 64, 32.42 W, 810 MHz
2026/09/30 04:46:07.458, Tesla T4, 1097 MiB, 15360 MiB, 27 %, 65, 31.35 W, 810 MHz
2026/09/30 04:46:07.964, Tesla T4, 1097 MiB, 15360 MiB, 0 %, 65, 31.35 W, 810 MHz
2026/09/30 04:46:08.471, Tesla T4, 1097 MiB, 15360 MiB, 0 %, 65, 31.37 W, 810 MHz
2026/09/30 04:46:08.979, Tesla T4, 1097 MiB, 15360 MiB, 0 %, 65, 31.08 W, 585 MHz
2026/09/30 04:46:09.490, Tesla T4, 1097 MiB, 15360 MiB, 0 %, 65, 31.08 W, 585 MHz
2026/09/30 04:46:09.996, Tesla T4, 1097 MiB, 15360 MiB, 0 %, 65, 31.16 W, 585 MHz
2026/09/30 04:46:10.502, Tesla T4, 1097 MiB, 15360 MiB, 0 %, 65, 31.06 W, 585 MHz
2026/09/30 04:46:11.010, Tesla T4, 1097 MiB, 15360 MiB, 0 %, 65, 31.26 W, 585 MHz
2026/09/30 04:46:11.516, Tesla T4, 1365 MiB, 15360 MiB, 3 %, 65, 31.06 W, 585 MHz
2026/09/30 04:46:12.023, Tesla T4, 2143 MiB, 15360 MiB, 16 %, 65, 31.16 W, 585 MHz
2026/09/30 04:46:12.530, Tesla T4, 2147 MiB, 15360 MiB, 33 %, 65, 40.25 W, 900 MHz
2026/09/30 04:46:13.037, Tesla T4, 2147 MiB, 15360 MiB, 36 %, 65, 38.60 W, 900 MHz
2026/09/30 04:46:13.545, Tesla T4, 2147 MiB, 15360 MiB, 37 %, 65, 37.12 W, 900 MHz
2026/09/30 04:46:14.052, Tesla T4, 2147 MiB, 15360 MiB, 35 %, 65, 38.40 W, 900 MHz
2026/09/30 04:46:14.559, Tesla T4, 2149 MiB, 15360 MiB, 36 %, 65, 37.33 W, 840 MHz
2026/09/30 04:46:15.067, Tesla T4, 2149 MiB, 15360 MiB, 35 %, 65, 37.46 W, 825 MHz
2026/09/30 04:46:15.575, Tesla T4, 2305 MiB, 15360 MiB, 78 %, 66, 69.47 W, 1050 MHz
2026/09/30 04:46:16.081, Tesla T4, 2307 MiB, 15360 MiB, 58 %, 66, 55.64 W, 1590 MHz
2026/09/30 04:46:16.587, Tesla T4, 2307 MiB, 15360 MiB, 28 %, 67, 57.86 W, 1590 MHz
2026/09/30 04:46:17.093, Tesla T4, 2307 MiB, 15360 MiB, 27 %, 67, 59.90 W, 1590 MHz
2026/09/30 04:46:17.600, Tesla T4, 2307 MiB, 15360 MiB, 22 %, 67, 49.58 W, 1590 MHz
2026/09/30 04:46:18.110, Tesla T4, 2309 MiB, 15360 MiB, 29 %, 66, 43.42 W, 1200 MHz
2026/09/30 04:46:18.624, Tesla T4, 2309 MiB, 15360 MiB, 26 %, 66, 40.86 W, 1125 MHz
2026/09/30 04:46:19.136, Tesla T4, 2309 MiB, 15360 MiB, 27 %, 66, 41.38 W, 1050 MHz
2026/09/30 04:46:19.650, Tesla T4, 2309 MiB, 15360 MiB, 27 %, 65, 36.07 W, 990 MHz
2026/09/30 04:46:20.161, Tesla T4, 2309 MiB, 15360 MiB, 43 %, 66, 43.40 W, 1050 MHz
2026/09/30 04:46:20.669, Tesla T4, 2309 MiB, 15360 MiB, 41 %, 66, 42.81 W, 1095 MHz
2026/09/30 04:46:21.177, Tesla T4, 2309 MiB, 15360 MiB, 38 %, 66, 49.25 W, 1440 MHz
2026/09/30 04:46:21.683, Tesla T4, 2309 MiB, 15360 MiB, 28 %, 66, 44.58 W, 1440 MHz
2026/09/30 04:46:22.189, Tesla T4, 2309 MiB, 15360 MiB, 28 %, 66, 48.49 W, 1440 MHz
2026/09/30 04:46:22.696, Tesla T4, 2309 MiB, 15360 MiB, 26 %, 66, 48.39 W, 1440 MHz
2026/09/30 04:46:23.205, Tesla T4, 2309 MiB, 15360 MiB, 32 %, 65, 38.69 W, 1095 MHz
2026/09/30 04:46:23.712, Tesla T4, 2309 MiB, 15360 MiB, 32 %, 65, 40.39 W, 1065 MHz
2026/09/30 04:46:24.232, Tesla T4, 2309 MiB, 15360 MiB, 33 %, 65, 38.20 W, 1005 MHz
2026/09/30 04:46:24.739, Tesla T4, 2309 MiB, 15360 MiB, 35 %, 65, 38.60 W, 975 MHz
2026/09/30 04:46:25.246, Tesla T4, 2309 MiB, 15360 MiB, 34 %, 65, 37.41 W, 945 MHz
2026/09/30 04:46:25.754, Tesla T4, 2309 MiB, 15360 MiB, 37 %, 65, 39.88 W, 915 MHz
2026/09/30 04:46:26.261, Tesla T4, 2309 MiB, 15360 MiB, 58 %, 65, 48.91 W, 1365 MHz
2026/09/30 04:46:26.767, Tesla T4, 2309 MiB, 15360 MiB, 29 %, 65, 47.21 W, 1365 MHz
2026/09/30 04:46:27.273, Tesla T4, 2309 MiB, 15360 MiB, 29 %, 65, 45.02 W, 1365 MHz
2026/09/30 04:46:27.779, Tesla T4, 2309 MiB, 15360 MiB, 29 %, 66, 46.45 W, 1365 MHz
2026/09/30 04:46:28.285, Tesla T4, 2309 MiB, 15360 MiB, 40 %, 65, 52.79 W, 1110 MHz
2026/09/30 04:46:28.792, Tesla T4, 2309 MiB, 15360 MiB, 29 %, 65, 42.39 W, 1305 MHz
2026/09/30 04:46:29.299, Tesla T4, 2309 MiB, 15360 MiB, 29 %, 65, 42.83 W, 1305 MHz
2026/09/30 04:46:29.805, Tesla T4, 2309 MiB, 15360 MiB, 29 %, 66, 41.95 W, 1305 MHz
2026/09/30 04:46:30.319, Tesla T4, 2309 MiB, 15360 MiB, 20 %, 65, 37.43 W, 990 MHz
2026/09/30 04:46:30.833, Tesla T4, 2309 MiB, 15360 MiB, 29 %, 65, 36.39 W, 900 MHz
2026/09/30 04:46:31.346, Tesla T4, 2309 MiB, 15360 MiB, 28 %, 65, 38.76 W, 855 MHz
2026/09/30 04:46:31.861, Tesla T4, 2309 MiB, 15360 MiB, 28 %, 65, 35.68 W, 780 MHz
2026/09/30 04:46:32.383, Tesla T4, 2309 MiB, 15360 MiB, 25 %, 65, 37.43 W, 720 MHz
2026/09/30 04:46:32.891, Tesla T4, 2309 MiB, 15360 MiB, 41 %, 65, 36.35 W, 735 MHz
2026/09/30 04:46:33.398, Tesla T4, 2309 MiB, 15360 MiB, 40 %, 65, 36.74 W, 735 MHz
2026/09/30 04:46:33.909, Tesla T4, 2309 MiB, 15360 MiB, 41 %, 65, 36.86 W, 780 MHz
2026/09/30 04:46:34.416, Tesla T4, 2309 MiB, 15360 MiB, 37 %, 65, 36.65 W, 780 MHz
2026/09/30 04:46:34.923, Tesla T4, 2309 MiB, 15360 MiB, 40 %, 65, 38.20 W, 795 MHz
2026/09/30 04:46:35.431, Tesla T4, 2309 MiB, 15360 MiB, 26 %, 65, 41.16 W, 1230 MHz
2026/09/30 04:46:35.938, Tesla T4, 2309 MiB, 15360 MiB, 30 %, 66, 41.11 W, 1230 MHz
2026/09/30 04:46:36.445, Tesla T4, 2309 MiB, 15360 MiB, 27 %, 67, 50.63 W, 1590 MHz
2026/09/30 04:46:36.950, Tesla T4, 2309 MiB, 15360 MiB, 30 %, 67, 54.10 W, 1590 MHz
2026/09/30 04:46:37.456, Tesla T4, 2309 MiB, 15360 MiB, 27 %, 67, 52.56 W, 1590 MHz
2026/09/30 04:46:37.962, Tesla T4, 2309 MiB, 15360 MiB, 84 %, 67, 46.37 W, 1560 MHz
2026/09/30 04:46:38.476, Tesla T4, 2309 MiB, 15360 MiB, 35 %, 68, 52.30 W, 1590 MHz
2026/09/30 04:46:38.982, Tesla T4, 2309 MiB, 15360 MiB, 31 %, 68, 53.29 W, 1590 MHz
2026/09/30 04:46:39.488, Tesla T4, 2309 MiB, 15360 MiB, 28 %, 68, 55.61 W, 1590 MHz
2026/09/30 04:46:39.995, Tesla T4, 2309 MiB, 15360 MiB, 31 %, 68, 55.67 W, 1305 MHz
2026/09/30 04:46:40.507, Tesla T4, 2309 MiB, 15360 MiB, 32 %, 68, 44.38 W, 1275 MHz
2026/09/30 04:46:41.013, Tesla T4, 2309 MiB, 15360 MiB, 34 %, 68, 47.53 W, 1230 MHz
2026/09/30 04:46:41.520, Tesla T4, 2309 MiB, 15360 MiB, 34 %, 68, 41.82 W, 1200 MHz
2026/09/30 04:46:42.026, Tesla T4, 2309 MiB, 15360 MiB, 35 %, 68, 41.38 W, 1155 MHz
2026/09/30 04:46:42.533, Tesla T4, 2309 MiB, 15360 MiB, 34 %, 67, 38.84 W, 1140 MHz
2026/09/30 04:46:43.043, Tesla T4, 2309 MiB, 15360 MiB, 28 %, 67, 40.19 W, 1035 MHz
2026/09/30 04:46:43.556, Tesla T4, 2309 MiB, 15360 MiB, 30 %, 67, 37.51 W, 990 MHz
2026/09/30 04:46:44.070, Tesla T4, 2309 MiB, 15360 MiB, 31 %, 67, 36.96 W, 930 MHz
2026/09/30 04:46:44.594, Tesla T4, 2309 MiB, 15360 MiB, 33 %, 67, 37.16 W, 885 MHz
2026/09/30 04:46:45.102, Tesla T4, 2309 MiB, 15360 MiB, 37 %, 67, 38.67 W, 840 MHz
2026/09/30 04:46:45.609, Tesla T4, 2309 MiB, 15360 MiB, 41 %, 68, 40.74 W, 930 MHz
2026/09/30 04:46:46.116, Tesla T4, 2309 MiB, 15360 MiB, 38 %, 68, 41.03 W, 960 MHz
2026/09/30 04:46:46.623, Tesla T4, 2309 MiB, 15360 MiB, 40 %, 68, 41.53 W, 1020 MHz
2026/09/30 04:46:47.142, Tesla T4, 2309 MiB, 15360 MiB, 39 %, 68, 53.51 W, 1020 MHz
2026/09/30 04:46:47.653, Tesla T4, 2309 MiB, 15360 MiB, 26 %, 69, 52.14 W, 1590 MHz
2026/09/30 04:46:48.159, Tesla T4, 2309 MiB, 15360 MiB, 23 %, 69, 49.72 W, 1590 MHz
2026/09/30 04:46:48.664, Tesla T4, 2309 MiB, 15360 MiB, 25 %, 69, 53.12 W, 1590 MHz
2026/09/30 04:46:49.170, Tesla T4, 2309 MiB, 15360 MiB, 23 %, 69, 51.84 W, 1590 MHz
2026/09/30 04:46:49.676, Tesla T4, 2309 MiB, 15360 MiB, 30 %, 68, 41.48 W, 1080 MHz
2026/09/30 04:46:50.183, Tesla T4, 2309 MiB, 15360 MiB, 28 %, 68, 39.78 W, 1035 MHz
2026/09/30 04:46:50.689, Tesla T4, 2309 MiB, 15360 MiB, 32 %, 68, 40.29 W, 990 MHz
2026/09/30 04:46:51.196, Tesla T4, 2309 MiB, 15360 MiB, 29 %, 68, 40.29 W, 945 MHz
2026/09/30 04:46:51.703, Tesla T4, 2309 MiB, 15360 MiB, 34 %, 68, 37.12 W, 900 MHz
2026/09/30 04:46:52.211, Tesla T4, 2309 MiB, 15360 MiB, 31 %, 68, 36.57 W, 870 MHz
2026/09/30 04:46:52.718, Tesla T4, 2309 MiB, 15360 MiB, 35 %, 68, 38.91 W, 840 MHz
2026/09/30 04:46:53.225, Tesla T4, 2309 MiB, 15360 MiB, 33 %, 67, 37.31 W, 825 MHz
2026/09/30 04:46:53.732, Tesla T4, 2309 MiB, 15360 MiB, 36 %, 67, 36.84 W, 810 MHz
2026/09/30 04:46:54.240, Tesla T4, 2309 MiB, 15360 MiB, 35 %, 67, 38.42 W, 795 MHz
2026/09/30 04:46:54.748, Tesla T4, 2309 MiB, 15360 MiB, 37 %, 67, 38.42 W, 780 MHz
2026/09/30 04:46:55.255, Tesla T4, 2309 MiB, 15360 MiB, 26 %, 67, 35.58 W, 720 MHz
2026/09/30 04:46:55.770, Tesla T4, 2309 MiB, 15360 MiB, 31 %, 67, 35.17 W, 690 MHz
2026/09/30 04:46:56.296, Tesla T4, 2309 MiB, 15360 MiB, 28 %, 66, 35.34 W, 645 MHz
2026/09/30 04:46:56.807, Tesla T4, 2309 MiB, 15360 MiB, 59 %, 66, 35.86 W, 960 MHz
2026/09/30 04:46:57.325, Tesla T4, 2309 MiB, 15360 MiB, 24 %, 66, 35.09 W, 960 MHz
2026/09/30 04:46:57.835, Tesla T4, 2309 MiB, 15360 MiB, 30 %, 67, 68.72 W, 960 MHz
2026/09/30 04:46:58.343, Tesla T4, 2309 MiB, 15360 MiB, 31 %, 68, 55.67 W, 1590 MHz
2026/09/30 04:46:58.856, Tesla T4, 2309 MiB, 15360 MiB, 31 %, 68, 54.92 W, 1590 MHz
2026/09/30 04:46:59.362, Tesla T4, 2309 MiB, 15360 MiB, 31 %, 68, 55.05 W, 1575 MHz
2026/09/30 04:46:59.876, Tesla T4, 2309 MiB, 15360 MiB, 27 %, 68, 54.43 W, 1590 MHz
2026/09/30 04:47:00.382, Tesla T4, 2309 MiB, 15360 MiB, 27 %, 68, 53.48 W, 1590 MHz
2026/09/30 04:47:00.887, Tesla T4, 2309 MiB, 15360 MiB, 26 %, 68, 50.44 W, 1590 MHz
2026/09/30 04:47:01.393, Tesla T4, 2309 MiB, 15360 MiB, 27 %, 67, 41.31 W, 1200 MHz
2026/09/30 04:47:01.899, Tesla T4, 2309 MiB, 15360 MiB, 31 %, 67, 41.38 W, 1125 MHz
2026/09/30 04:47:02.406, Tesla T4, 2309 MiB, 15360 MiB, 32 %, 67, 39.04 W, 1095 MHz
2026/09/30 04:47:02.912, Tesla T4, 2309 MiB, 15360 MiB, 32 %, 67, 40.07 W, 1035 MHz
2026/09/30 04:47:03.419, Tesla T4, 2309 MiB, 15360 MiB, 34 %, 67, 39.16 W, 1005 MHz
2026/09/30 04:47:03.931, Tesla T4, 2309 MiB, 15360 MiB, 34 %, 67, 40.15 W, 960 MHz
2026/09/30 04:47:04.437, Tesla T4, 2309 MiB, 15360 MiB, 34 %, 67, 36.92 W, 945 MHz
2026/09/30 04:47:04.945, Tesla T4, 2309 MiB, 15360 MiB, 35 %, 67, 38.60 W, 915 MHz
2026/09/30 04:47:05.452, Tesla T4, 2309 MiB, 15360 MiB, 37 %, 67, 38.24 W, 900 MHz
2026/09/30 04:47:05.960, Tesla T4, 2309 MiB, 15360 MiB, 37 %, 67, 38.74 W, 885 MHz
2026/09/30 04:47:06.467, Tesla T4, 2309 MiB, 15360 MiB, 37 %, 67, 39.06 W, 870 MHz
2026/09/30 04:47:06.975, Tesla T4, 2309 MiB, 15360 MiB, 36 %, 66, 38.00 W, 840 MHz
2026/09/30 04:47:07.482, Tesla T4, 2309 MiB, 15360 MiB, 39 %, 66, 37.65 W, 840 MHz
2026/09/30 04:47:07.990, Tesla T4, 2309 MiB, 15360 MiB, 54 %, 67, 37.31 W, 1110 MHz
2026/09/30 04:47:08.505, Tesla T4, 2309 MiB, 15360 MiB, 22 %, 67, 37.93 W, 1110 MHz
2026/09/30 04:47:09.017, Tesla T4, 2309 MiB, 15360 MiB, 23 %, 67, 41.77 W, 1110 MHz
2026/09/30 04:47:09.528, Tesla T4, 2309 MiB, 15360 MiB, 20 %, 67, 37.14 W, 1110 MHz
2026/09/30 04:47:10.039, Tesla T4, 2309 MiB, 15360 MiB, 25 %, 67, 37.83 W, 735 MHz
2026/09/30 04:47:10.554, Tesla T4, 2309 MiB, 15360 MiB, 40 %, 67, 39.41 W, 705 MHz
2026/09/30 04:47:11.061, Tesla T4, 2309 MiB, 15360 MiB, 40 %, 67, 38.34 W, 750 MHz
2026/09/30 04:47:11.569, Tesla T4, 2309 MiB, 15360 MiB, 37 %, 67, 36.92 W, 750 MHz
2026/09/30 04:47:12.077, Tesla T4, 2309 MiB, 15360 MiB, 38 %, 67, 38.30 W, 750 MHz
2026/09/30 04:47:12.584, Tesla T4, 2309 MiB, 15360 MiB, 37 %, 67, 38.52 W, 750 MHz
2026/09/30 04:47:13.092, Tesla T4, 2309 MiB, 15360 MiB, 37 %, 67, 37.26 W, 735 MHz
2026/09/30 04:47:13.600, Tesla T4, 2309 MiB, 15360 MiB, 40 %, 67, 37.90 W, 765 MHz
2026/09/30 04:47:14.108, Tesla T4, 2309 MiB, 15360 MiB, 39 %, 67, 36.47 W, 765 MHz
2026/09/30 04:47:14.615, Tesla T4, 2309 MiB, 15360 MiB, 40 %, 67, 38.89 W, 765 MHz
2026/09/30 04:47:15.122, Tesla T4, 2309 MiB, 15360 MiB, 39 %, 67, 36.45 W, 780 MHz
2026/09/30 04:47:15.631, Tesla T4, 2309 MiB, 15360 MiB, 38 %, 67, 37.31 W, 780 MHz
2026/09/30 04:47:16.138, Tesla T4, 2309 MiB, 15360 MiB, 37 %, 67, 38.72 W, 780 MHz
2026/09/30 04:47:16.645, Tesla T4, 2309 MiB, 15360 MiB, 40 %, 67, 39.41 W, 780 MHz
2026/09/30 04:47:17.153, Tesla T4, 2309 MiB, 15360 MiB, 64 %, 68, 57.37 W, 1095 MHz
2026/09/30 04:47:17.673, Tesla T4, 2309 MiB, 15360 MiB, 28 %, 68, 55.64 W, 1590 MHz
2026/09/30 04:47:18.180, Tesla T4, 2309 MiB, 15360 MiB, 30 %, 68, 54.89 W, 1590 MHz
2026/09/30 04:47:18.693, Tesla T4, 2309 MiB, 15360 MiB, 29 %, 69, 55.74 W, 1590 MHz
2026/09/30 04:47:19.199, Tesla T4, 2309 MiB, 15360 MiB, 30 %, 69, 46.40 W, 1290 MHz
2026/09/30 04:47:19.706, Tesla T4, 2309 MiB, 15360 MiB, 26 %, 69, 58.13 W, 1590 MHz
2026/09/30 04:47:20.212, Tesla T4, 2309 MiB, 15360 MiB, 27 %, 69, 52.96 W, 1590 MHz
2026/09/30 04:47:20.725, Tesla T4, 2309 MiB, 15360 MiB, 18 %, 69, 52.63 W, 1590 MHz
2026/09/30 04:47:21.235, Tesla T4, 2309 MiB, 15360 MiB, 20 %, 69, 42.14 W, 1050 MHz
2026/09/30 04:47:21.746, Tesla T4, 2309 MiB, 15360 MiB, 26 %, 69, 38.77 W, 960 MHz
2026/09/30 04:47:22.266, Tesla T4, 2309 MiB, 15360 MiB, 27 %, 68, 37.63 W, 900 MHz
2026/09/30 04:47:22.782, Tesla T4, 2309 MiB, 15360 MiB, 25 %, 68, 36.27 W, 810 MHz
2026/09/30 04:47:23.289, Tesla T4, 2309 MiB, 15360 MiB, 65 %, 69, 40.57 W, 1320 MHz
2026/09/30 04:47:23.795, Tesla T4, 2309 MiB, 15360 MiB, 24 %, 69, 41.75 W, 1320 MHz
2026/09/30 04:47:24.301, Tesla T4, 2309 MiB, 15360 MiB, 25 %, 69, 42.71 W, 1320 MHz
2026/09/30 04:47:24.808, Tesla T4, 2309 MiB, 15360 MiB, 24 %, 69, 41.62 W, 1320 MHz
2026/09/30 04:47:25.314, Tesla T4, 2309 MiB, 15360 MiB, 31 %, 68, 39.68 W, 900 MHz
2026/09/30 04:47:25.821, Tesla T4, 2309 MiB, 15360 MiB, 31 %, 68, 36.94 W, 840 MHz
2026/09/30 04:47:26.329, Tesla T4, 2309 MiB, 15360 MiB, 33 %, 68, 35.97 W, 825 MHz
2026/09/30 04:47:26.836, Tesla T4, 2309 MiB, 15360 MiB, 31 %, 68, 37.71 W, 780 MHz
2026/09/30 04:47:27.343, Tesla T4, 2309 MiB, 15360 MiB, 33 %, 68, 38.05 W, 750 MHz
2026/09/30 04:47:27.850, Tesla T4, 2309 MiB, 15360 MiB, 31 %, 68, 35.95 W, 720 MHz
2026/09/30 04:47:28.357, Tesla T4, 2309 MiB, 15360 MiB, 36 %, 69, 40.10 W, 705 MHz
2026/09/30 04:47:28.868, Tesla T4, 2309 MiB, 15360 MiB, 92 %, 69, 46.62 W, 1560 MHz
2026/09/30 04:47:29.376, Tesla T4, 2309 MiB, 15360 MiB, 24 %, 69, 51.94 W, 1590 MHz
2026/09/30 04:47:29.882, Tesla T4, 2309 MiB, 15360 MiB, 23 %, 70, 52.50 W, 1590 MHz
2026/09/30 04:47:30.388, Tesla T4, 2309 MiB, 15360 MiB, 24 %, 70, 50.60 W, 1590 MHz
2026/09/30 04:47:30.896, Tesla T4, 2309 MiB, 15360 MiB, 29 %, 69, 40.37 W, 1110 MHz
2026/09/30 04:47:31.403, Tesla T4, 2309 MiB, 15360 MiB, 32 %, 69, 40.79 W, 1065 MHz
2026/09/30 04:47:31.909, Tesla T4, 2309 MiB, 15360 MiB, 28 %, 69, 43.20 W, 1470 MHz
2026/09/30 04:47:32.415, Tesla T4, 2309 MiB, 15360 MiB, 35 %, 69, 46.33 W, 1470 MHz
2026/09/30 04:47:32.920, Tesla T4, 2309 MiB, 15360 MiB, 18 %, 69, 42.04 W, 1470 MHz
2026/09/30 04:47:33.434, Tesla T4, 2309 MiB, 15360 MiB, 16 %, 69, 43.62 W, 1035 MHz
2026/09/30 04:47:33.948, Tesla T4, 2309 MiB, 15360 MiB, 21 %, 69, 35.19 W, 945 MHz
2026/09/30 04:47:34.462, Tesla T4, 2309 MiB, 15360 MiB, 24 %, 69, 36.76 W, 840 MHz
2026/09/30 04:47:34.978, Tesla T4, 2309 MiB, 15360 MiB, 22 %, 68, 35.58 W, 765 MHz
2026/09/30 04:47:35.499, Tesla T4, 2309 MiB, 15360 MiB, 21 %, 68, 34.99 W, 675 MHz
2026/09/30 04:47:36.006, Tesla T4, 2309 MiB, 15360 MiB, 36 %, 68, 36.37 W, 660 MHz
2026/09/30 04:47:36.514, Tesla T4, 2309 MiB, 15360 MiB, 37 %, 68, 37.43 W, 645 MHz
2026/09/30 04:47:37.022, Tesla T4, 2309 MiB, 15360 MiB, 34 %, 68, 36.88 W, 630 MHz
2026/09/30 04:47:37.529, Tesla T4, 2309 MiB, 15360 MiB, 37 %, 68, 36.07 W, 615 MHz
2026/09/30 04:47:38.036, Tesla T4, 2309 MiB, 15360 MiB, 39 %, 68, 36.76 W, 615 MHz
2026/09/30 04:47:38.543, Tesla T4, 2309 MiB, 15360 MiB, 40 %, 68, 36.07 W, 600 MHz
2026/09/30 04:47:39.051, Tesla T4, 2309 MiB, 15360 MiB, 39 %, 68, 35.28 W, 600 MHz
2026/09/30 04:47:39.558, Tesla T4, 2309 MiB, 15360 MiB, 39 %, 68, 39.09 W, 600 MHz
2026/09/30 04:47:40.065, Tesla T4, 2309 MiB, 15360 MiB, 38 %, 68, 37.55 W, 600 MHz
2026/09/30 04:47:40.572, Tesla T4, 2309 MiB, 15360 MiB, 39 %, 68, 36.25 W, 600 MHz
2026/09/30 04:47:41.079, Tesla T4, 2309 MiB, 15360 MiB, 39 %, 68, 35.17 W, 600 MHz
2026/09/30 04:47:41.588, Tesla T4, 2309 MiB, 15360 MiB, 36 %, 68, 36.09 W, 600 MHz
2026/09/30 04:47:42.096, Tesla T4, 2309 MiB, 15360 MiB, 41 %, 68, 38.42 W, 1035 MHz
2026/09/30 04:47:42.603, Tesla T4, 2309 MiB, 15360 MiB, 26 %, 68, 40.19 W, 1035 MHz
2026/09/30 04:47:43.109, Tesla T4, 2309 MiB, 15360 MiB, 28 %, 68, 38.12 W, 1035 MHz
2026/09/30 04:47:43.618, Tesla T4, 2309 MiB, 15360 MiB, 27 %, 68, 39.88 W, 1035 MHz
2026/09/30 04:47:44.124, Tesla T4, 2309 MiB, 15360 MiB, 33 %, 68, 36.47 W, 795 MHz
2026/09/30 04:47:44.631, Tesla T4, 2309 MiB, 15360 MiB, 32 %, 68, 36.37 W, 780 MHz
2026/09/30 04:47:45.139, Tesla T4, 2309 MiB, 15360 MiB, 48 %, 68, 38.91 W, 1110 MHz
2026/09/30 04:47:45.647, Tesla T4, 2309 MiB, 15360 MiB, 25 %, 68, 38.22 W, 1110 MHz
2026/09/30 04:47:46.158, Tesla T4, 2309 MiB, 15360 MiB, 19 %, 68, 37.73 W, 1110 MHz
2026/09/30 04:47:46.672, Tesla T4, 2309 MiB, 15360 MiB, 21 %, 68, 38.12 W, 1110 MHz
2026/09/30 04:47:47.184, Tesla T4, 2309 MiB, 15360 MiB, 26 %, 68, 34.69 W, 690 MHz
2026/09/30 04:47:47.703, Tesla T4, 2309 MiB, 15360 MiB, 23 %, 68, 33.90 W, 630 MHz
2026/09/30 04:47:48.218, Tesla T4, 2309 MiB, 15360 MiB, 30 %, 68, 36.19 W, 585 MHz
2026/09/30 04:47:48.725, Tesla T4, 2309 MiB, 15360 MiB, 37 %, 68, 37.36 W, 585 MHz
2026/09/30 04:47:49.232, Tesla T4, 2309 MiB, 15360 MiB, 39 %, 68, 35.58 W, 585 MHz
2026/09/30 04:47:49.743, Tesla T4, 2309 MiB, 15360 MiB, 37 %, 68, 36.86 W, 585 MHz
2026/09/30 04:47:50.250, Tesla T4, 2309 MiB, 15360 MiB, 39 %, 68, 35.38 W, 585 MHz
2026/09/30 04:47:50.757, Tesla T4, 2309 MiB, 15360 MiB, 37 %, 68, 38.42 W, 585 MHz
2026/09/30 04:47:51.265, Tesla T4, 2309 MiB, 15360 MiB, 40 %, 68, 36.74 W, 585 MHz
2026/09/30 04:47:51.775, Tesla T4, 2309 MiB, 15360 MiB, 39 %, 69, 34.67 W, 600 MHz
2026/09/30 04:47:52.282, Tesla T4, 2309 MiB, 15360 MiB, 39 %, 68, 35.86 W, 600 MHz
2026/09/30 04:47:52.789, Tesla T4, 2309 MiB, 15360 MiB, 40 %, 69, 34.51 W, 615 MHz
2026/09/30 04:47:53.297, Tesla T4, 2309 MiB, 15360 MiB, 40 %, 69, 37.93 W, 615 MHz
2026/09/30 04:47:53.805, Tesla T4, 2309 MiB, 15360 MiB, 39 %, 69, 35.97 W, 615 MHz
2026/09/30 04:47:54.312, Tesla T4, 2309 MiB, 15360 MiB, 39 %, 69, 38.32 W, 615 MHz
2026/09/30 04:47:54.819, Tesla T4, 2309 MiB, 15360 MiB, 39 %, 69, 37.43 W, 615 MHz
2026/09/30 04:47:55.327, Tesla T4, 2309 MiB, 15360 MiB, 39 %, 69, 38.34 W, 615 MHz
2026/09/30 04:47:55.834, Tesla T4, 2309 MiB, 15360 MiB, 37 %, 69, 38.34 W, 615 MHz
2026/09/30 04:47:56.358, Tesla T4, 2309 MiB, 15360 MiB, 40 %, 69, 38.62 W, 600 MHz
2026/09/30 04:47:56.867, Tesla T4, 2309 MiB, 15360 MiB, 40 %, 69, 38.03 W, 600 MHz
2026/09/30 04:47:57.386, Tesla T4, 2309 MiB, 15360 MiB, 29 %, 69, 37.51 W, 900 MHz
2026/09/30 04:47:57.892, Tesla T4, 2309 MiB, 15360 MiB, 30 %, 69, 36.00 W, 900 MHz
2026/09/30 04:47:58.400, Tesla T4, 2309 MiB, 15360 MiB, 21 %, 69, 34.67 W, 900 MHz
2026/09/30 04:47:58.913, Tesla T4, 2309 MiB, 15360 MiB, 17 %, 70, 49.71 W, 1590 MHz
2026/09/30 04:47:59.426, Tesla T4, 2309 MiB, 15360 MiB, 17 %, 70, 48.56 W, 1590 MHz
2026/09/30 04:47:59.936, Tesla T4, 2309 MiB, 15360 MiB, 14 %, 70, 48.46 W, 1590 MHz
2026/09/30 04:48:00.446, Tesla T4, 2309 MiB, 15360 MiB, 17 %, 70, 49.94 W, 1590 MHz
2026/09/30 04:48:00.955, Tesla T4, 2309 MiB, 15360 MiB, 33 %, 70, 36.67 W, 810 MHz
2026/09/30 04:48:01.462, Tesla T4, 2309 MiB, 15360 MiB, 34 %, 70, 37.55 W, 795 MHz
2026/09/30 04:48:01.969, Tesla T4, 2309 MiB, 15360 MiB, 58 %, 71, 47.15 W, 930 MHz
2026/09/30 04:48:02.477, Tesla T4, 2309 MiB, 15360 MiB, 31 %, 71, 49.91 W, 1590 MHz
2026/09/30 04:48:02.983, Tesla T4, 2309 MiB, 15360 MiB, 23 %, 71, 51.09 W, 1590 MHz
2026/09/30 04:48:03.490, Tesla T4, 2309 MiB, 15360 MiB, 22 %, 71, 51.78 W, 1590 MHz
2026/09/30 04:48:03.995, Tesla T4, 2309 MiB, 15360 MiB, 24 %, 71, 40.84 W, 1110 MHz
2026/09/30 04:48:04.502, Tesla T4, 2309 MiB, 15360 MiB, 28 %, 71, 39.75 W, 1065 MHz
2026/09/30 04:48:05.008, Tesla T4, 2309 MiB, 15360 MiB, 31 %, 71, 41.03 W, 1005 MHz
2026/09/30 04:48:05.515, Tesla T4, 2309 MiB, 15360 MiB, 31 %, 71, 39.19 W, 975 MHz
2026/09/30 04:48:06.022, Tesla T4, 2309 MiB, 15360 MiB, 32 %, 71, 37.36 W, 930 MHz
2026/09/30 04:48:06.529, Tesla T4, 2309 MiB, 15360 MiB, 33 %, 71, 38.10 W, 900 MHz
2026/09/30 04:48:07.036, Tesla T4, 2309 MiB, 15360 MiB, 33 %, 70, 36.76 W, 870 MHz
2026/09/30 04:48:07.545, Tesla T4, 2309 MiB, 15360 MiB, 32 %, 70, 38.50 W, 825 MHz
2026/09/30 04:48:08.055, Tesla T4, 2309 MiB, 15360 MiB, 33 %, 70, 36.84 W, 795 MHz
2026/09/30 04:48:08.562, Tesla T4, 2309 MiB, 15360 MiB, 32 %, 70, 38.10 W, 765 MHz
2026/09/30 04:48:09.074, Tesla T4, 2309 MiB, 15360 MiB, 34 %, 70, 35.58 W, 750 MHz
2026/09/30 04:48:09.581, Tesla T4, 2309 MiB, 15360 MiB, 33 %, 71, 36.76 W, 720 MHz
2026/09/30 04:48:10.088, Tesla T4, 2309 MiB, 15360 MiB, 36 %, 70, 37.43 W, 705 MHz
2026/09/30 04:48:10.596, Tesla T4, 2309 MiB, 15360 MiB, 31 %, 70, 36.17 W, 690 MHz
2026/09/30 04:48:11.104, Tesla T4, 2309 MiB, 15360 MiB, 25 %, 70, 35.11 W, 660 MHz
2026/09/30 04:48:11.625, Tesla T4, 2309 MiB, 15360 MiB, 28 %, 70, 36.96 W, 600 MHz
2026/09/30 04:48:12.146, Tesla T4, 2309 MiB, 15360 MiB, 31 %, 70, 36.69 W, 585 MHz
2026/09/30 04:48:12.671, Tesla T4, 2309 MiB, 15360 MiB, 30 %, 70, 34.20 W, 585 MHz
2026/09/30 04:48:13.183, Tesla T4, 2309 MiB, 15360 MiB, 27 %, 70, 34.69 W, 585 MHz
2026/09/30 04:48:13.698, Tesla T4, 2309 MiB, 15360 MiB, 31 %, 70, 37.10 W, 585 MHz
2026/09/30 04:48:14.206, Tesla T4, 2309 MiB, 15360 MiB, 41 %, 70, 39.04 W, 660 MHz
2026/09/30 04:48:14.713, Tesla T4, 2309 MiB, 15360 MiB, 40 %, 70, 37.93 W, 690 MHz
2026/09/30 04:48:15.223, Tesla T4, 2309 MiB, 15360 MiB, 40 %, 70, 38.50 W, 705 MHz
2026/09/30 04:48:15.730, Tesla T4, 2309 MiB, 15360 MiB, 40 %, 70, 37.73 W, 705 MHz
2026/09/30 04:48:16.253, Tesla T4, 2309 MiB, 15360 MiB, 69 %, 71, 44.01 W, 1215 MHz
2026/09/30 04:48:16.759, Tesla T4, 2309 MiB, 15360 MiB, 22 %, 71, 53.84 W, 1515 MHz
2026/09/30 04:48:17.271, Tesla T4, 2309 MiB, 15360 MiB, 22 %, 71, 46.62 W, 1515 MHz
2026/09/30 04:48:17.777, Tesla T4, 2309 MiB, 15360 MiB, 23 %, 72, 50.43 W, 1515 MHz
2026/09/30 04:48:18.283, Tesla T4, 2309 MiB, 15360 MiB, 22 %, 71, 36.94 W, 990 MHz
2026/09/30 04:48:18.789, Tesla T4, 2309 MiB, 15360 MiB, 29 %, 71, 38.08 W, 915 MHz
2026/09/30 04:48:19.305, Tesla T4, 2309 MiB, 15360 MiB, 31 %, 71, 36.76 W, 870 MHz
2026/09/30 04:48:19.812, Tesla T4, 2309 MiB, 15360 MiB, 31 %, 71, 36.76 W, 825 MHz
2026/09/30 04:48:20.319, Tesla T4, 2309 MiB, 15360 MiB, 33 %, 71, 35.97 W, 795 MHz
2026/09/30 04:48:20.829, Tesla T4, 2309 MiB, 15360 MiB, 31 %, 71, 36.37 W, 750 MHz
2026/09/30 04:48:21.336, Tesla T4, 2309 MiB, 15360 MiB, 32 %, 71, 36.84 W, 720 MHz
2026/09/30 04:48:21.843, Tesla T4, 2309 MiB, 15360 MiB, 34 %, 71, 35.95 W, 690 MHz
2026/09/30 04:48:22.351, Tesla T4, 2309 MiB, 15360 MiB, 36 %, 71, 38.79 W, 675 MHz
2026/09/30 04:48:22.861, Tesla T4, 2309 MiB, 15360 MiB, 37 %, 71, 36.53 W, 660 MHz
2026/09/30 04:48:23.369, Tesla T4, 2309 MiB, 15360 MiB, 37 %, 71, 37.83 W, 645 MHz
2026/09/30 04:48:23.876, Tesla T4, 2309 MiB, 15360 MiB, 27 %, 71, 34.59 W, 615 MHz
2026/09/30 04:48:24.390, Tesla T4, 2309 MiB, 15360 MiB, 29 %, 71, 35.68 W, 585 MHz
2026/09/30 04:48:24.903, Tesla T4, 2309 MiB, 15360 MiB, 33 %, 71, 36.88 W, 585 MHz
2026/09/30 04:48:25.424, Tesla T4, 2309 MiB, 15360 MiB, 29 %, 71, 34.55 W, 585 MHz
2026/09/30 04:48:25.936, Tesla T4, 2309 MiB, 15360 MiB, 26 %, 71, 34.71 W, 585 MHz
2026/09/30 04:48:26.447, Tesla T4, 2309 MiB, 15360 MiB, 47 %, 71, 36.07 W, 690 MHz
2026/09/30 04:48:26.954, Tesla T4, 2309 MiB, 15360 MiB, 27 %, 71, 37.43 W, 1035 MHz
2026/09/30 04:48:27.462, Tesla T4, 2309 MiB, 15360 MiB, 27 %, 71, 37.14 W, 1035 MHz
2026/09/30 04:48:27.968, Tesla T4, 2309 MiB, 15360 MiB, 91 %, 72, 47.45 W, 1575 MHz
2026/09/30 04:48:28.474, Tesla T4, 2309 MiB, 15360 MiB, 24 %, 72, 52.07 W, 1590 MHz
2026/09/30 04:48:28.979, Tesla T4, 2309 MiB, 15360 MiB, 24 %, 72, 56.00 W, 1590 MHz
2026/09/30 04:48:29.484, Tesla T4, 2309 MiB, 15360 MiB, 23 %, 73, 52.30 W, 1590 MHz
2026/09/30 04:48:29.991, Tesla T4, 2309 MiB, 15360 MiB, 27 %, 72, 41.85 W, 1095 MHz
2026/09/30 04:48:30.497, Tesla T4, 2309 MiB, 15360 MiB, 21 %, 72, 49.08 W, 1455 MHz
2026/09/30 04:48:31.003, Tesla T4, 2309 MiB, 15360 MiB, 22 %, 72, 45.90 W, 1455 MHz
2026/09/30 04:48:31.510, Tesla T4, 2309 MiB, 15360 MiB, 20 %, 72, 46.23 W, 1455 MHz
2026/09/30 04:48:32.015, Tesla T4, 2309 MiB, 15360 MiB, 22 %, 73, 45.98 W, 1455 MHz
2026/09/30 04:48:32.525, Tesla T4, 2309 MiB, 15360 MiB, 28 %, 72, 36.17 W, 915 MHz
2026/09/30 04:48:33.045, Tesla T4, 2309 MiB, 15360 MiB, 30 %, 72, 36.62 W, 870 MHz
2026/09/30 04:48:33.552, Tesla T4, 2309 MiB, 15360 MiB, 29 %, 72, 35.88 W, 825 MHz
2026/09/30 04:48:34.059, Tesla T4, 2309 MiB, 15360 MiB, 32 %, 72, 37.14 W, 780 MHz
2026/09/30 04:48:34.568, Tesla T4, 2309 MiB, 15360 MiB, 31 %, 72, 37.46 W, 750 MHz
2026/09/30 04:48:35.075, Tesla T4, 2309 MiB, 15360 MiB, 34 %, 72, 37.04 W, 720 MHz
2026/09/30 04:48:35.582, Tesla T4, 2309 MiB, 15360 MiB, 35 %, 72, 36.74 W, 705 MHz
2026/09/30 04:48:36.090, Tesla T4, 2309 MiB, 15360 MiB, 32 %, 72, 34.69 W, 675 MHz
2026/09/30 04:48:36.603, Tesla T4, 2309 MiB, 15360 MiB, 27 %, 72, 37.55 W, 645 MHz
2026/09/30 04:48:37.118, Tesla T4, 2309 MiB, 15360 MiB, 29 %, 72, 34.40 W, 585 MHz
2026/09/30 04:48:37.632, Tesla T4, 2309 MiB, 15360 MiB, 32 %, 72, 35.38 W, 585 MHz
2026/09/30 04:48:38.144, Tesla T4, 2309 MiB, 15360 MiB, 31 %, 72, 36.17 W, 585 MHz
2026/09/30 04:48:38.657, Tesla T4, 2309 MiB, 15360 MiB, 25 %, 72, 36.35 W, 585 MHz
2026/09/30 04:48:39.171, Tesla T4, 2309 MiB, 15360 MiB, 40 %, 72, 36.47 W, 585 MHz
2026/09/30 04:48:39.679, Tesla T4, 2309 MiB, 15360 MiB, 40 %, 72, 36.57 W, 615 MHz
2026/09/30 04:48:40.198, Tesla T4, 2309 MiB, 15360 MiB, 39 %, 72, 35.56 W, 615 MHz
2026/09/30 04:48:40.705, Tesla T4, 2309 MiB, 15360 MiB, 39 %, 72, 36.86 W, 615 MHz
2026/09/30 04:48:41.213, Tesla T4, 2309 MiB, 15360 MiB, 39 %, 72, 36.45 W, 615 MHz
2026/09/30 04:48:41.721, Tesla T4, 2309 MiB, 15360 MiB, 39 %, 72, 39.85 W, 615 MHz
2026/09/30 04:48:42.228, Tesla T4, 2309 MiB, 15360 MiB, 39 %, 72, 36.57 W, 600 MHz
2026/09/30 04:48:42.735, Tesla T4, 2309 MiB, 15360 MiB, 41 %, 72, 38.00 W, 630 MHz
2026/09/30 04:48:43.243, Tesla T4, 2309 MiB, 15360 MiB, 38 %, 72, 38.40 W, 630 MHz
2026/09/30 04:48:43.753, Tesla T4, 2309 MiB, 15360 MiB, 74 %, 72, 43.40 W, 1170 MHz
2026/09/30 04:48:44.259, Tesla T4, 2309 MiB, 15360 MiB, 25 %, 72, 40.37 W, 1170 MHz
2026/09/30 04:48:44.765, Tesla T4, 2309 MiB, 15360 MiB, 26 %, 72, 42.58 W, 1170 MHz
2026/09/30 04:48:45.271, Tesla T4, 2309 MiB, 15360 MiB, 26 %, 72, 39.48 W, 1170 MHz
2026/09/30 04:48:45.779, Tesla T4, 2309 MiB, 15360 MiB, 32 %, 72, 37.55 W, 840 MHz
2026/09/30 04:48:46.286, Tesla T4, 2309 MiB, 15360 MiB, 29 %, 72, 35.76 W, 795 MHz
2026/09/30 04:48:46.793, Tesla T4, 2309 MiB, 15360 MiB, 33 %, 72, 39.97 W, 765 MHz
2026/09/30 04:48:47.301, Tesla T4, 2309 MiB, 15360 MiB, 31 %, 72, 36.15 W, 720 MHz
2026/09/30 04:48:47.813, Tesla T4, 2309 MiB, 15360 MiB, 35 %, 72, 36.65 W, 705 MHz
2026/09/30 04:48:48.320, Tesla T4, 2309 MiB, 15360 MiB, 34 %, 72, 36.47 W, 675 MHz
2026/09/30 04:48:48.829, Tesla T4, 2309 MiB, 15360 MiB, 22 %, 72, 34.59 W, 645 MHz
2026/09/30 04:48:49.343, Tesla T4, 2309 MiB, 15360 MiB, 29 %, 72, 34.47 W, 585 MHz
2026/09/30 04:48:49.864, Tesla T4, 2309 MiB, 15360 MiB, 31 %, 72, 36.17 W, 585 MHz
2026/09/30 04:48:50.385, Tesla T4, 2309 MiB, 15360 MiB, 25 %, 72, 36.92 W, 585 MHz
2026/09/30 04:48:50.901, Tesla T4, 2309 MiB, 15360 MiB, 29 %, 72, 34.12 W, 585 MHz
2026/09/30 04:48:51.414, Tesla T4, 2309 MiB, 15360 MiB, 31 %, 72, 39.78 W, 585 MHz
2026/09/30 04:48:51.922, Tesla T4, 2309 MiB, 15360 MiB, 38 %, 72, 36.05 W, 585 MHz
2026/09/30 04:48:52.430, Tesla T4, 2309 MiB, 15360 MiB, 35 %, 72, 40.10 W, 585 MHz
2026/09/30 04:48:52.937, Tesla T4, 2309 MiB, 15360 MiB, 38 %, 72, 39.80 W, 585 MHz
2026/09/30 04:48:53.444, Tesla T4, 2309 MiB, 15360 MiB, 37 %, 72, 36.25 W, 585 MHz
2026/09/30 04:48:53.953, Tesla T4, 2309 MiB, 15360 MiB, 38 %, 72, 39.60 W, 600 MHz
2026/09/30 04:48:54.460, Tesla T4, 2309 MiB, 15360 MiB, 37 %, 72, 40.44 W, 600 MHz
2026/09/30 04:48:54.967, Tesla T4, 2309 MiB, 15360 MiB, 39 %, 72, 38.81 W, 600 MHz
2026/09/30 04:48:55.474, Tesla T4, 2309 MiB, 15360 MiB, 38 %, 72, 38.12 W, 600 MHz
2026/09/30 04:48:55.982, Tesla T4, 2309 MiB, 15360 MiB, 37 %, 72, 37.26 W, 615 MHz
2026/09/30 04:48:56.490, Tesla T4, 2309 MiB, 15360 MiB, 39 %, 72, 37.04 W, 615 MHz
2026/09/30 04:48:56.998, Tesla T4, 2309 MiB, 15360 MiB, 38 %, 72, 37.04 W, 615 MHz
2026/09/30 04:48:57.505, Tesla T4, 2309 MiB, 15360 MiB, 47 %, 72, 55.74 W, 735 MHz
2026/09/30 04:48:58.013, Tesla T4, 2309 MiB, 15360 MiB, 22 %, 72, 44.26 W, 1410 MHz
2026/09/30 04:48:58.520, Tesla T4, 2309 MiB, 15360 MiB, 23 %, 72, 49.64 W, 1410 MHz
2026/09/30 04:48:59.026, Tesla T4, 2309 MiB, 15360 MiB, 23 %, 73, 45.61 W, 1410 MHz
2026/09/30 04:48:59.532, Tesla T4, 2309 MiB, 15360 MiB, 24 %, 73, 47.25 W, 1410 MHz
2026/09/30 04:49:00.038, Tesla T4, 2309 MiB, 15360 MiB, 28 %, 72, 37.63 W, 915 MHz
2026/09/30 04:49:00.545, Tesla T4, 2309 MiB, 15360 MiB, 32 %, 72, 38.38 W, 885 MHz
2026/09/30 04:49:01.052, Tesla T4, 2309 MiB, 15360 MiB, 28 %, 72, 38.00 W, 825 MHz
2026/09/30 04:49:01.562, Tesla T4, 2309 MiB, 15360 MiB, 21 %, 72, 36.45 W, 750 MHz
2026/09/30 04:49:02.087, Tesla T4, 2309 MiB, 15360 MiB, 27 %, 72, 37.04 W, 705 MHz
2026/09/30 04:49:02.599, Tesla T4, 2309 MiB, 15360 MiB, 30 %, 72, 36.74 W, 645 MHz
2026/09/30 04:49:03.114, Tesla T4, 2309 MiB, 15360 MiB, 28 %, 72, 42.73 W, 615 MHz
2026/09/30 04:49:03.634, Tesla T4, 2309 MiB, 15360 MiB, 43 %, 72, 37.33 W, 1170 MHz
2026/09/30 04:49:04.147, Tesla T4, 2309 MiB, 15360 MiB, 14 %, 72, 39.11 W, 1170 MHz
2026/09/30 04:49:04.654, Tesla T4, 2309 MiB, 15360 MiB, 41 %, 72, 40.86 W, 1230 MHz
2026/09/30 04:49:05.160, Tesla T4, 2309 MiB, 15360 MiB, 22 %, 72, 40.94 W, 1230 MHz
2026/09/30 04:49:05.666, Tesla T4, 2309 MiB, 15360 MiB, 23 %, 72, 44.65 W, 1395 MHz
2026/09/30 04:49:06.172, Tesla T4, 2309 MiB, 15360 MiB, 39 %, 72, 45.96 W, 1395 MHz
2026/09/30 04:49:06.678, Tesla T4, 2309 MiB, 15360 MiB, 23 %, 72, 44.78 W, 1395 MHz
2026/09/30 04:49:07.184, Tesla T4, 2309 MiB, 15360 MiB, 21 %, 72, 45.24 W, 1395 MHz
2026/09/30 04:49:07.690, Tesla T4, 2309 MiB, 15360 MiB, 28 %, 72, 37.93 W, 1020 MHz
2026/09/30 04:49:08.196, Tesla T4, 2309 MiB, 15360 MiB, 29 %, 72, 37.46 W, 930 MHz
2026/09/30 04:49:08.708, Tesla T4, 2309 MiB, 15360 MiB, 30 %, 72, 37.31 W, 900 MHz
2026/09/30 04:49:09.215, Tesla T4, 2309 MiB, 15360 MiB, 31 %, 71, 38.30 W, 840 MHz
2026/09/30 04:49:09.722, Tesla T4, 2309 MiB, 15360 MiB, 41 %, 71, 36.65 W, 990 MHz
2026/09/30 04:49:10.229, Tesla T4, 2309 MiB, 15360 MiB, 28 %, 71, 37.93 W, 990 MHz
2026/09/30 04:49:10.736, Tesla T4, 2309 MiB, 15360 MiB, 28 %, 71, 36.94 W, 990 MHz
2026/09/30 04:49:11.243, Tesla T4, 2309 MiB, 15360 MiB, 27 %, 71, 42.56 W, 990 MHz
2026/09/30 04:49:11.760, Tesla T4, 2309 MiB, 15360 MiB, 32 %, 71, 36.05 W, 750 MHz
2026/09/30 04:49:12.267, Tesla T4, 2309 MiB, 15360 MiB, 30 %, 71, 36.65 W, 705 MHz
2026/09/30 04:49:12.774, Tesla T4, 2309 MiB, 15360 MiB, 36 %, 71, 36.65 W, 690 MHz
2026/09/30 04:49:13.282, Tesla T4, 2309 MiB, 15360 MiB, 33 %, 70, 36.15 W, 675 MHz
2026/09/30 04:49:13.790, Tesla T4, 2309 MiB, 15360 MiB, 37 %, 70, 39.01 W, 660 MHz
2026/09/30 04:49:14.298, Tesla T4, 2309 MiB, 15360 MiB, 23 %, 70, 39.09 W, 630 MHz
2026/09/30 04:49:14.810, Tesla T4, 2309 MiB, 15360 MiB, 30 %, 70, 33.98 W, 600 MHz
2026/09/30 04:49:15.324, Tesla T4, 2309 MiB, 15360 MiB, 29 %, 70, 34.40 W, 585 MHz
2026/09/30 04:49:15.839, Tesla T4, 2309 MiB, 15360 MiB, 27 %, 70, 36.00 W, 585 MHz
2026/09/30 04:49:16.351, Tesla T4, 2309 MiB, 15360 MiB, 27 %, 69, 33.19 W, 585 MHz
2026/09/30 04:49:16.866, Tesla T4, 2309 MiB, 15360 MiB, 39 %, 69, 38.03 W, 585 MHz
2026/09/30 04:49:17.374, Tesla T4, 2309 MiB, 15360 MiB, 37 %, 69, 36.25 W, 585 MHz
2026/09/30 04:49:17.881, Tesla T4, 2309 MiB, 15360 MiB, 40 %, 69, 35.66 W, 585 MHz
2026/09/30 04:49:18.390, Tesla T4, 2309 MiB, 15360 MiB, 38 %, 69, 36.76 W, 585 MHz
2026/09/30 04:49:18.898, Tesla T4, 2309 MiB, 15360 MiB, 39 %, 69, 37.33 W, 585 MHz
2026/09/30 04:49:19.406, Tesla T4, 2309 MiB, 15360 MiB, 36 %, 69, 34.91 W, 585 MHz
2026/09/30 04:49:19.935, Tesla T4, 2309 MiB, 15360 MiB, 39 %, 69, 36.27 W, 600 MHz
2026/09/30 04:49:20.443, Tesla T4, 2309 MiB, 15360 MiB, 38 %, 69, 36.69 W, 600 MHz
2026/09/30 04:49:20.966, Tesla T4, 2309 MiB, 15360 MiB, 39 %, 68, 36.35 W, 600 MHz
2026/09/30 04:49:21.475, Tesla T4, 2309 MiB, 15360 MiB, 39 %, 68, 36.17 W, 600 MHz
2026/09/30 04:49:21.990, Tesla T4, 2309 MiB, 15360 MiB, 40 %, 68, 37.33 W, 585 MHz
2026/09/30 04:49:22.498, Tesla T4, 2309 MiB, 15360 MiB, 39 %, 68, 35.48 W, 585 MHz
2026/09/30 04:49:23.005, Tesla T4, 2309 MiB, 15360 MiB, 39 %, 68, 35.97 W, 585 MHz
2026/09/30 04:49:23.512, Tesla T4, 2309 MiB, 15360 MiB, 26 %, 68, 38.12 W, 1065 MHz
2026/09/30 04:49:24.019, Tesla T4, 2309 MiB, 15360 MiB, 26 %, 68, 39.19 W, 1065 MHz
2026/09/30 04:49:24.525, Tesla T4, 2309 MiB, 15360 MiB, 50 %, 68, 41.23 W, 1365 MHz
2026/09/30 04:49:25.031, Tesla T4, 2309 MiB, 15360 MiB, 23 %, 69, 42.64 W, 1365 MHz
2026/09/30 04:49:25.538, Tesla T4, 2309 MiB, 15360 MiB, 23 %, 68, 43.08 W, 1365 MHz
2026/09/30 04:49:26.044, Tesla T4, 2309 MiB, 15360 MiB, 23 %, 69, 41.58 W, 1365 MHz
2026/09/30 04:49:26.552, Tesla T4, 2309 MiB, 15360 MiB, 29 %, 68, 35.34 W, 900 MHz
2026/09/30 04:49:27.061, Tesla T4, 2309 MiB, 15360 MiB, 22 %, 68, 37.63 W, 795 MHz
2026/09/30 04:49:27.582, Tesla T4, 2309 MiB, 15360 MiB, 24 %, 68, 33.92 W, 735 MHz
2026/09/30 04:49:28.099, Tesla T4, 2309 MiB, 15360 MiB, 25 %, 68, 34.12 W, 675 MHz
2026/09/30 04:49:28.613, Tesla T4, 2309 MiB, 15360 MiB, 23 %, 68, 36.29 W, 630 MHz
2026/09/30 04:49:29.126, Tesla T4, 2309 MiB, 15360 MiB, 23 %, 68, 34.20 W, 585 MHz
2026/09/30 04:49:29.639, Tesla T4, 2309 MiB, 15360 MiB, 39 %, 68, 35.83 W, 585 MHz
2026/09/30 04:49:30.147, Tesla T4, 2309 MiB, 15360 MiB, 38 %, 68, 35.28 W, 585 MHz
2026/09/30 04:49:30.655, Tesla T4, 2309 MiB, 15360 MiB, 38 %, 68, 36.07 W, 585 MHz
2026/09/30 04:49:31.166, Tesla T4, 2309 MiB, 15360 MiB, 36 %, 68, 36.74 W, 585 MHz
2026/09/30 04:49:31.673, Tesla T4, 2309 MiB, 15360 MiB, 36 %, 68, 37.12 W, 930 MHz
2026/09/30 04:49:32.180, Tesla T4, 2309 MiB, 15360 MiB, 22 %, 68, 41.95 W, 1290 MHz
2026/09/30 04:49:32.687, Tesla T4, 2309 MiB, 15360 MiB, 23 %, 68, 39.97 W, 1290 MHz
2026/09/30 04:49:33.193, Tesla T4, 2309 MiB, 15360 MiB, 22 %, 68, 41.33 W, 1290 MHz
2026/09/30 04:49:33.699, Tesla T4, 2309 MiB, 15360 MiB, 44 %, 68, 53.81 W, 1455 MHz
2026/09/30 04:49:34.205, Tesla T4, 2309 MiB, 15360 MiB, 18 %, 68, 43.67 W, 1455 MHz
2026/09/30 04:49:34.711, Tesla T4, 2309 MiB, 15360 MiB, 22 %, 68, 45.54 W, 1455 MHz
2026/09/30 04:49:35.218, Tesla T4, 2309 MiB, 15360 MiB, 20 %, 68, 49.32 W, 1455 MHz
2026/09/30 04:49:35.723, Tesla T4, 2309 MiB, 15360 MiB, 26 %, 68, 40.35 W, 1140 MHz
2026/09/30 04:49:36.230, Tesla T4, 2309 MiB, 15360 MiB, 25 %, 68, 37.75 W, 1065 MHz
2026/09/30 04:49:36.736, Tesla T4, 2309 MiB, 15360 MiB, 28 %, 68, 38.05 W, 975 MHz
2026/09/30 04:49:37.244, Tesla T4, 2309 MiB, 15360 MiB, 29 %, 68, 35.48 W, 930 MHz
2026/09/30 04:49:37.751, Tesla T4, 2309 MiB, 15360 MiB, 31 %, 68, 36.17 W, 870 MHz
2026/09/30 04:49:38.258, Tesla T4, 2309 MiB, 15360 MiB, 28 %, 68, 35.68 W, 825 MHz
2026/09/30 04:49:38.765, Tesla T4, 2309 MiB, 15360 MiB, 34 %, 68, 36.55 W, 780 MHz
2026/09/30 04:49:39.275, Tesla T4, 2309 MiB, 15360 MiB, 62 %, 68, 37.93 W, 1185 MHz
2026/09/30 04:49:39.787, Tesla T4, 2309 MiB, 15360 MiB, 17 %, 68, 37.51 W, 1185 MHz
2026/09/30 04:49:40.306, Tesla T4, 2309 MiB, 15360 MiB, 17 %, 68, 36.92 W, 1185 MHz
2026/09/30 04:49:40.821, Tesla T4, 2309 MiB, 15360 MiB, 19 %, 68, 42.34 W, 1185 MHz
2026/09/30 04:49:41.338, Tesla T4, 2309 MiB, 15360 MiB, 24 %, 68, 38.00 W, 645 MHz
2026/09/30 04:49:41.851, Tesla T4, 2309 MiB, 15360 MiB, 23 %, 68, 34.69 W, 600 MHz
2026/09/30 04:49:42.366, Tesla T4, 2309 MiB, 15360 MiB, 37 %, 68, 35.68 W, 585 MHz
2026/09/30 04:49:42.878, Tesla T4, 2309 MiB, 15360 MiB, 37 %, 68, 34.99 W, 585 MHz
2026/09/30 04:49:43.385, Tesla T4, 2309 MiB, 15360 MiB, 39 %, 68, 35.78 W, 585 MHz
2026/09/30 04:49:43.893, Tesla T4, 2309 MiB, 15360 MiB, 38 %, 68, 35.58 W, 585 MHz
2026/09/30 04:49:44.400, Tesla T4, 2309 MiB, 15360 MiB, 39 %, 68, 35.83 W, 585 MHz
2026/09/30 04:49:44.907, Tesla T4, 2309 MiB, 15360 MiB, 37 %, 68, 35.93 W, 585 MHz
2026/09/30 04:49:45.414, Tesla T4, 2309 MiB, 15360 MiB, 40 %, 68, 35.56 W, 585 MHz
2026/09/30 04:49:45.922, Tesla T4, 2309 MiB, 15360 MiB, 37 %, 68, 36.45 W, 585 MHz
2026/09/30 04:49:46.429, Tesla T4, 2309 MiB, 15360 MiB, 39 %, 68, 35.97 W, 585 MHz
2026/09/30 04:49:46.937, Tesla T4, 2309 MiB, 15360 MiB, 38 %, 68, 35.60 W, 585 MHz
2026/09/30 04:49:47.444, Tesla T4, 2309 MiB, 15360 MiB, 38 %, 68, 35.48 W, 585 MHz
2026/09/30 04:49:47.952, Tesla T4, 2309 MiB, 15360 MiB, 38 %, 68, 37.24 W, 585 MHz
2026/09/30 04:49:48.461, Tesla T4, 2309 MiB, 15360 MiB, 38 %, 68, 38.64 W, 585 MHz
2026/09/30 04:49:48.968, Tesla T4, 2309 MiB, 15360 MiB, 38 %, 68, 34.97 W, 585 MHz
2026/09/30 04:49:49.477, Tesla T4, 2309 MiB, 15360 MiB, 37 %, 68, 35.80 W, 585 MHz
2026/09/30 04:49:49.987, Tesla T4, 2309 MiB, 15360 MiB, 39 %, 68, 37.85 W, 585 MHz
2026/09/30 04:49:50.494, Tesla T4, 2309 MiB, 15360 MiB, 54 %, 68, 36.74 W, 990 MHz
2026/09/30 04:49:51.000, Tesla T4, 2309 MiB, 15360 MiB, 27 %, 68, 38.22 W, 990 MHz
2026/09/30 04:49:51.508, Tesla T4, 2309 MiB, 15360 MiB, 28 %, 68, 35.86 W, 990 MHz
2026/09/30 04:49:52.015, Tesla T4, 2309 MiB, 15360 MiB, 24 %, 68, 37.36 W, 990 MHz
2026/09/30 04:49:52.529, Tesla T4, 2309 MiB, 15360 MiB, 23 %, 68, 34.26 W, 705 MHz
2026/09/30 04:49:53.051, Tesla T4, 2309 MiB, 15360 MiB, 23 %, 68, 37.53 W, 645 MHz
2026/09/30 04:49:53.572, Tesla T4, 2309 MiB, 15360 MiB, 21 %, 68, 35.88 W, 1035 MHz
2026/09/30 04:49:54.092, Tesla T4, 2309 MiB, 15360 MiB, 19 %, 68, 36.35 W, 1035 MHz
2026/09/30 04:49:54.610, Tesla T4, 2309 MiB, 15360 MiB, 19 %, 68, 38.32 W, 1035 MHz
2026/09/30 04:49:55.116, Tesla T4, 2309 MiB, 15360 MiB, 26 %, 68, 36.33 W, 780 MHz
2026/09/30 04:49:55.623, Tesla T4, 2309 MiB, 15360 MiB, 24 %, 68, 41.26 W, 1185 MHz
2026/09/30 04:49:56.131, Tesla T4, 2309 MiB, 15360 MiB, 25 %, 68, 37.63 W, 1185 MHz
2026/09/30 04:49:56.637, Tesla T4, 2309 MiB, 15360 MiB, 25 %, 68, 39.58 W, 1185 MHz
2026/09/30 04:49:57.143, Tesla T4, 2309 MiB, 15360 MiB, 22 %, 68, 39.09 W, 1185 MHz
2026/09/30 04:49:57.649, Tesla T4, 2309 MiB, 15360 MiB, 33 %, 68, 36.27 W, 810 MHz
2026/09/30 04:49:58.157, Tesla T4, 2309 MiB, 15360 MiB, 33 %, 68, 34.77 W, 780 MHz
2026/09/30 04:49:58.664, Tesla T4, 2309 MiB, 15360 MiB, 33 %, 68, 35.56 W, 750 MHz
2026/09/30 04:49:59.172, Tesla T4, 2309 MiB, 15360 MiB, 33 %, 68, 34.00 W, 720 MHz
2026/09/30 04:49:59.680, Tesla T4, 2309 MiB, 15360 MiB, 35 %, 68, 38.20 W, 705 MHz
2026/09/30 04:50:00.188, Tesla T4, 2309 MiB, 15360 MiB, 32 %, 68, 39.09 W, 1020 MHz
2026/09/30 04:50:00.699, Tesla T4, 2309 MiB, 15360 MiB, 51 %, 68, 41.06 W, 1335 MHz
2026/09/30 04:50:01.206, Tesla T4, 2309 MiB, 15360 MiB, 23 %, 69, 46.96 W, 1335 MHz
2026/09/30 04:50:01.714, Tesla T4, 2309 MiB, 15360 MiB, 22 %, 69, 42.41 W, 1335 MHz
2026/09/30 04:50:02.220, Tesla T4, 2309 MiB, 15360 MiB, 21 %, 69, 46.35 W, 1335 MHz
2026/09/30 04:50:02.726, Tesla T4, 2309 MiB, 15360 MiB, 29 %, 68, 35.95 W, 840 MHz
2026/09/30 04:50:03.234, Tesla T4, 2309 MiB, 15360 MiB, 30 %, 68, 38.54 W, 795 MHz
2026/09/30 04:50:03.742, Tesla T4, 2309 MiB, 15360 MiB, 31 %, 68, 35.48 W, 750 MHz
2026/09/30 04:50:04.249, Tesla T4, 2309 MiB, 15360 MiB, 31 %, 68, 35.28 W, 705 MHz
2026/09/30 04:50:04.756, Tesla T4, 2309 MiB, 15360 MiB, 28 %, 68, 33.49 W, 675 MHz
2026/09/30 04:50:05.273, Tesla T4, 2309 MiB, 15360 MiB, 27 %, 68, 33.90 W, 615 MHz
2026/09/30 04:50:05.792, Tesla T4, 2309 MiB, 15360 MiB, 26 %, 68, 34.10 W, 585 MHz
2026/09/30 04:50:06.310, Tesla T4, 2309 MiB, 15360 MiB, 31 %, 68, 34.59 W, 585 MHz
2026/09/30 04:50:06.822, Tesla T4, 2309 MiB, 15360 MiB, 30 %, 68, 34.69 W, 585 MHz
2026/09/30 04:50:07.333, Tesla T4, 2309 MiB, 15360 MiB, 22 %, 68, 37.65 W, 585 MHz
2026/09/30 04:50:07.841, Tesla T4, 2309 MiB, 15360 MiB, 29 %, 68, 36.65 W, 915 MHz
2026/09/30 04:50:08.348, Tesla T4, 2309 MiB, 15360 MiB, 47 %, 68, 40.96 W, 1110 MHz
2026/09/30 04:50:08.854, Tesla T4, 2309 MiB, 15360 MiB, 25 %, 68, 41.80 W, 1110 MHz
2026/09/30 04:50:09.362, Tesla T4, 2309 MiB, 15360 MiB, 25 %, 68, 39.78 W, 1110 MHz
2026/09/30 04:50:09.868, Tesla T4, 2309 MiB, 15360 MiB, 25 %, 68, 38.50 W, 1110 MHz
2026/09/30 04:50:10.375, Tesla T4, 2309 MiB, 15360 MiB, 31 %, 68, 37.81 W, 795 MHz
2026/09/30 04:50:10.882, Tesla T4, 2309 MiB, 15360 MiB, 31 %, 68, 37.81 W, 750 MHz
2026/09/30 04:50:11.390, Tesla T4, 2309 MiB, 15360 MiB, 32 %, 68, 38.12 W, 735 MHz
2026/09/30 04:50:11.897, Tesla T4, 2309 MiB, 15360 MiB, 33 %, 68, 35.97 W, 705 MHz
2026/09/30 04:50:12.404, Tesla T4, 2309 MiB, 15360 MiB, 35 %, 68, 38.32 W, 690 MHz
2026/09/30 04:50:12.912, Tesla T4, 2309 MiB, 15360 MiB, 34 %, 68, 37.85 W, 660 MHz
2026/09/30 04:50:13.420, Tesla T4, 2309 MiB, 15360 MiB, 37 %, 68, 36.37 W, 660 MHz
2026/09/30 04:50:13.927, Tesla T4, 2309 MiB, 15360 MiB, 35 %, 68, 35.76 W, 645 MHz
2026/09/30 04:50:14.434, Tesla T4, 2309 MiB, 15360 MiB, 37 %, 68, 39.28 W, 630 MHz
2026/09/30 04:50:14.942, Tesla T4, 2309 MiB, 15360 MiB, 36 %, 68, 35.88 W, 630 MHz
2026/09/30 04:50:15.449, Tesla T4, 2309 MiB, 15360 MiB, 39 %, 68, 36.37 W, 615 MHz
2026/09/30 04:50:15.957, Tesla T4, 2309 MiB, 15360 MiB, 35 %, 68, 37.16 W, 615 MHz
2026/09/30 04:50:16.465, Tesla T4, 2309 MiB, 15360 MiB, 33 %, 68, 38.34 W, 975 MHz
2026/09/30 04:50:16.973, Tesla T4, 2309 MiB, 15360 MiB, 26 %, 68, 36.86 W, 975 MHz
2026/09/30 04:50:17.481, Tesla T4, 2309 MiB, 15360 MiB, 17 %, 68, 38.42 W, 975 MHz
2026/09/30 04:50:17.993, Tesla T4, 2309 MiB, 15360 MiB, 22 %, 67, 37.83 W, 975 MHz
2026/09/30 04:50:18.506, Tesla T4, 2309 MiB, 15360 MiB, 29 %, 67, 33.90 W, 630 MHz
2026/09/30 04:50:19.024, Tesla T4, 2309 MiB, 15360 MiB, 30 %, 67, 34.71 W, 600 MHz
2026/09/30 04:50:19.539, Tesla T4, 2309 MiB, 15360 MiB, 22 %, 67, 34.87 W, 930 MHz
2026/09/30 04:50:20.051, Tesla T4, 2309 MiB, 15360 MiB, 20 %, 67, 36.05 W, 930 MHz
2026/09/30 04:50:20.564, Tesla T4, 2309 MiB, 15360 MiB, 29 %, 67, 36.94 W, 930 MHz
2026/09/30 04:50:21.071, Tesla T4, 2309 MiB, 15360 MiB, 29 %, 67, 36.17 W, 750 MHz
2026/09/30 04:50:21.588, Tesla T4, 2309 MiB, 15360 MiB, 34 %, 67, 35.78 W, 720 MHz
2026/09/30 04:50:22.100, Tesla T4, 2309 MiB, 15360 MiB, 32 %, 67, 34.77 W, 690 MHz
2026/09/30 04:50:22.613, Tesla T4, 2309 MiB, 15360 MiB, 35 %, 67, 34.40 W, 675 MHz
2026/09/30 04:50:23.119, Tesla T4, 2309 MiB, 15360 MiB, 37 %, 67, 36.05 W, 645 MHz
2026/09/30 04:50:23.627, Tesla T4, 2309 MiB, 15360 MiB, 38 %, 67, 35.19 W, 645 MHz
2026/09/30 04:50:24.135, Tesla T4, 2309 MiB, 15360 MiB, 58 %, 67, 40.07 W, 915 MHz
2026/09/30 04:50:24.643, Tesla T4, 2309 MiB, 15360 MiB, 29 %, 67, 35.97 W, 915 MHz
2026/09/30 04:50:25.150, Tesla T4, 2309 MiB, 15360 MiB, 30 %, 67, 37.73 W, 915 MHz
2026/09/30 04:50:25.657, Tesla T4, 2309 MiB, 15360 MiB, 30 %, 67, 36.94 W, 915 MHz
2026/09/30 04:50:26.166, Tesla T4, 2309 MiB, 15360 MiB, 34 %, 67, 34.89 W, 735 MHz
2026/09/30 04:50:26.673, Tesla T4, 2309 MiB, 15360 MiB, 35 %, 67, 35.66 W, 720 MHz
2026/09/30 04:50:27.180, Tesla T4, 2309 MiB, 15360 MiB, 35 %, 67, 35.38 W, 690 MHz
2026/09/30 04:50:27.688, Tesla T4, 2309 MiB, 15360 MiB, 34 %, 67, 36.74 W, 660 MHz
2026/09/30 04:50:28.208, Tesla T4, 2309 MiB, 15360 MiB, 34 %, 67, 35.07 W, 645 MHz
2026/09/30 04:50:28.715, Tesla T4, 2309 MiB, 15360 MiB, 27 %, 67, 38.44 W, 1065 MHz
2026/09/30 04:50:29.222, Tesla T4, 2309 MiB, 15360 MiB, 50 %, 67, 43.40 W, 1365 MHz
2026/09/30 04:50:29.728, Tesla T4, 2309 MiB, 15360 MiB, 23 %, 67, 43.27 W, 1365 MHz
2026/09/30 04:50:30.234, Tesla T4, 2309 MiB, 15360 MiB, 15 %, 67, 46.49 W, 1365 MHz
2026/09/30 04:50:30.751, Tesla T4, 2309 MiB, 15360 MiB, 18 %, 67, 43.23 W, 1365 MHz
2026/09/30 04:50:31.263, Tesla T4, 2309 MiB, 15360 MiB, 25 %, 67, 33.92 W, 780 MHz
2026/09/30 04:50:31.779, Tesla T4, 2309 MiB, 15360 MiB, 22 %, 67, 33.51 W, 705 MHz
2026/09/30 04:50:32.292, Tesla T4, 2309 MiB, 15360 MiB, 43 %, 67, 33.63 W, 735 MHz
2026/09/30 04:50:32.811, Tesla T4, 2309 MiB, 15360 MiB, 28 %, 67, 34.46 W, 735 MHz
2026/09/30 04:50:33.319, Tesla T4, 2309 MiB, 15360 MiB, 28 %, 67, 34.89 W, 915 MHz
2026/09/30 04:50:33.826, Tesla T4, 2309 MiB, 15360 MiB, 27 %, 67, 35.78 W, 915 MHz
2026/09/30 04:50:34.333, Tesla T4, 2309 MiB, 15360 MiB, 28 %, 67, 36.05 W, 915 MHz
2026/09/30 04:50:34.841, Tesla T4, 2309 MiB, 15360 MiB, 25 %, 67, 35.38 W, 735 MHz
2026/09/30 04:50:35.348, Tesla T4, 2309 MiB, 15360 MiB, 62 %, 67, 40.66 W, 1095 MHz
2026/09/30 04:50:35.855, Tesla T4, 2309 MiB, 15360 MiB, 23 %, 67, 37.61 W, 1095 MHz
2026/09/30 04:50:36.361, Tesla T4, 2309 MiB, 15360 MiB, 48 %, 67, 44.58 W, 1335 MHz
2026/09/30 04:50:36.868, Tesla T4, 2309 MiB, 15360 MiB, 21 %, 67, 42.14 W, 1335 MHz
2026/09/30 04:50:37.373, Tesla T4, 2309 MiB, 15360 MiB, 23 %, 68, 41.65 W, 1335 MHz
2026/09/30 04:50:37.879, Tesla T4, 2309 MiB, 15360 MiB, 24 %, 68, 41.13 W, 1335 MHz
2026/09/30 04:50:38.385, Tesla T4, 2309 MiB, 15360 MiB, 28 %, 67, 36.57 W, 885 MHz
2026/09/30 04:50:38.892, Tesla T4, 2309 MiB, 15360 MiB, 42 %, 67, 34.59 W, 900 MHz
2026/09/30 04:50:39.399, Tesla T4, 2309 MiB, 15360 MiB, 27 %, 67, 37.26 W, 990 MHz
2026/09/30 04:50:39.906, Tesla T4, 2309 MiB, 15360 MiB, 48 %, 68, 39.16 W, 1215 MHz
2026/09/30 04:50:40.412, Tesla T4, 2309 MiB, 15360 MiB, 24 %, 68, 40.17 W, 1215 MHz
2026/09/30 04:50:40.919, Tesla T4, 2309 MiB, 15360 MiB, 25 %, 68, 39.68 W, 1215 MHz
2026/09/30 04:50:41.425, Tesla T4, 2309 MiB, 15360 MiB, 24 %, 68, 42.71 W, 1215 MHz
2026/09/30 04:50:41.932, Tesla T4, 2309 MiB, 15360 MiB, 31 %, 67, 34.08 W, 840 MHz
2026/09/30 04:50:42.441, Tesla T4, 2309 MiB, 15360 MiB, 32 %, 67, 33.82 W, 795 MHz
2026/09/30 04:50:42.954, Tesla T4, 2309 MiB, 15360 MiB, 24 %, 67, 33.69 W, 705 MHz
2026/09/30 04:50:43.470, Tesla T4, 2309 MiB, 15360 MiB, 27 %, 67, 34.99 W, 675 MHz
2026/09/30 04:50:43.984, Tesla T4, 2309 MiB, 15360 MiB, 29 %, 67, 34.57 W, 615 MHz
2026/09/30 04:50:44.497, Tesla T4, 2309 MiB, 15360 MiB, 28 %, 67, 34.22 W, 585 MHz
2026/09/30 04:50:45.013, Tesla T4, 2309 MiB, 15360 MiB, 26 %, 67, 35.38 W, 585 MHz
2026/09/30 04:50:45.521, Tesla T4, 2309 MiB, 15360 MiB, 38 %, 67, 36.55 W, 585 MHz
2026/09/30 04:50:46.028, Tesla T4, 2309 MiB, 15360 MiB, 39 %, 67, 35.36 W, 585 MHz
2026/09/30 04:50:46.536, Tesla T4, 2309 MiB, 15360 MiB, 39 %, 67, 35.88 W, 585 MHz
2026/09/30 04:50:47.044, Tesla T4, 2309 MiB, 15360 MiB, 38 %, 67, 34.59 W, 600 MHz
2026/09/30 04:50:47.551, Tesla T4, 2309 MiB, 15360 MiB, 38 %, 67, 35.46 W, 600 MHz
2026/09/30 04:50:48.061, Tesla T4, 2309 MiB, 15360 MiB, 38 %, 67, 35.78 W, 600 MHz
2026/09/30 04:50:48.569, Tesla T4, 2309 MiB, 15360 MiB, 34 %, 67, 34.87 W, 600 MHz
2026/09/30 04:50:49.076, Tesla T4, 2309 MiB, 15360 MiB, 72 %, 67, 37.04 W, 1050 MHz
2026/09/30 04:50:49.585, Tesla T4, 2309 MiB, 15360 MiB, 50 %, 67, 37.83 W, 1350 MHz
2026/09/30 04:50:50.091, Tesla T4, 2309 MiB, 15360 MiB, 24 %, 67, 41.26 W, 1350 MHz
2026/09/30 04:50:50.597, Tesla T4, 2309 MiB, 15360 MiB, 24 %, 67, 45.15 W, 1350 MHz
2026/09/30 04:50:51.102, Tesla T4, 2309 MiB, 15360 MiB, 23 %, 67, 42.81 W, 1350 MHz
2026/09/30 04:50:51.608, Tesla T4, 2309 MiB, 15360 MiB, 29 %, 67, 36.96 W, 885 MHz
2026/09/30 04:50:52.116, Tesla T4, 2309 MiB, 15360 MiB, 57 %, 67, 38.89 W, 1260 MHz
2026/09/30 04:50:52.622, Tesla T4, 2309 MiB, 15360 MiB, 25 %, 67, 40.44 W, 1260 MHz
2026/09/30 04:50:53.128, Tesla T4, 2309 MiB, 15360 MiB, 22 %, 67, 40.10 W, 1260 MHz
2026/09/30 04:50:53.634, Tesla T4, 2309 MiB, 15360 MiB, 24 %, 67, 41.60 W, 1260 MHz
2026/09/30 04:50:54.140, Tesla T4, 2309 MiB, 15360 MiB, 30 %, 66, 36.67 W, 870 MHz
2026/09/30 04:50:54.647, Tesla T4, 2309 MiB, 15360 MiB, 30 %, 66, 37.73 W, 810 MHz
2026/09/30 04:50:55.155, Tesla T4, 2309 MiB, 15360 MiB, 27 %, 66, 35.78 W, 780 MHz
2026/09/30 04:50:55.672, Tesla T4, 2309 MiB, 15360 MiB, 24 %, 66, 34.61 W, 690 MHz
2026/09/30 04:50:56.185, Tesla T4, 2309 MiB, 15360 MiB, 26 %, 66, 40.98 W, 660 MHz
2026/09/30 04:50:56.701, Tesla T4, 2309 MiB, 15360 MiB, 20 %, 66, 34.12 W, 885 MHz
2026/09/30 04:50:57.220, Tesla T4, 2309 MiB, 15360 MiB, 21 %, 66, 33.78 W, 885 MHz
2026/09/30 04:50:57.738, Tesla T4, 2309 MiB, 15360 MiB, 35 %, 66, 36.47 W, 885 MHz
2026/09/30 04:50:58.245, Tesla T4, 2309 MiB, 15360 MiB, 32 %, 66, 35.95 W, 780 MHz
2026/09/30 04:50:58.752, Tesla T4, 2309 MiB, 15360 MiB, 33 %, 66, 35.90 W, 750 MHz
2026/09/30 04:50:59.260, Tesla T4, 2309 MiB, 15360 MiB, 34 %, 66, 38.03 W, 720 MHz
2026/09/30 04:50:59.768, Tesla T4, 2309 MiB, 15360 MiB, 33 %, 66, 35.09 W, 690 MHz
2026/09/30 04:51:00.275, Tesla T4, 2309 MiB, 15360 MiB, 35 %, 66, 35.07 W, 660 MHz
2026/09/30 04:51:00.782, Tesla T4, 2309 MiB, 15360 MiB, 36 %, 66, 33.39 W, 660 MHz
2026/09/30 04:51:01.290, Tesla T4, 2309 MiB, 15360 MiB, 37 %, 66, 35.19 W, 645 MHz
2026/09/30 04:51:01.798, Tesla T4, 2309 MiB, 15360 MiB, 37 %, 66, 35.58 W, 630 MHz
2026/09/30 04:51:02.306, Tesla T4, 2309 MiB, 15360 MiB, 38 %, 66, 35.09 W, 615 MHz
2026/09/30 04:51:02.814, Tesla T4, 2309 MiB, 15360 MiB, 38 %, 66, 34.47 W, 600 MHz
2026/09/30 04:51:03.328, Tesla T4, 2309 MiB, 15360 MiB, 39 %, 66, 37.81 W, 600 MHz
2026/09/30 04:51:03.835, Tesla T4, 2309 MiB, 15360 MiB, 37 %, 66, 35.97 W, 600 MHz
2026/09/30 04:51:04.343, Tesla T4, 2309 MiB, 15360 MiB, 71 %, 66, 40.88 W, 1065 MHz
2026/09/30 04:51:04.850, Tesla T4, 2309 MiB, 15360 MiB, 26 %, 66, 36.94 W, 1065 MHz
2026/09/30 04:51:05.360, Tesla T4, 2309 MiB, 15360 MiB, 27 %, 66, 38.03 W, 1065 MHz
2026/09/30 04:51:05.867, Tesla T4, 2309 MiB, 15360 MiB, 27 %, 66, 39.80 W, 1065 MHz
2026/09/30 04:51:06.379, Tesla T4, 2309 MiB, 15360 MiB, 32 %, 66, 38.00 W, 795 MHz
2026/09/30 04:51:06.886, Tesla T4, 2309 MiB, 15360 MiB, 54 %, 66, 39.56 W, 1110 MHz
2026/09/30 04:51:07.398, Tesla T4, 2309 MiB, 15360 MiB, 51 %, 67, 45.83 W, 1440 MHz
2026/09/30 04:51:07.905, Tesla T4, 2309 MiB, 15360 MiB, 38 %, 67, 44.26 W, 1440 MHz
2026/09/30 04:51:08.417, Tesla T4, 2309 MiB, 15360 MiB, 22 %, 67, 44.19 W, 1440 MHz
2026/09/30 04:51:08.937, Tesla T4, 2309 MiB, 15360 MiB, 22 %, 67, 43.94 W, 1440 MHz
2026/09/30 04:51:09.452, Tesla T4, 2309 MiB, 15360 MiB, 24 %, 67, 38.62 W, 975 MHz
2026/09/30 04:51:09.964, Tesla T4, 2309 MiB, 15360 MiB, 48 %, 67, 37.31 W, 1155 MHz
2026/09/30 04:51:10.478, Tesla T4, 2309 MiB, 15360 MiB, 41 %, 67, 40.19 W, 1185 MHz
2026/09/30 04:51:10.985, Tesla T4, 2309 MiB, 15360 MiB, 31 %, 67, 40.35 W, 1185 MHz
2026/09/30 04:51:11.492, Tesla T4, 2309 MiB, 15360 MiB, 30 %, 67, 40.84 W, 1185 MHz
2026/09/30 04:51:11.998, Tesla T4, 2309 MiB, 15360 MiB, 27 %, 67, 41.13 W, 1185 MHz
2026/09/30 04:51:12.504, Tesla T4, 2309 MiB, 15360 MiB, 34 %, 67, 38.10 W, 945 MHz
2026/09/30 04:51:13.011, Tesla T4, 2309 MiB, 15360 MiB, 35 %, 67, 37.24 W, 915 MHz
2026/09/30 04:51:13.519, Tesla T4, 2309 MiB, 15360 MiB, 37 %, 67, 39.36 W, 900 MHz
2026/09/30 04:51:14.027, Tesla T4, 2309 MiB, 15360 MiB, 36 %, 67, 36.84 W, 885 MHz
2026/09/30 04:51:14.533, Tesla T4, 2309 MiB, 15360 MiB, 36 %, 67, 37.81 W, 855 MHz
2026/09/30 04:51:15.041, Tesla T4, 2309 MiB, 15360 MiB, 37 %, 67, 37.90 W, 855 MHz
2026/09/30 04:51:15.548, Tesla T4, 2309 MiB, 15360 MiB, 36 %, 67, 38.89 W, 840 MHz
2026/09/30 04:51:16.057, Tesla T4, 2309 MiB, 15360 MiB, 38 %, 67, 40.86 W, 840 MHz
2026/09/30 04:51:16.564, Tesla T4, 2309 MiB, 15360 MiB, 35 %, 67, 38.34 W, 825 MHz
2026/09/30 04:51:17.071, Tesla T4, 2309 MiB, 15360 MiB, 38 %, 67, 37.65 W, 1275 MHz
2026/09/30 04:51:17.585, Tesla T4, 2309 MiB, 15360 MiB, 26 %, 68, 42.73 W, 1275 MHz
2026/09/30 04:51:18.091, Tesla T4, 2309 MiB, 15360 MiB, 30 %, 68, 48.22 W, 1455 MHz
2026/09/30 04:51:18.597, Tesla T4, 2309 MiB, 15360 MiB, 25 %, 68, 46.24 W, 1455 MHz
2026/09/30 04:51:19.103, Tesla T4, 2309 MiB, 15360 MiB, 27 %, 68, 50.33 W, 1455 MHz
2026/09/30 04:51:19.609, Tesla T4, 2309 MiB, 15360 MiB, 25 %, 68, 45.98 W, 1455 MHz
2026/09/30 04:51:20.115, Tesla T4, 2309 MiB, 15360 MiB, 27 %, 68, 38.60 W, 1050 MHz
2026/09/30 04:51:20.627, Tesla T4, 2309 MiB, 15360 MiB, 21 %, 68, 36.57 W, 960 MHz
2026/09/30 04:51:21.140, Tesla T4, 2309 MiB, 15360 MiB, 28 %, 68, 36.65 W, 885 MHz
2026/09/30 04:51:21.655, Tesla T4, 2309 MiB, 15360 MiB, 30 %, 68, 35.34 W, 840 MHz
2026/09/30 04:51:22.170, Tesla T4, 2309 MiB, 15360 MiB, 24 %, 68, 38.62 W, 1110 MHz
2026/09/30 04:51:22.685, Tesla T4, 2309 MiB, 15360 MiB, 19 %, 68, 39.09 W, 1110 MHz
2026/09/30 04:51:23.191, Tesla T4, 2309 MiB, 15360 MiB, 32 %, 68, 40.17 W, 1110 MHz
2026/09/30 04:51:23.698, Tesla T4, 2309 MiB, 15360 MiB, 28 %, 68, 38.32 W, 915 MHz
2026/09/30 04:51:24.210, Tesla T4, 2309 MiB, 15360 MiB, 58 %, 68, 43.00 W, 1305 MHz
2026/09/30 04:51:24.716, Tesla T4, 2309 MiB, 15360 MiB, 29 %, 68, 43.77 W, 1305 MHz
2026/09/30 04:51:25.230, Tesla T4, 2309 MiB, 15360 MiB, 28 %, 69, 48.66 W, 1305 MHz
2026/09/30 04:51:25.738, Tesla T4, 2309 MiB, 15360 MiB, 43 %, 69, 66.28 W, 1575 MHz
2026/09/30 04:51:26.243, Tesla T4, 2309 MiB, 15360 MiB, 26 %, 69, 53.18 W, 1590 MHz
2026/09/30 04:51:26.749, Tesla T4, 2309 MiB, 15360 MiB, 26 %, 69, 52.30 W, 1590 MHz
2026/09/30 04:51:27.254, Tesla T4, 2309 MiB, 15360 MiB, 25 %, 69, 56.26 W, 1590 MHz
2026/09/30 04:51:27.762, Tesla T4, 2309 MiB, 15360 MiB, 31 %, 68, 40.66 W, 1140 MHz
2026/09/30 04:51:28.268, Tesla T4, 2309 MiB, 15360 MiB, 31 %, 68, 38.57 W, 1095 MHz
2026/09/30 04:51:28.775, Tesla T4, 2309 MiB, 15360 MiB, 33 %, 68, 40.57 W, 1035 MHz
2026/09/30 04:51:29.282, Tesla T4, 2309 MiB, 15360 MiB, 33 %, 68, 38.89 W, 1005 MHz
2026/09/30 04:51:29.790, Tesla T4, 2309 MiB, 15360 MiB, 34 %, 68, 38.91 W, 960 MHz
2026/09/30 04:51:30.297, Tesla T4, 2309 MiB, 15360 MiB, 33 %, 68, 38.54 W, 930 MHz
2026/09/30 04:51:30.804, Tesla T4, 2309 MiB, 15360 MiB, 35 %, 68, 39.26 W, 900 MHz
2026/09/30 04:51:31.325, Tesla T4, 2309 MiB, 15360 MiB, 58 %, 67, 43.69 W, 1290 MHz
2026/09/30 04:51:31.834, Tesla T4, 2309 MiB, 15360 MiB, 28 %, 68, 43.92 W, 1290 MHz
2026/09/30 04:51:32.340, Tesla T4, 2309 MiB, 15360 MiB, 29 %, 68, 41.90 W, 1290 MHz
2026/09/30 04:51:32.846, Tesla T4, 2309 MiB, 15360 MiB, 19 %, 68, 42.61 W, 1290 MHz
2026/09/30 04:51:33.366, Tesla T4, 2309 MiB, 15360 MiB, 27 %, 67, 37.85 W, 915 MHz
2026/09/30 04:51:33.876, Tesla T4, 2309 MiB, 15360 MiB, 29 %, 67, 36.15 W, 855 MHz
2026/09/30 04:51:34.394, Tesla T4, 2309 MiB, 15360 MiB, 23 %, 67, 35.95 W, 780 MHz
2026/09/30 04:51:34.908, Tesla T4, 2309 MiB, 15360 MiB, 29 %, 67, 35.93 W, 750 MHz
2026/09/30 04:51:35.420, Tesla T4, 2309 MiB, 15360 MiB, 37 %, 67, 39.21 W, 705 MHz
2026/09/30 04:51:35.928, Tesla T4, 2309 MiB, 15360 MiB, 40 %, 67, 37.43 W, 735 MHz
2026/09/30 04:51:36.438, Tesla T4, 2309 MiB, 15360 MiB, 37 %, 67, 38.52 W, 735 MHz
2026/09/30 04:51:36.946, Tesla T4, 2309 MiB, 15360 MiB, 38 %, 67, 38.34 W, 750 MHz
2026/09/30 04:51:37.453, Tesla T4, 2309 MiB, 15360 MiB, 36 %, 67, 37.24 W, 750 MHz
2026/09/30 04:51:37.964, Tesla T4, 2309 MiB, 15360 MiB, 38 %, 67, 37.31 W, 750 MHz
2026/09/30 04:51:38.471, Tesla T4, 2309 MiB, 15360 MiB, 37 %, 67, 36.40 W, 750 MHz
2026/09/30 04:51:38.978, Tesla T4, 2309 MiB, 15360 MiB, 34 %, 67, 41.06 W, 1125 MHz
2026/09/30 04:51:39.485, Tesla T4, 2309 MiB, 15360 MiB, 28 %, 67, 40.17 W, 1125 MHz
2026/09/30 04:51:39.992, Tesla T4, 2309 MiB, 15360 MiB, 30 %, 67, 38.97 W, 1125 MHz
2026/09/30 04:51:40.498, Tesla T4, 2309 MiB, 15360 MiB, 30 %, 67, 46.89 W, 1125 MHz
2026/09/30 04:51:41.004, Tesla T4, 2309 MiB, 15360 MiB, 27 %, 67, 45.99 W, 1395 MHz
2026/09/30 04:51:41.511, Tesla T4, 2309 MiB, 15360 MiB, 25 %, 68, 47.06 W, 1395 MHz
2026/09/30 04:51:42.017, Tesla T4, 2309 MiB, 15360 MiB, 28 %, 68, 45.22 W, 1395 MHz
2026/09/30 04:51:42.523, Tesla T4, 2309 MiB, 15360 MiB, 28 %, 67, 38.10 W, 1080 MHz
2026/09/30 04:51:43.029, Tesla T4, 2309 MiB, 15360 MiB, 32 %, 67, 37.69 W, 1020 MHz
2026/09/30 04:51:43.536, Tesla T4, 2309 MiB, 15360 MiB, 34 %, 67, 38.32 W, 990 MHz
2026/09/30 04:51:44.044, Tesla T4, 2309 MiB, 15360 MiB, 27 %, 68, 46.17 W, 1365 MHz
2026/09/30 04:51:44.550, Tesla T4, 2309 MiB, 15360 MiB, 28 %, 68, 45.86 W, 1365 MHz
2026/09/30 04:51:45.056, Tesla T4, 2309 MiB, 15360 MiB, 27 %, 68, 46.82 W, 1365 MHz
2026/09/30 04:51:45.562, Tesla T4, 2309 MiB, 15360 MiB, 20 %, 68, 45.83 W, 975 MHz
2026/09/30 04:51:46.082, Tesla T4, 2309 MiB, 15360 MiB, 26 %, 68, 35.54 W, 915 MHz
2026/09/30 04:51:46.596, Tesla T4, 2309 MiB, 15360 MiB, 29 %, 67, 36.37 W, 840 MHz
2026/09/30 04:51:47.110, Tesla T4, 2309 MiB, 15360 MiB, 25 %, 67, 36.27 W, 780 MHz
2026/09/30 04:51:47.623, Tesla T4, 2309 MiB, 15360 MiB, 20 %, 68, 37.55 W, 1095 MHz
2026/09/30 04:51:48.136, Tesla T4, 2309 MiB, 15360 MiB, 29 %, 68, 40.19 W, 1095 MHz
2026/09/30 04:51:48.642, Tesla T4, 2309 MiB, 15360 MiB, 30 %, 68, 39.48 W, 1095 MHz
2026/09/30 04:51:49.148, Tesla T4, 2309 MiB, 15360 MiB, 26 %, 68, 46.42 W, 1365 MHz
2026/09/30 04:51:49.654, Tesla T4, 2309 MiB, 15360 MiB, 27 %, 68, 44.85 W, 1365 MHz
2026/09/30 04:51:50.160, Tesla T4, 2309 MiB, 15360 MiB, 26 %, 68, 46.58 W, 1365 MHz
2026/09/30 04:51:50.669, Tesla T4, 2309 MiB, 15360 MiB, 27 %, 68, 45.29 W, 1035 MHz
2026/09/30 04:51:51.177, Tesla T4, 2309 MiB, 15360 MiB, 28 %, 68, 38.10 W, 990 MHz
2026/09/30 04:51:51.683, Tesla T4, 2309 MiB, 15360 MiB, 32 %, 68, 38.67 W, 945 MHz
2026/09/30 04:51:52.191, Tesla T4, 2309 MiB, 15360 MiB, 33 %, 68, 37.24 W, 900 MHz
2026/09/30 04:51:52.703, Tesla T4, 2309 MiB, 15360 MiB, 57 %, 68, 42.78 W, 1260 MHz
2026/09/30 04:51:53.209, Tesla T4, 2309 MiB, 15360 MiB, 27 %, 68, 44.58 W, 1380 MHz
2026/09/30 04:51:53.715, Tesla T4, 2309 MiB, 15360 MiB, 23 %, 69, 45.09 W, 1380 MHz
2026/09/30 04:51:54.222, Tesla T4, 2309 MiB, 15360 MiB, 27 %, 69, 45.75 W, 1380 MHz
2026/09/30 04:51:54.727, Tesla T4, 2309 MiB, 15360 MiB, 27 %, 69, 45.96 W, 1380 MHz
2026/09/30 04:51:55.233, Tesla T4, 2309 MiB, 15360 MiB, 32 %, 68, 38.33 W, 1005 MHz
2026/09/30 04:51:55.740, Tesla T4, 2309 MiB, 15360 MiB, 34 %, 68, 39.01 W, 990 MHz
2026/09/30 04:51:56.248, Tesla T4, 2309 MiB, 15360 MiB, 34 %, 68, 36.94 W, 945 MHz
2026/09/30 04:51:56.755, Tesla T4, 2309 MiB, 15360 MiB, 35 %, 68, 39.31 W, 930 MHz
2026/09/30 04:51:57.262, Tesla T4, 2309 MiB, 15360 MiB, 34 %, 68, 38.52 W, 885 MHz
2026/09/30 04:51:57.769, Tesla T4, 2309 MiB, 15360 MiB, 36 %, 68, 38.32 W, 870 MHz
2026/09/30 04:51:58.282, Tesla T4, 2309 MiB, 15360 MiB, 26 %, 68, 34.91 W, 795 MHz
2026/09/30 04:51:58.801, Tesla T4, 2309 MiB, 15360 MiB, 31 %, 68, 36.76 W, 765 MHz
2026/09/30 04:51:59.320, Tesla T4, 2309 MiB, 15360 MiB, 30 %, 68, 35.66 W, 720 MHz
2026/09/30 04:51:59.836, Tesla T4, 2309 MiB, 15360 MiB, 32 %, 68, 35.24 W, 675 MHz
2026/09/30 04:52:00.357, Tesla T4, 2309 MiB, 15360 MiB, 27 %, 68, 40.64 W, 630 MHz
2026/09/30 04:52:00.864, Tesla T4, 2309 MiB, 15360 MiB, 31 %, 68, 40.86 W, 1080 MHz
2026/09/30 04:52:01.370, Tesla T4, 2309 MiB, 15360 MiB, 31 %, 68, 38.87 W, 1080 MHz
2026/09/30 04:52:01.877, Tesla T4, 2309 MiB, 15360 MiB, 31 %, 68, 41.03 W, 1080 MHz
2026/09/30 04:52:02.384, Tesla T4, 2309 MiB, 15360 MiB, 27 %, 68, 43.47 W, 1350 MHz
2026/09/30 04:52:02.890, Tesla T4, 2309 MiB, 15360 MiB, 28 %, 68, 45.22 W, 1350 MHz
2026/09/30 04:52:03.396, Tesla T4, 2309 MiB, 15360 MiB, 29 %, 68, 41.82 W, 1350 MHz
2026/09/30 04:52:03.902, Tesla T4, 2309 MiB, 15360 MiB, 29 %, 68, 45.05 W, 1080 MHz
2026/09/30 04:52:04.410, Tesla T4, 2309 MiB, 15360 MiB, 33 %, 68, 40.17 W, 1050 MHz
2026/09/30 04:52:04.916, Tesla T4, 2309 MiB, 15360 MiB, 46 %, 68, 46.42 W, 1185 MHz
2026/09/30 04:52:05.422, Tesla T4, 2309 MiB, 15360 MiB, 30 %, 68, 40.15 W, 1185 MHz
2026/09/30 04:52:05.928, Tesla T4, 2309 MiB, 15360 MiB, 30 %, 67, 43.55 W, 1185 MHz
2026/09/30 04:52:06.437, Tesla T4, 2309 MiB, 15360 MiB, 30 %, 67, 40.76 W, 1185 MHz
2026/09/30 04:52:06.948, Tesla T4, 2309 MiB, 15360 MiB, 34 %, 67, 41.21 W, 960 MHz
2026/09/30 04:52:07.455, Tesla T4, 2309 MiB, 15360 MiB, 35 %, 67, 37.83 W, 930 MHz
2026/09/30 04:52:07.970, Tesla T4, 2309 MiB, 15360 MiB, 29 %, 67, 44.09 W, 1275 MHz
2026/09/30 04:52:08.476, Tesla T4, 2309 MiB, 15360 MiB, 27 %, 68, 49.54 W, 1515 MHz
2026/09/30 04:52:08.982, Tesla T4, 2309 MiB, 15360 MiB, 26 %, 68, 48.29 W, 1515 MHz
2026/09/30 04:52:09.487, Tesla T4, 2309 MiB, 15360 MiB, 26 %, 68, 51.61 W, 1515 MHz
2026/09/30 04:52:09.993, Tesla T4, 2309 MiB, 15360 MiB, 42 %, 68, 54.23 W, 1590 MHz
2026/09/30 04:52:10.502, Tesla T4, 2309 MiB, 15360 MiB, 18 %, 68, 50.40 W, 1590 MHz
2026/09/30 04:52:11.010, Tesla T4, 2309 MiB, 15360 MiB, 20 %, 68, 48.90 W, 1590 MHz
2026/09/30 04:52:11.527, Tesla T4, 2309 MiB, 15360 MiB, 20 %, 68, 51.54 W, 1590 MHz
2026/09/30 04:52:12.042, Tesla T4, 2309 MiB, 15360 MiB, 24 %, 68, 36.37 W, 1020 MHz
2026/09/30 04:52:12.559, Tesla T4, 2309 MiB, 15360 MiB, 20 %, 67, 41.48 W, 1170 MHz
2026/09/30 04:52:13.074, Tesla T4, 2309 MiB, 15360 MiB, 42 %, 67, 45.02 W, 1245 MHz
2026/09/30 04:52:13.581, Tesla T4, 2309 MiB, 15360 MiB, 29 %, 67, 42.24 W, 1245 MHz
2026/09/30 04:52:14.089, Tesla T4, 2309 MiB, 15360 MiB, 30 %, 67, 43.57 W, 1245 MHz
2026/09/30 04:52:14.595, Tesla T4, 2309 MiB, 15360 MiB, 48 %, 68, 53.81 W, 1515 MHz
2026/09/30 04:52:15.101, Tesla T4, 2309 MiB, 15360 MiB, 28 %, 68, 54.40 W, 1560 MHz
2026/09/30 04:52:15.607, Tesla T4, 2309 MiB, 15360 MiB, 27 %, 68, 53.28 W, 1560 MHz
2026/09/30 04:52:16.114, Tesla T4, 2309 MiB, 15360 MiB, 26 %, 68, 52.27 W, 1560 MHz
2026/09/30 04:52:16.620, Tesla T4, 2309 MiB, 15360 MiB, 26 %, 68, 53.74 W, 1560 MHz
2026/09/30 04:52:17.126, Tesla T4, 2309 MiB, 15360 MiB, 30 %, 69, 50.63 W, 1590 MHz
2026/09/30 04:52:17.631, Tesla T4, 2309 MiB, 15360 MiB, 26 %, 69, 52.37 W, 1590 MHz
2026/09/30 04:52:18.136, Tesla T4, 2309 MiB, 15360 MiB, 24 %, 69, 51.94 W, 1590 MHz
2026/09/30 04:52:18.642, Tesla T4, 2309 MiB, 15360 MiB, 27 %, 68, 41.18 W, 1200 MHz
2026/09/30 04:52:19.151, Tesla T4, 2309 MiB, 15360 MiB, 25 %, 69, 47.28 W, 1410 MHz
2026/09/30 04:52:19.657, Tesla T4, 2309 MiB, 15360 MiB, 27 %, 68, 46.42 W, 1410 MHz
2026/09/30 04:52:20.163, Tesla T4, 2309 MiB, 15360 MiB, 26 %, 69, 46.20 W, 1410 MHz
2026/09/30 04:52:20.669, Tesla T4, 2309 MiB, 15360 MiB, 28 %, 68, 38.52 W, 1095 MHz
2026/09/30 04:52:21.177, Tesla T4, 2309 MiB, 15360 MiB, 31 %, 68, 41.65 W, 1035 MHz
2026/09/30 04:52:21.683, Tesla T4, 2309 MiB, 15360 MiB, 28 %, 69, 46.93 W, 1410 MHz
2026/09/30 04:52:22.189, Tesla T4, 2309 MiB, 15360 MiB, 25 %, 69, 42.93 W, 1410 MHz
2026/09/30 04:52:22.695, Tesla T4, 2309 MiB, 15360 MiB, 26 %, 69, 50.98 W, 1560 MHz
2026/09/30 04:52:23.201, Tesla T4, 2309 MiB, 15360 MiB, 18 %, 69, 46.00 W, 1560 MHz
2026/09/30 04:52:23.715, Tesla T4, 2309 MiB, 15360 MiB, 21 %, 69, 47.67 W, 1560 MHz
2026/09/30 04:52:24.229, Tesla T4, 2309 MiB, 15360 MiB, 20 %, 69, 36.94 W, 960 MHz
2026/09/30 04:52:24.745, Tesla T4, 2309 MiB, 15360 MiB, 24 %, 68, 35.78 W, 885 MHz
2026/09/30 04:52:25.255, Tesla T4, 2309 MiB, 15360 MiB, 28 %, 68, 36.80 W, 825 MHz
2026/09/30 04:52:25.772, Tesla T4, 2309 MiB, 15360 MiB, 39 %, 68, 39.88 W, 765 MHz
2026/09/30 04:52:26.280, Tesla T4, 2309 MiB, 15360 MiB, 39 %, 69, 36.90 W, 765 MHz
2026/09/30 04:52:26.787, Tesla T4, 2309 MiB, 15360 MiB, 40 %, 69, 39.36 W, 765 MHz
2026/09/30 04:52:27.294, Tesla T4, 2309 MiB, 15360 MiB, 29 %, 69, 41.95 W, 1200 MHz
2026/09/30 04:52:27.802, Tesla T4, 2309 MiB, 15360 MiB, 29 %, 69, 41.60 W, 1200 MHz
2026/09/30 04:52:28.308, Tesla T4, 2309 MiB, 15360 MiB, 31 %, 69, 42.68 W, 1200 MHz
2026/09/30 04:52:28.814, Tesla T4, 2309 MiB, 15360 MiB, 0 %, 68, 35.19 W, 885 MHz
2026/09/30 04:52:29.320, Tesla T4, 2309 MiB, 15360 MiB, 0 %, 68, 32.05 W, 675 MHz
2026/09/30 04:52:29.835, Tesla T4, 2309 MiB, 15360 MiB, 0 %, 68, 31.75 W, 585 MHz
2026/09/30 04:52:30.342, Tesla T4, 0 MiB, 15360 MiB, 0 %, 68, 32.34 W, 585 MHz
2026/09/30 04:52:30.914, Tesla T4, 0 MiB, 15360 MiB, 0 %, 68, 31.95 W, 735 MHz
2026/09/30 04:52:31.420, Tesla T4, 0 MiB, 15360 MiB, 0 %, 68, 31.95 W, 735 MHz
2026/09/30 04:52:31.927, Tesla T4, 0 MiB, 15360 MiB, 0 %, 68, 31.95 W, 735 MHz
2026/09/30 04:52:32.434, Tesla T4, 0 MiB, 15360 MiB, 0 %, 68, 31.37 W, 300 MHz
2026/09/30 04:52:32.943, Tesla T4, 0 MiB, 15360 MiB, 0 %, 68, 31.37 W, 300 MHz
2026/09/30 04:52:33.450, Tesla T4, 0 MiB, 15360 MiB, 0 %, 68, 31.35 W, 300 MHz
2026/09/30 04:52:33.957, Tesla T4, 0 MiB, 15360 MiB, 0 %, 68, 31.35 W, 300 MHz
2026/09/30 04:52:34.471, Tesla T4, 0 MiB, 15360 MiB, 0 %, 67, 17.18 W, 300 MHz
2026/09/30 04:52:34.981, Tesla T4, 0 MiB, 15360 MiB, 0 %, 67, 17.18 W, 300 MHz
2026/09/30 04:52:35.492, Tesla T4, 0 MiB, 15360 MiB, 0 %, 67, 17.18 W, 300 MHz
2026/09/30 04:52:36.016, Tesla T4, 0 MiB, 15360 MiB, 0 %, 67, 17.09 W, 300 MHz
2026/09/30 04:52:36.540, Tesla T4, 0 MiB, 15360 MiB, 0 %, 67, 17.08 W, 300 MHz
2026/09/30 04:52:37.062, Tesla T4, 0 MiB, 15360 MiB, 0 %, 67, 17.08 W, 300 MHz
2026/09/30 04:52:37.582, Tesla T4, 0 MiB, 15360 MiB, 0 %, 66, 17.09 W, 300 MHz
2026/09/30 04:52:38.104, Tesla T4, 0 MiB, 15360 MiB, 0 %, 66, 17.09 W, 300 MHz
2026/09/30 04:52:38.633, Tesla T4, 0 MiB, 15360 MiB, 0 %, 66, 17.09 W, 300 MHz
2026/09/30 04:52:39.143, Tesla T4, 0 MiB, 15360 MiB, 0 %, 66, 17.09 W, 300 MHz
2026/09/30 04:52:39.654, Tesla T4, 0 MiB, 15360 MiB, 0 %, 66, 17.09 W, 300 MHz
2026/09/30 04:52:40.164, Tesla T4, 0 MiB, 15360 MiB, 0 %, 66, 17.09 W, 300 MHz
2026/09/30 04:52:40.675, Tesla T4, 0 MiB, 15360 MiB, 0 %, 66, 16.99 W, 300 MHz
2026/09/30 04:52:41.194, Tesla T4, 0 MiB, 15360 MiB, 0 %, 66, 17.09 W, 300 MHz
2026/09/30 04:52:41.705, Tesla T4, 0 MiB, 15360 MiB, 0 %, 65, 16.99 W, 300 MHz
2026/09/30 04:52:42.214, Tesla T4, 0 MiB, 15360 MiB, 0 %, 65, 16.99 W, 300 MHz
2026/09/30 04:52:42.724, Tesla T4, 0 MiB, 15360 MiB, 0 %, 65, 16.99 W, 300 MHz
2026/09/30 04:52:43.234, Tesla T4, 0 MiB, 15360 MiB, 0 %, 65, 16.99 W, 300 MHz
2026/09/30 04:52:43.745, Tesla T4, 0 MiB, 15360 MiB, 0 %, 65, 13.03 W, 300 MHz
2026/09/30 04:52:44.256, Tesla T4, 0 MiB, 15360 MiB, 0 %, 64, 12.73 W, 300 MHz
2026/09/30 04:52:44.766, Tesla T4, 0 MiB, 15360 MiB, 0 %, 64, 12.93 W, 300 MHz
2026/09/30 04:52:45.277, Tesla T4, 0 MiB, 15360 MiB, 0 %, 64, 12.64 W, 300 MHz
2026/09/30 04:52:45.787, Tesla T4, 0 MiB, 15360 MiB, 0 %, 64, 12.93 W, 300 MHz
2026/09/30 04:52:46.298, Tesla T4, 0 MiB, 15360 MiB, 0 %, 64, 12.63 W, 300 MHz
2026/09/30 04:52:46.809, Tesla T4, 0 MiB, 15360 MiB, 0 %, 63, 13.13 W, 300 MHz
2026/09/30 04:52:47.319, Tesla T4, 0 MiB, 15360 MiB, 0 %, 63, 12.63 W, 300 MHz
2026/09/30 04:52:47.830, Tesla T4, 0 MiB, 15360 MiB, 0 %, 63, 12.93 W, 300 MHz
2026/09/30 04:52:48.342, Tesla T4, 0 MiB, 15360 MiB, 0 %, 63, 12.83 W, 630 MHz
2026/09/30 04:52:48.863, Tesla T4, 0 MiB, 15360 MiB, 0 %, 63, 12.93 W, 630 MHz
2026/09/30 04:52:49.383, Tesla T4, 0 MiB, 15360 MiB, 0 %, 63, 12.83 W, 630 MHz
2026/09/30 04:52:49.894, Tesla T4, 0 MiB, 15360 MiB, 0 %, 63, 12.73 W, 300 MHz
2026/09/30 04:52:50.406, Tesla T4, 0 MiB, 15360 MiB, 0 %, 63, 13.03 W, 300 MHz
2026/09/30 04:52:50.923, Tesla T4, 0 MiB, 15360 MiB, 0 %, 62, 12.83 W, 300 MHz
2026/09/30 04:52:51.434, Tesla T4, 0 MiB, 15360 MiB, 0 %, 62, 12.73 W, 300 MHz
2026/09/30 04:52:51.945, Tesla T4, 0 MiB, 15360 MiB, 0 %, 62, 12.73 W, 300 MHz
2026/09/30 04:52:52.466, Tesla T4, 0 MiB, 15360 MiB, 0 %, 62, 12.83 W, 300 MHz
2026/09/30 04:52:52.988, Tesla T4, 0 MiB, 15360 MiB, 0 %, 62, 12.73 W, 300 MHz
2026/09/30 04:52:53.499, Tesla T4, 0 MiB, 15360 MiB, 0 %, 62, 12.53 W, 300 MHz
2026/09/30 04:52:54.017, Tesla T4, 0 MiB, 15360 MiB, 0 %, 62, 13.42 W, 300 MHz
2026/09/30 04:52:54.528, Tesla T4, 0 MiB, 15360 MiB, 0 %, 62, 12.73 W, 300 MHz
2026/09/30 04:52:55.038, Tesla T4, 0 MiB, 15360 MiB, 0 %, 61, 12.83 W, 300 MHz
2026/09/30 04:52:55.549, Tesla T4, 0 MiB, 15360 MiB, 0 %, 61, 12.53 W, 300 MHz
2026/09/30 04:52:56.059, Tesla T4, 0 MiB, 15360 MiB, 0 %, 61, 12.83 W, 300 MHz
2026/09/30 04:52:56.570, Tesla T4, 0 MiB, 15360 MiB, 0 %, 61, 12.43 W, 300 MHz
2026/09/30 04:52:57.081, Tesla T4, 0 MiB, 15360 MiB, 0 %, 61, 12.63 W, 300 MHz
2026/09/30 04:52:57.592, Tesla T4, 0 MiB, 15360 MiB, 0 %, 61, 12.73 W, 300 MHz
2026/09/30 04:52:58.103, Tesla T4, 0 MiB, 15360 MiB, 0 %, 61, 12.54 W, 300 MHz
2026/09/30 04:52:58.614, Tesla T4, 0 MiB, 15360 MiB, 0 %, 61, 12.93 W, 300 MHz
2026/09/30 04:52:59.124, Tesla T4, 0 MiB, 15360 MiB, 0 %, 61, 12.53 W, 300 MHz
2026/09/30 04:52:59.634, Tesla T4, 0 MiB, 15360 MiB, 0 %, 61, 12.83 W, 300 MHz
2026/09/30 04:53:00.145, Tesla T4, 0 MiB, 15360 MiB, 0 %, 61, 12.83 W, 300 MHz
2026/09/30 04:53:00.655, Tesla T4, 0 MiB, 15360 MiB, 0 %, 61, 12.83 W, 300 MHz
2026/09/30 04:53:01.165, Tesla T4, 0 MiB, 15360 MiB, 0 %, 61, 12.93 W, 300 MHz
2026/09/30 04:53:01.675, Tesla T4, 0 MiB, 15360 MiB, 0 %, 60, 12.83 W, 300 MHz
2026/09/30 04:53:02.187, Tesla T4, 0 MiB, 15360 MiB, 0 %, 61, 13.13 W, 300 MHz
2026/09/30 04:53:02.697, Tesla T4, 0 MiB, 15360 MiB, 0 %, 60, 12.33 W, 300 MHz
2026/09/30 04:53:03.208, Tesla T4, 0 MiB, 15360 MiB, 0 %, 60, 13.03 W, 300 MHz
2026/09/30 04:53:03.718, Tesla T4, 0 MiB, 15360 MiB, 0 %, 60, 12.44 W, 300 MHz
2026/09/30 04:53:04.229, Tesla T4, 0 MiB, 15360 MiB, 0 %, 60, 13.13 W, 300 MHz
2026/09/30 04:53:04.739, Tesla T4, 0 MiB, 15360 MiB, 0 %, 60, 12.43 W, 300 MHz
2026/09/30 04:53:05.250, Tesla T4, 0 MiB, 15360 MiB, 0 %, 60, 13.23 W, 300 MHz
2026/09/30 04:53:05.761, Tesla T4, 0 MiB, 15360 MiB, 0 %, 60, 12.44 W, 300 MHz
2026/09/30 04:53:06.272, Tesla T4, 0 MiB, 15360 MiB, 0 %, 60, 12.73 W, 300 MHz
2026/09/30 04:53:06.783, Tesla T4, 0 MiB, 15360 MiB, 0 %, 60, 12.44 W, 300 MHz
2026/09/30 04:53:07.293, Tesla T4, 0 MiB, 15360 MiB, 0 %, 60, 15.40 W, 300 MHz
2026/09/30 04:53:07.803, Tesla T4, 0 MiB, 15360 MiB, 0 %, 60, 12.83 W, 300 MHz
2026/09/30 04:53:08.313, Tesla T4, 0 MiB, 15360 MiB, 0 %, 60, 12.34 W, 300 MHz
2026/09/30 04:53:08.824, Tesla T4, 0 MiB, 15360 MiB, 0 %, 60, 13.13 W, 300 MHz
2026/09/30 04:53:09.334, Tesla T4, 0 MiB, 15360 MiB, 0 %, 59, 12.43 W, 300 MHz
2026/09/30 04:53:09.845, Tesla T4, 0 MiB, 15360 MiB, 0 %, 59, 12.83 W, 300 MHz
2026/09/30 04:53:10.355, Tesla T4, 0 MiB, 15360 MiB, 0 %, 59, 12.63 W, 300 MHz
2026/09/30 04:53:10.866, Tesla T4, 0 MiB, 15360 MiB, 0 %, 59, 12.83 W, 300 MHz
2026/09/30 04:53:11.376, Tesla T4, 0 MiB, 15360 MiB, 0 %, 59, 12.63 W, 300 MHz
2026/09/30 04:53:11.887, Tesla T4, 0 MiB, 15360 MiB, 0 %, 59, 13.03 W, 300 MHz
2026/09/30 04:53:12.397, Tesla T4, 0 MiB, 15360 MiB, 0 %, 59, 12.33 W, 300 MHz
2026/09/30 04:53:12.908, Tesla T4, 0 MiB, 15360 MiB, 0 %, 59, 13.32 W, 300 MHz
2026/09/30 04:53:13.419, Tesla T4, 0 MiB, 15360 MiB, 0 %, 58, 12.73 W, 300 MHz
2026/09/30 04:53:13.930, Tesla T4, 0 MiB, 15360 MiB, 0 %, 58, 12.33 W, 300 MHz
2026/09/30 04:53:14.441, Tesla T4, 0 MiB, 15360 MiB, 0 %, 58, 13.03 W, 300 MHz
2026/09/30 04:53:14.951, Tesla T4, 0 MiB, 15360 MiB, 0 %, 58, 12.24 W, 300 MHz
2026/09/30 04:53:15.461, Tesla T4, 0 MiB, 15360 MiB, 0 %, 58, 12.93 W, 300 MHz
2026/09/30 04:53:15.972, Tesla T4, 0 MiB, 15360 MiB, 0 %, 58, 12.33 W, 300 MHz
2026/09/30 04:53:16.482, Tesla T4, 0 MiB, 15360 MiB, 0 %, 58, 12.63 W, 300 MHz
2026/09/30 04:53:16.992, Tesla T4, 0 MiB, 15360 MiB, 0 %, 57, 12.23 W, 300 MHz
2026/09/30 04:53:17.502, Tesla T4, 0 MiB, 15360 MiB, 0 %, 57, 12.73 W, 300 MHz
2026/09/30 04:53:18.013, Tesla T4, 0 MiB, 15360 MiB, 0 %, 57, 12.13 W, 300 MHz
2026/09/30 04:53:18.524, Tesla T4, 0 MiB, 15360 MiB, 0 %, 57, 12.24 W, 300 MHz
2026/09/30 04:53:19.035, Tesla T4, 0 MiB, 15360 MiB, 0 %, 57, 12.93 W, 300 MHz
2026/09/30 04:53:19.545, Tesla T4, 0 MiB, 15360 MiB, 0 %, 57, 12.63 W, 300 MHz
2026/09/30 04:53:20.056, Tesla T4, 0 MiB, 15360 MiB, 0 %, 57, 12.83 W, 300 MHz
2026/09/30 04:53:20.567, Tesla T4, 0 MiB, 15360 MiB, 0 %, 56, 12.33 W, 300 MHz
2026/09/30 04:53:21.078, Tesla T4, 0 MiB, 15360 MiB, 0 %, 56, 12.83 W, 300 MHz
2026/09/30 04:53:21.588, Tesla T4, 0 MiB, 15360 MiB, 0 %, 56, 12.33 W, 300 MHz
2026/09/30 04:53:22.099, Tesla T4, 0 MiB, 15360 MiB, 0 %, 56, 12.73 W, 300 MHz
2026/09/30 04:53:22.610, Tesla T4, 0 MiB, 15360 MiB, 0 %, 56, 12.24 W, 300 MHz
2026/09/30 04:53:23.120, Tesla T4, 0 MiB, 15360 MiB, 0 %, 56, 12.83 W, 300 MHz
2026/09/30 04:53:23.630, Tesla T4, 0 MiB, 15360 MiB, 0 %, 56, 12.93 W, 300 MHz
2026/09/30 04:53:24.140, Tesla T4, 0 MiB, 15360 MiB, 0 %, 56, 12.23 W, 300 MHz
2026/09/30 04:53:24.650, Tesla T4, 0 MiB, 15360 MiB, 0 %, 56, 12.83 W, 300 MHz
2026/09/30 04:53:25.161, Tesla T4, 0 MiB, 15360 MiB, 0 %, 55, 12.23 W, 300 MHz
2026/09/30 04:53:25.672, Tesla T4, 0 MiB, 15360 MiB, 0 %, 55, 13.02 W, 300 MHz
2026/09/30 04:53:26.182, Tesla T4, 0 MiB, 15360 MiB, 0 %, 55, 12.44 W, 300 MHz
2026/09/30 04:53:26.692, Tesla T4, 0 MiB, 15360 MiB, 0 %, 55, 12.73 W, 300 MHz
2026/09/30 04:53:27.203, Tesla T4, 0 MiB, 15360 MiB, 0 %, 55, 12.13 W, 300 MHz
2026/09/30 04:53:27.713, Tesla T4, 0 MiB, 15360 MiB, 0 %, 55, 12.93 W, 300 MHz
2026/09/30 04:53:28.224, Tesla T4, 0 MiB, 15360 MiB, 0 %, 55, 12.33 W, 300 MHz
2026/09/30 04:53:28.735, Tesla T4, 0 MiB, 15360 MiB, 0 %, 55, 12.64 W, 300 MHz
2026/09/30 04:53:29.246, Tesla T4, 0 MiB, 15360 MiB, 0 %, 55, 13.03 W, 300 MHz
2026/09/30 04:53:29.757, Tesla T4, 0 MiB, 15360 MiB, 0 %, 55, 12.23 W, 300 MHz
2026/09/30 04:53:30.267, Tesla T4, 0 MiB, 15360 MiB, 0 %, 55, 12.63 W, 300 MHz
2026/09/30 04:53:30.778, Tesla T4, 0 MiB, 15360 MiB, 0 %, 55, 12.14 W, 300 MHz
2026/09/30 04:53:31.288, Tesla T4, 0 MiB, 15360 MiB, 0 %, 55, 12.73 W, 300 MHz
2026/09/30 04:53:31.798, Tesla T4, 0 MiB, 15360 MiB, 0 %, 55, 12.34 W, 300 MHz
2026/09/30 04:53:32.311, Tesla T4, 0 MiB, 15360 MiB, 0 %, 54, 12.73 W, 300 MHz
2026/09/30 04:53:32.821, Tesla T4, 0 MiB, 15360 MiB, 0 %, 54, 12.14 W, 300 MHz
2026/09/30 04:53:33.331, Tesla T4, 0 MiB, 15360 MiB, 0 %, 54, 12.73 W, 300 MHz
2026/09/30 04:53:33.842, Tesla T4, 0 MiB, 15360 MiB, 0 %, 54, 12.14 W, 300 MHz
2026/09/30 04:53:34.352, Tesla T4, 0 MiB, 15360 MiB, 0 %, 54, 12.33 W, 300 MHz
2026/09/30 04:53:34.863, Tesla T4, 0 MiB, 15360 MiB, 0 %, 54, 12.63 W, 300 MHz
2026/09/30 04:53:35.373, Tesla T4, 0 MiB, 15360 MiB, 0 %, 54, 12.34 W, 300 MHz
2026/09/30 04:53:35.884, Tesla T4, 0 MiB, 15360 MiB, 0 %, 54, 12.64 W, 300 MHz
2026/09/30 04:53:36.395, Tesla T4, 0 MiB, 15360 MiB, 0 %, 54, 12.03 W, 300 MHz
2026/09/30 04:53:36.905, Tesla T4, 0 MiB, 15360 MiB, 0 %, 54, 12.54 W, 300 MHz
2026/09/30 04:53:37.417, Tesla T4, 0 MiB, 15360 MiB, 0 %, 54, 12.24 W, 300 MHz
2026/09/30 04:53:37.928, Tesla T4, 0 MiB, 15360 MiB, 0 %, 54, 12.63 W, 300 MHz
2026/09/30 04:53:38.438, Tesla T4, 0 MiB, 15360 MiB, 0 %, 54, 12.43 W, 300 MHz
2026/09/30 04:53:38.949, Tesla T4, 0 MiB, 15360 MiB, 0 %, 54, 12.43 W, 300 MHz
2026/09/30 04:53:39.462, Tesla T4, 0 MiB, 15360 MiB, 0 %, 54, 13.33 W, 300 MHz
2026/09/30 04:53:39.994, Tesla T4, 0 MiB, 15360 MiB, 0 %, 54, 12.03 W, 300 MHz
2026/09/30 04:53:40.505, Tesla T4, 0 MiB, 15360 MiB, 0 %, 54, 12.63 W, 300 MHz
2026/09/30 04:53:41.015, Tesla T4, 0 MiB, 15360 MiB, 0 %, 54, 12.03 W, 300 MHz
2026/09/30 04:53:41.526, Tesla T4, 0 MiB, 15360 MiB, 0 %, 54, 12.54 W, 300 MHz
2026/09/30 04:53:42.036, Tesla T4, 0 MiB, 15360 MiB, 0 %, 54, 12.04 W, 300 MHz
2026/09/30 04:53:42.547, Tesla T4, 0 MiB, 15360 MiB, 0 %, 54, 12.73 W, 300 MHz
2026/09/30 04:53:43.058, Tesla T4, 0 MiB, 15360 MiB, 0 %, 54, 12.23 W, 300 MHz
2026/09/30 04:53:43.568, Tesla T4, 0 MiB, 15360 MiB, 0 %, 54, 12.73 W, 300 MHz
2026/09/30 04:53:44.079, Tesla T4, 0 MiB, 15360 MiB, 0 %, 54, 12.93 W, 300 MHz
2026/09/30 04:53:44.590, Tesla T4, 0 MiB, 15360 MiB, 0 %, 54, 12.33 W, 300 MHz
2026/09/30 04:53:45.101, Tesla T4, 0 MiB, 15360 MiB, 0 %, 54, 12.83 W, 300 MHz
2026/09/30 04:53:45.611, Tesla T4, 0 MiB, 15360 MiB, 0 %, 54, 12.23 W, 300 MHz
2026/09/30 04:53:46.122, Tesla T4, 0 MiB, 15360 MiB, 0 %, 54, 12.63 W, 300 MHz
2026/09/30 04:53:46.632, Tesla T4, 0 MiB, 15360 MiB, 0 %, 54, 12.14 W, 300 MHz
2026/09/30 04:53:47.142, Tesla T4, 0 MiB, 15360 MiB, 0 %, 54, 12.53 W, 300 MHz
2026/09/30 04:53:47.654, Tesla T4, 0 MiB, 15360 MiB, 0 %, 54, 12.33 W, 300 MHz
2026/09/30 04:53:48.164, Tesla T4, 0 MiB, 15360 MiB, 0 %, 53, 12.64 W, 300 MHz
2026/09/30 04:53:48.678, Tesla T4, 0 MiB, 15360 MiB, 0 %, 53, 11.94 W, 300 MHz
2026/09/30 04:53:49.188, Tesla T4, 0 MiB, 15360 MiB, 0 %, 53, 11.94 W, 300 MHz
2026/09/30 04:53:49.699, Tesla T4, 0 MiB, 15360 MiB, 0 %, 53, 12.43 W, 300 MHz
2026/09/30 04:53:50.209, Tesla T4, 0 MiB, 15360 MiB, 0 %, 53, 12.23 W, 300 MHz
2026/09/30 04:53:50.719, Tesla T4, 0 MiB, 15360 MiB, 0 %, 53, 12.73 W, 300 MHz
2026/09/30 04:53:51.230, Tesla T4, 0 MiB, 15360 MiB, 0 %, 53, 12.04 W, 300 MHz
2026/09/30 04:53:51.741, Tesla T4, 0 MiB, 15360 MiB, 0 %, 53, 12.83 W, 300 MHz
2026/09/30 04:53:52.251, Tesla T4, 0 MiB, 15360 MiB, 0 %, 53, 12.14 W, 300 MHz
2026/09/30 04:53:52.762, Tesla T4, 0 MiB, 15360 MiB, 0 %, 53, 12.83 W, 300 MHz
2026/09/30 04:53:53.273, Tesla T4, 0 MiB, 15360 MiB, 0 %, 53, 11.94 W, 300 MHz
2026/09/30 04:53:53.783, Tesla T4, 0 MiB, 15360 MiB, 0 %, 53, 12.43 W, 300 MHz
2026/09/30 04:53:54.294, Tesla T4, 0 MiB, 15360 MiB, 0 %, 53, 12.33 W, 300 MHz
2026/09/30 04:53:54.804, Tesla T4, 0 MiB, 15360 MiB, 0 %, 53, 12.03 W, 300 MHz
2026/09/30 04:53:55.314, Tesla T4, 0 MiB, 15360 MiB, 0 %, 52, 12.23 W, 300 MHz
2026/09/30 04:53:55.825, Tesla T4, 0 MiB, 15360 MiB, 0 %, 52, 12.03 W, 300 MHz
2026/09/30 04:53:56.335, Tesla T4, 0 MiB, 15360 MiB, 0 %, 52, 12.43 W, 300 MHz
2026/09/30 04:53:56.845, Tesla T4, 0 MiB, 15360 MiB, 0 %, 52, 12.43 W, 300 MHz
2026/09/30 04:53:57.355, Tesla T4, 0 MiB, 15360 MiB, 0 %, 52, 12.43 W, 300 MHz
2026/09/30 04:53:57.866, Tesla T4, 0 MiB, 15360 MiB, 0 %, 52, 12.03 W, 300 MHz
2026/09/30 04:53:58.376, Tesla T4, 0 MiB, 15360 MiB, 0 %, 52, 12.44 W, 300 MHz
2026/09/30 04:53:58.887, Tesla T4, 0 MiB, 15360 MiB, 0 %, 52, 12.04 W, 300 MHz
2026/09/30 04:53:59.398, Tesla T4, 0 MiB, 15360 MiB, 0 %, 52, 12.33 W, 300 MHz
2026/09/30 04:53:59.908, Tesla T4, 0 MiB, 15360 MiB, 0 %, 52, 12.23 W, 300 MHz
2026/09/30 04:54:00.420, Tesla T4, 0 MiB, 15360 MiB, 0 %, 52, 12.03 W, 300 MHz
2026/09/30 04:54:00.931, Tesla T4, 0 MiB, 15360 MiB, 0 %, 51, 12.33 W, 300 MHz
2026/09/30 04:54:01.442, Tesla T4, 0 MiB, 15360 MiB, 0 %, 51, 12.03 W, 300 MHz
2026/09/30 04:54:01.953, Tesla T4, 0 MiB, 15360 MiB, 0 %, 51, 12.43 W, 300 MHz
2026/09/30 04:54:02.463, Tesla T4, 0 MiB, 15360 MiB, 0 %, 51, 11.94 W, 300 MHz
2026/09/30 04:54:02.973, Tesla T4, 0 MiB, 15360 MiB, 0 %, 51, 12.33 W, 300 MHz
2026/09/30 04:54:03.483, Tesla T4, 0 MiB, 15360 MiB, 0 %, 51, 12.14 W, 300 MHz
2026/09/30 04:54:03.994, Tesla T4, 0 MiB, 15360 MiB, 0 %, 51, 15.40 W, 300 MHz
2026/09/30 04:54:04.504, Tesla T4, 0 MiB, 15360 MiB, 0 %, 51, 12.03 W, 300 MHz
2026/09/30 04:54:05.015, Tesla T4, 0 MiB, 15360 MiB, 0 %, 51, 12.03 W, 300 MHz
2026/09/30 04:54:05.525, Tesla T4, 0 MiB, 15360 MiB, 0 %, 51, 12.14 W, 300 MHz
2026/09/30 04:54:06.035, Tesla T4, 0 MiB, 15360 MiB, 0 %, 51, 12.14 W, 300 MHz
2026/09/30 04:54:06.545, Tesla T4, 0 MiB, 15360 MiB, 0 %, 51, 12.13 W, 300 MHz
2026/09/30 04:54:07.057, Tesla T4, 0 MiB, 15360 MiB, 0 %, 51, 12.24 W, 300 MHz
2026/09/30 04:54:07.567, Tesla T4, 0 MiB, 15360 MiB, 0 %, 51, 12.33 W, 300 MHz
2026/09/30 04:54:08.078, Tesla T4, 0 MiB, 15360 MiB, 0 %, 51, 12.13 W, 300 MHz
2026/09/30 04:54:08.589, Tesla T4, 0 MiB, 15360 MiB, 0 %, 51, 12.33 W, 300 MHz
2026/09/30 04:54:09.099, Tesla T4, 0 MiB, 15360 MiB, 0 %, 51, 11.94 W, 300 MHz
2026/09/30 04:54:09.610, Tesla T4, 0 MiB, 15360 MiB, 0 %, 51, 12.23 W, 300 MHz
2026/09/30 04:54:10.121, Tesla T4, 0 MiB, 15360 MiB, 0 %, 51, 13.13 W, 300 MHz
2026/09/30 04:54:10.631, Tesla T4, 0 MiB, 15360 MiB, 0 %, 51, 11.94 W, 300 MHz
2026/09/30 04:54:11.142, Tesla T4, 0 MiB, 15360 MiB, 0 %, 51, 12.73 W, 300 MHz
2026/09/30 04:54:11.652, Tesla T4, 0 MiB, 15360 MiB, 0 %, 51, 12.03 W, 300 MHz
2026/09/30 04:54:12.162, Tesla T4, 0 MiB, 15360 MiB, 0 %, 51, 12.53 W, 300 MHz
2026/09/30 04:54:12.673, Tesla T4, 0 MiB, 15360 MiB, 0 %, 51, 11.94 W, 300 MHz
2026/09/30 04:54:13.183, Tesla T4, 0 MiB, 15360 MiB, 0 %, 51, 12.53 W, 300 MHz
2026/09/30 04:54:13.693, Tesla T4, 0 MiB, 15360 MiB, 0 %, 51, 12.13 W, 300 MHz
2026/09/30 04:54:14.204, Tesla T4, 0 MiB, 15360 MiB, 0 %, 51, 12.43 W, 300 MHz
2026/09/30 04:54:14.714, Tesla T4, 0 MiB, 15360 MiB, 0 %, 51, 12.13 W, 300 MHz
2026/09/30 04:54:15.225, Tesla T4, 0 MiB, 15360 MiB, 0 %, 51, 12.44 W, 300 MHz
2026/09/30 04:54:15.736, Tesla T4, 0 MiB, 15360 MiB, 0 %, 51, 12.23 W, 300 MHz
2026/09/30 04:54:16.246, Tesla T4, 0 MiB, 15360 MiB, 0 %, 51, 11.94 W, 300 MHz
2026/09/30 04:54:16.757, Tesla T4, 0 MiB, 15360 MiB, 0 %, 51, 12.44 W, 300 MHz
2026/09/30 04:54:17.268, Tesla T4, 0 MiB, 15360 MiB, 0 %, 51, 12.64 W, 300 MHz
2026/09/30 04:54:17.778, Tesla T4, 0 MiB, 15360 MiB, 0 %, 51, 12.23 W, 300 MHz
2026/09/30 04:54:18.288, Tesla T4, 0 MiB, 15360 MiB, 0 %, 51, 12.13 W, 300 MHz
2026/09/30 04:54:18.799, Tesla T4, 0 MiB, 15360 MiB, 0 %, 51, 12.33 W, 300 MHz
2026/09/30 04:54:19.309, Tesla T4, 0 MiB, 15360 MiB, 0 %, 50, 11.94 W, 300 MHz
2026/09/30 04:54:19.820, Tesla T4, 0 MiB, 15360 MiB, 0 %, 50, 12.44 W, 300 MHz
2026/09/30 04:54:20.330, Tesla T4, 0 MiB, 15360 MiB, 0 %, 50, 11.94 W, 300 MHz
2026/09/30 04:54:20.841, Tesla T4, 0 MiB, 15360 MiB, 0 %, 50, 12.33 W, 300 MHz
2026/09/30 04:54:21.351, Tesla T4, 0 MiB, 15360 MiB, 0 %, 50, 12.24 W, 300 MHz
2026/09/30 04:54:21.861, Tesla T4, 0 MiB, 15360 MiB, 0 %, 50, 12.13 W, 300 MHz
2026/09/30 04:54:22.371, Tesla T4, 0 MiB, 15360 MiB, 0 %, 50, 12.13 W, 300 MHz
2026/09/30 04:54:22.882, Tesla T4, 0 MiB, 15360 MiB, 0 %, 50, 11.94 W, 300 MHz
2026/09/30 04:54:23.393, Tesla T4, 0 MiB, 15360 MiB, 0 %, 50, 12.13 W, 300 MHz
2026/09/30 04:54:23.905, Tesla T4, 0 MiB, 15360 MiB, 0 %, 50, 12.03 W, 300 MHz
2026/09/30 04:54:24.415, Tesla T4, 0 MiB, 15360 MiB, 0 %, 50, 12.33 W, 300 MHz
2026/09/30 04:54:24.926, Tesla T4, 0 MiB, 15360 MiB, 0 %, 50, 12.43 W, 300 MHz
2026/09/30 04:54:25.437, Tesla T4, 0 MiB, 15360 MiB, 0 %, 50, 12.24 W, 300 MHz
2026/09/30 04:54:25.948, Tesla T4, 0 MiB, 15360 MiB, 0 %, 50, 11.94 W, 300 MHz
2026/09/30 04:54:26.458, Tesla T4, 0 MiB, 15360 MiB, 0 %, 50, 11.94 W, 300 MHz
2026/09/30 04:54:26.968, Tesla T4, 0 MiB, 15360 MiB, 0 %, 50, 12.13 W, 300 MHz
2026/09/30 04:54:27.478, Tesla T4, 0 MiB, 15360 MiB, 0 %, 50, 12.13 W, 300 MHz
2026/09/30 04:54:27.989, Tesla T4, 0 MiB, 15360 MiB, 0 %, 50, 12.24 W, 300 MHz
2026/09/30 04:54:28.501, Tesla T4, 0 MiB, 15360 MiB, 0 %, 50, 12.03 W, 300 MHz
2026/09/30 04:54:29.012, Tesla T4, 0 MiB, 15360 MiB, 0 %, 50, 12.33 W, 300 MHz
2026/09/30 04:54:29.522, Tesla T4, 0 MiB, 15360 MiB, 0 %, 50, 11.84 W, 300 MHz
2026/09/30 04:54:30.033, Tesla T4, 0 MiB, 15360 MiB, 0 %, 49, 12.23 W, 300 MHz
2026/09/30 04:54:30.543, Tesla T4, 0 MiB, 15360 MiB, 0 %, 49, 12.04 W, 300 MHz
2026/09/30 04:54:31.054, Tesla T4, 0 MiB, 15360 MiB, 0 %, 49, 12.13 W, 300 MHz
2026/09/30 04:54:31.564, Tesla T4, 0 MiB, 15360 MiB, 0 %, 49, 12.13 W, 300 MHz
2026/09/30 04:54:32.075, Tesla T4, 0 MiB, 15360 MiB, 0 %, 49, 12.03 W, 300 MHz
2026/09/30 04:54:32.585, Tesla T4, 0 MiB, 15360 MiB, 0 %, 49, 12.03 W, 300 MHz
2026/09/30 04:54:33.096, Tesla T4, 0 MiB, 15360 MiB, 0 %, 49, 11.84 W, 300 MHz
2026/09/30 04:54:33.607, Tesla T4, 0 MiB, 15360 MiB, 0 %, 49, 12.33 W, 300 MHz
2026/09/30 04:54:34.117, Tesla T4, 0 MiB, 15360 MiB, 0 %, 49, 12.33 W, 300 MHz
2026/09/30 04:54:34.628, Tesla T4, 0 MiB, 15360 MiB, 0 %, 49, 12.24 W, 300 MHz
2026/09/30 04:54:35.138, Tesla T4, 0 MiB, 15360 MiB, 0 %, 49, 11.94 W, 300 MHz
2026/09/30 04:54:35.649, Tesla T4, 0 MiB, 15360 MiB, 0 %, 49, 12.14 W, 300 MHz
2026/09/30 04:54:36.159, Tesla T4, 0 MiB, 15360 MiB, 0 %, 48, 12.03 W, 300 MHz
2026/09/30 04:54:36.669, Tesla T4, 0 MiB, 15360 MiB, 0 %, 48, 12.03 W, 300 MHz
2026/09/30 04:54:37.179, Tesla T4, 0 MiB, 15360 MiB, 0 %, 48, 12.33 W, 300 MHz
2026/09/30 04:54:37.690, Tesla T4, 0 MiB, 15360 MiB, 0 %, 48, 12.04 W, 300 MHz
2026/09/30 04:54:38.200, Tesla T4, 0 MiB, 15360 MiB, 0 %, 48, 12.33 W, 300 MHz
2026/09/30 04:54:38.711, Tesla T4, 0 MiB, 15360 MiB, 0 %, 48, 12.03 W, 300 MHz
2026/09/30 04:54:39.221, Tesla T4, 0 MiB, 15360 MiB, 0 %, 48, 12.43 W, 300 MHz
2026/09/30 04:54:39.732, Tesla T4, 0 MiB, 15360 MiB, 0 %, 48, 11.84 W, 300 MHz
2026/09/30 04:54:40.243, Tesla T4, 0 MiB, 15360 MiB, 0 %, 48, 12.23 W, 300 MHz
2026/09/30 04:54:40.754, Tesla T4, 0 MiB, 15360 MiB, 0 %, 48, 11.94 W, 300 MHz
2026/09/30 04:54:41.265, Tesla T4, 0 MiB, 15360 MiB, 0 %, 48, 12.04 W, 300 MHz
2026/09/30 04:54:41.776, Tesla T4, 0 MiB, 15360 MiB, 0 %, 48, 12.03 W, 300 MHz
2026/09/30 04:54:42.286, Tesla T4, 0 MiB, 15360 MiB, 0 %, 48, 11.74 W, 300 MHz
2026/09/30 04:54:42.796, Tesla T4, 0 MiB, 15360 MiB, 0 %, 48, 12.03 W, 300 MHz
2026/09/30 04:54:43.306, Tesla T4, 0 MiB, 15360 MiB, 0 %, 48, 12.04 W, 300 MHz
2026/09/30 04:54:43.816, Tesla T4, 0 MiB, 15360 MiB, 0 %, 48, 12.33 W, 300 MHz
2026/09/30 04:54:44.327, Tesla T4, 0 MiB, 15360 MiB, 0 %, 48, 11.74 W, 300 MHz
2026/09/30 04:54:44.838, Tesla T4, 0 MiB, 15360 MiB, 0 %, 48, 12.03 W, 300 MHz
2026/09/30 04:54:45.348, Tesla T4, 0 MiB, 15360 MiB, 0 %, 48, 11.84 W, 300 MHz
2026/09/30 04:54:45.859, Tesla T4, 0 MiB, 15360 MiB, 0 %, 48, 12.04 W, 300 MHz
2026/09/30 04:54:46.369, Tesla T4, 0 MiB, 15360 MiB, 0 %, 48, 11.94 W, 300 MHz
2026/09/30 04:54:46.879, Tesla T4, 0 MiB, 15360 MiB, 0 %, 48, 12.24 W, 300 MHz
2026/09/30 04:54:47.390, Tesla T4, 0 MiB, 15360 MiB, 0 %, 47, 12.24 W, 300 MHz
2026/09/30 04:54:47.900, Tesla T4, 0 MiB, 15360 MiB, 0 %, 48, 11.74 W, 300 MHz
2026/09/30 04:54:48.411, Tesla T4, 0 MiB, 15360 MiB, 0 %, 47, 12.23 W, 300 MHz
2026/09/30 04:54:48.922, Tesla T4, 0 MiB, 15360 MiB, 0 %, 48, 12.04 W, 300 MHz
2026/09/30 04:54:49.432, Tesla T4, 0 MiB, 15360 MiB, 0 %, 47, 12.24 W, 300 MHz
2026/09/30 04:54:49.943, Tesla T4, 0 MiB, 15360 MiB, 0 %, 47, 11.74 W, 300 MHz
2026/09/30 04:54:50.453, Tesla T4, 0 MiB, 15360 MiB, 0 %, 47, 11.94 W, 300 MHz
2026/09/30 04:54:50.963, Tesla T4, 0 MiB, 15360 MiB, 0 %, 47, 11.84 W, 300 MHz
2026/09/30 04:54:51.474, Tesla T4, 0 MiB, 15360 MiB, 0 %, 47, 12.04 W, 300 MHz
2026/09/30 04:54:51.984, Tesla T4, 0 MiB, 15360 MiB, 0 %, 47, 11.84 W, 300 MHz
2026/09/30 04:54:52.495, Tesla T4, 0 MiB, 15360 MiB, 0 %, 47, 12.13 W, 300 MHz
2026/09/30 04:54:53.005, Tesla T4, 0 MiB, 15360 MiB, 0 %, 47, 11.94 W, 300 MHz
2026/09/30 04:54:53.515, Tesla T4, 0 MiB, 15360 MiB, 0 %, 47, 11.74 W, 300 MHz
2026/09/30 04:54:54.026, Tesla T4, 0 MiB, 15360 MiB, 0 %, 47, 12.13 W, 300 MHz
2026/09/30 04:54:54.536, Tesla T4, 0 MiB, 15360 MiB, 0 %, 47, 12.04 W, 300 MHz
2026/09/30 04:54:55.047, Tesla T4, 0 MiB, 15360 MiB, 0 %, 47, 11.94 W, 300 MHz
2026/09/30 04:54:55.557, Tesla T4, 0 MiB, 15360 MiB, 0 %, 47, 11.74 W, 300 MHz
2026/09/30 04:54:56.068, Tesla T4, 0 MiB, 15360 MiB, 0 %, 47, 11.94 W, 300 MHz
2026/09/30 04:54:56.579, Tesla T4, 0 MiB, 15360 MiB, 0 %, 47, 11.74 W, 300 MHz
2026/09/30 04:54:57.090, Tesla T4, 0 MiB, 15360 MiB, 0 %, 47, 12.03 W, 300 MHz
2026/09/30 04:54:57.600, Tesla T4, 0 MiB, 15360 MiB, 0 %, 47, 11.84 W, 300 MHz
2026/09/30 04:54:58.111, Tesla T4, 0 MiB, 15360 MiB, 0 %, 47, 12.83 W, 300 MHz
2026/09/30 04:54:58.622, Tesla T4, 0 MiB, 15360 MiB, 0 %, 47, 12.13 W, 300 MHz
2026/09/30 04:54:59.132, Tesla T4, 0 MiB, 15360 MiB, 0 %, 47, 11.94 W, 300 MHz
2026/09/30 04:54:59.642, Tesla T4, 0 MiB, 15360 MiB, 0 %, 47, 11.94 W, 300 MHz
2026/09/30 04:55:00.153, Tesla T4, 0 MiB, 15360 MiB, 0 %, 47, 11.74 W, 300 MHz
2026/09/30 04:55:00.663, Tesla T4, 0 MiB, 15360 MiB, 0 %, 47, 11.94 W, 300 MHz
2026/09/30 04:55:01.173, Tesla T4, 0 MiB, 15360 MiB, 0 %, 47, 12.03 W, 300 MHz
2026/09/30 04:55:01.684, Tesla T4, 0 MiB, 15360 MiB, 0 %, 47, 11.84 W, 300 MHz
2026/09/30 04:55:02.194, Tesla T4, 0 MiB, 15360 MiB, 0 %, 47, 12.23 W, 300 MHz
2026/09/30 04:55:02.705, Tesla T4, 0 MiB, 15360 MiB, 0 %, 47, 12.03 W, 300 MHz
2026/09/30 04:55:03.215, Tesla T4, 0 MiB, 15360 MiB, 0 %, 47, 11.74 W, 300 MHz
2026/09/30 04:55:03.725, Tesla T4, 0 MiB, 15360 MiB, 0 %, 47, 11.74 W, 300 MHz
2026/09/30 04:55:04.235, Tesla T4, 0 MiB, 15360 MiB, 0 %, 47, 11.94 W, 300 MHz
2026/09/30 04:55:04.746, Tesla T4, 0 MiB, 15360 MiB, 0 %, 47, 11.84 W, 300 MHz
2026/09/30 04:55:05.257, Tesla T4, 0 MiB, 15360 MiB, 0 %, 47, 11.94 W, 300 MHz
2026/09/30 04:55:05.768, Tesla T4, 0 MiB, 15360 MiB, 0 %, 47, 11.74 W, 300 MHz
2026/09/30 04:55:06.278, Tesla T4, 0 MiB, 15360 MiB, 0 %, 46, 12.03 W, 300 MHz
2026/09/30 04:55:06.788, Tesla T4, 0 MiB, 15360 MiB, 0 %, 46, 11.74 W, 300 MHz
2026/09/30 04:55:07.298, Tesla T4, 0 MiB, 15360 MiB, 0 %, 46, 11.84 W, 300 MHz
2026/09/30 04:55:07.809, Tesla T4, 0 MiB, 15360 MiB, 0 %, 46, 11.74 W, 300 MHz
2026/09/30 04:55:08.319, Tesla T4, 0 MiB, 15360 MiB, 0 %, 46, 11.84 W, 300 MHz
2026/09/30 04:55:08.829, Tesla T4, 0 MiB, 15360 MiB, 0 %, 46, 11.84 W, 300 MHz
2026/09/30 04:55:09.339, Tesla T4, 0 MiB, 15360 MiB, 0 %, 46, 11.84 W, 300 MHz
2026/09/30 04:55:09.850, Tesla T4, 0 MiB, 15360 MiB, 0 %, 46, 12.13 W, 300 MHz
2026/09/30 04:55:10.360, Tesla T4, 0 MiB, 15360 MiB, 0 %, 46, 12.03 W, 300 MHz
2026/09/30 04:55:10.870, Tesla T4, 0 MiB, 15360 MiB, 0 %, 46, 12.14 W, 300 MHz
2026/09/30 04:55:11.381, Tesla T4, 0 MiB, 15360 MiB, 0 %, 46, 12.23 W, 300 MHz
2026/09/30 04:55:11.891, Tesla T4, 0 MiB, 15360 MiB, 0 %, 46, 11.94 W, 300 MHz
2026/09/30 04:55:12.402, Tesla T4, 0 MiB, 15360 MiB, 0 %, 46, 11.74 W, 300 MHz
2026/09/30 04:55:12.913, Tesla T4, 0 MiB, 15360 MiB, 0 %, 46, 11.84 W, 300 MHz
2026/09/30 04:55:13.423, Tesla T4, 0 MiB, 15360 MiB, 0 %, 46, 11.64 W, 300 MHz
2026/09/30 04:55:13.934, Tesla T4, 0 MiB, 15360 MiB, 0 %, 46, 11.84 W, 300 MHz
2026/09/30 04:55:14.444, Tesla T4, 0 MiB, 15360 MiB, 0 %, 46, 12.23 W, 300 MHz
2026/09/30 04:55:14.954, Tesla T4, 0 MiB, 15360 MiB, 0 %, 45, 11.94 W, 300 MHz
2026/09/30 04:55:15.464, Tesla T4, 0 MiB, 15360 MiB, 0 %, 45, 12.04 W, 300 MHz
2026/09/30 04:55:15.974, Tesla T4, 0 MiB, 15360 MiB, 0 %, 45, 11.64 W, 300 MHz
2026/09/30 04:55:16.485, Tesla T4, 0 MiB, 15360 MiB, 0 %, 45, 11.94 W, 300 MHz
2026/09/30 04:55:16.995, Tesla T4, 0 MiB, 15360 MiB, 0 %, 45, 11.64 W, 300 MHz
2026/09/30 04:55:17.505, Tesla T4, 0 MiB, 15360 MiB, 0 %, 45, 12.04 W, 300 MHz
2026/09/30 04:55:18.015, Tesla T4, 0 MiB, 15360 MiB, 0 %, 45, 11.64 W, 300 MHz
2026/09/30 04:55:18.526, Tesla T4, 0 MiB, 15360 MiB, 0 %, 45, 11.84 W, 300 MHz
2026/09/30 04:55:19.036, Tesla T4, 0 MiB, 15360 MiB, 0 %, 45, 11.94 W, 300 MHz
2026/09/30 04:55:19.547, Tesla T4, 0 MiB, 15360 MiB, 0 %, 45, 11.84 W, 300 MHz
2026/09/30 04:55:20.058, Tesla T4, 0 MiB, 15360 MiB, 0 %, 45, 11.84 W, 300 MHz
2026/09/30 04:55:20.568, Tesla T4, 0 MiB, 15360 MiB, 0 %, 45, 12.04 W, 300 MHz
2026/09/30 04:55:21.082, Tesla T4, 0 MiB, 15360 MiB, 0 %, 45, 11.84 W, 300 MHz
2026/09/30 04:55:21.593, Tesla T4, 0 MiB, 15360 MiB, 0 %, 45, 11.74 W, 300 MHz
2026/09/30 04:55:22.109, Tesla T4, 0 MiB, 15360 MiB, 0 %, 45, 11.84 W, 300 MHz
2026/09/30 04:55:22.620, Tesla T4, 0 MiB, 15360 MiB, 0 %, 45, 11.74 W, 300 MHz
2026/09/30 04:55:23.130, Tesla T4, 0 MiB, 15360 MiB, 0 %, 45, 12.03 W, 300 MHz
2026/09/30 04:55:23.640, Tesla T4, 0 MiB, 15360 MiB, 0 %, 45, 11.94 W, 300 MHz
2026/09/30 04:55:24.151, Tesla T4, 0 MiB, 15360 MiB, 0 %, 45, 11.84 W, 300 MHz
2026/09/30 04:55:24.661, Tesla T4, 0 MiB, 15360 MiB, 0 %, 45, 12.93 W, 300 MHz
2026/09/30 04:55:25.172, Tesla T4, 0 MiB, 15360 MiB, 0 %, 45, 11.94 W, 300 MHz
2026/09/30 04:55:25.683, Tesla T4, 0 MiB, 15360 MiB, 0 %, 45, 11.84 W, 300 MHz
2026/09/30 04:55:26.193, Tesla T4, 0 MiB, 15360 MiB, 0 %, 45, 11.94 W, 300 MHz
2026/09/30 04:55:26.704, Tesla T4, 0 MiB, 15360 MiB, 0 %, 45, 11.84 W, 300 MHz
2026/09/30 04:55:27.214, Tesla T4, 0 MiB, 15360 MiB, 0 %, 45, 11.64 W, 300 MHz
2026/09/30 04:55:27.725, Tesla T4, 0 MiB, 15360 MiB, 0 %, 45, 12.13 W, 300 MHz
2026/09/30 04:55:28.236, Tesla T4, 0 MiB, 15360 MiB, 0 %, 45, 11.84 W, 300 MHz
2026/09/30 04:55:28.746, Tesla T4, 0 MiB, 15360 MiB, 0 %, 45, 11.84 W, 300 MHz
2026/09/30 04:55:29.257, Tesla T4, 0 MiB, 15360 MiB, 0 %, 45, 11.74 W, 300 MHz
2026/09/30 04:55:29.768, Tesla T4, 0 MiB, 15360 MiB, 0 %, 45, 12.03 W, 300 MHz
2026/09/30 04:55:30.278, Tesla T4, 0 MiB, 15360 MiB, 0 %, 45, 11.84 W, 300 MHz
2026/09/30 04:55:30.789, Tesla T4, 0 MiB, 15360 MiB, 0 %, 45, 11.94 W, 300 MHz
2026/09/30 04:55:31.299, Tesla T4, 0 MiB, 15360 MiB, 0 %, 45, 11.84 W, 300 MHz
2026/09/30 04:55:31.809, Tesla T4, 0 MiB, 15360 MiB, 0 %, 45, 11.64 W, 300 MHz
2026/09/30 04:55:32.319, Tesla T4, 0 MiB, 15360 MiB, 0 %, 45, 11.84 W, 300 MHz
2026/09/30 04:55:32.829, Tesla T4, 0 MiB, 15360 MiB, 0 %, 45, 11.94 W, 300 MHz
2026/09/30 04:55:33.340, Tesla T4, 0 MiB, 15360 MiB, 0 %, 45, 12.14 W, 300 MHz
2026/09/30 04:55:33.850, Tesla T4, 0 MiB, 15360 MiB, 0 %, 45, 11.94 W, 300 MHz
2026/09/30 04:55:34.361, Tesla T4, 0 MiB, 15360 MiB, 0 %, 45, 11.94 W, 300 MHz
2026/09/30 04:55:34.871, Tesla T4, 0 MiB, 15360 MiB, 0 %, 45, 11.64 W, 300 MHz
2026/09/30 04:55:35.381, Tesla T4, 0 MiB, 15360 MiB, 0 %, 45, 12.64 W, 300 MHz
2026/09/30 04:55:35.894, Tesla T4, 0 MiB, 15360 MiB, 0 %, 45, 12.03 W, 300 MHz
2026/09/30 04:55:36.404, Tesla T4, 0 MiB, 15360 MiB, 0 %, 45, 11.74 W, 300 MHz
2026/09/30 04:55:36.915, Tesla T4, 0 MiB, 15360 MiB, 0 %, 45, 12.04 W, 300 MHz
2026/09/30 04:55:37.425, Tesla T4, 0 MiB, 15360 MiB, 0 %, 45, 11.64 W, 300 MHz
2026/09/30 04:55:37.936, Tesla T4, 0 MiB, 15360 MiB, 0 %, 45, 11.84 W, 300 MHz
2026/09/30 04:55:38.446, Tesla T4, 0 MiB, 15360 MiB, 0 %, 45, 11.84 W, 300 MHz
2026/09/30 04:55:38.956, Tesla T4, 0 MiB, 15360 MiB, 0 %, 45, 12.03 W, 300 MHz
2026/09/30 04:55:39.466, Tesla T4, 0 MiB, 15360 MiB, 0 %, 45, 12.03 W, 300 MHz
2026/09/30 04:55:39.977, Tesla T4, 0 MiB, 15360 MiB, 0 %, 45, 11.74 W, 300 MHz
2026/09/30 04:55:40.487, Tesla T4, 0 MiB, 15360 MiB, 0 %, 45, 11.64 W, 300 MHz
2026/09/30 04:55:40.997, Tesla T4, 0 MiB, 15360 MiB, 0 %, 45, 12.03 W, 300 MHz
2026/09/30 04:55:41.507, Tesla T4, 0 MiB, 15360 MiB, 0 %, 45, 11.84 W, 300 MHz
2026/09/30 04:55:42.017, Tesla T4, 0 MiB, 15360 MiB, 0 %, 45, 11.64 W, 300 MHz
2026/09/30 04:55:42.528, Tesla T4, 0 MiB, 15360 MiB, 0 %, 45, 11.84 W, 300 MHz
2026/09/30 04:55:43.038, Tesla T4, 0 MiB, 15360 MiB, 0 %, 45, 11.64 W, 300 MHz
2026/09/30 04:55:43.549, Tesla T4, 0 MiB, 15360 MiB, 0 %, 45, 11.94 W, 300 MHz
2026/09/30 04:55:44.059, Tesla T4, 0 MiB, 15360 MiB, 0 %, 45, 11.64 W, 300 MHz
2026/09/30 04:55:44.570, Tesla T4, 0 MiB, 15360 MiB, 0 %, 44, 11.74 W, 300 MHz
2026/09/30 04:55:45.081, Tesla T4, 0 MiB, 15360 MiB, 0 %, 44, 11.84 W, 300 MHz
2026/09/30 04:55:45.591, Tesla T4, 0 MiB, 15360 MiB, 0 %, 44, 11.84 W, 300 MHz
2026/09/30 04:55:46.101, Tesla T4, 0 MiB, 15360 MiB, 0 %, 44, 11.64 W, 300 MHz
2026/09/30 04:55:46.612, Tesla T4, 0 MiB, 15360 MiB, 0 %, 44, 11.64 W, 300 MHz
2026/09/30 04:55:47.122, Tesla T4, 0 MiB, 15360 MiB, 0 %, 44, 11.94 W, 300 MHz
2026/09/30 04:55:47.632, Tesla T4, 0 MiB, 15360 MiB, 0 %, 44, 11.74 W, 300 MHz
2026/09/30 04:55:48.143, Tesla T4, 0 MiB, 15360 MiB, 0 %, 44, 11.84 W, 300 MHz
2026/09/30 04:55:48.653, Tesla T4, 0 MiB, 15360 MiB, 0 %, 44, 12.04 W, 300 MHz
2026/09/30 04:55:49.163, Tesla T4, 0 MiB, 15360 MiB, 0 %, 44, 11.84 W, 300 MHz
2026/09/30 04:55:49.674, Tesla T4, 0 MiB, 15360 MiB, 0 %, 44, 11.84 W, 300 MHz
2026/09/30 04:55:50.184, Tesla T4, 0 MiB, 15360 MiB, 0 %, 44, 11.94 W, 300 MHz
2026/09/30 04:55:50.695, Tesla T4, 0 MiB, 15360 MiB, 0 %, 44, 11.64 W, 300 MHz
2026/09/30 04:55:51.205, Tesla T4, 0 MiB, 15360 MiB, 0 %, 44, 11.84 W, 300 MHz
2026/09/30 04:55:51.715, Tesla T4, 0 MiB, 15360 MiB, 0 %, 44, 11.84 W, 300 MHz
2026/09/30 04:55:52.226, Tesla T4, 0 MiB, 15360 MiB, 0 %, 44, 11.84 W, 300 MHz
2026/09/30 04:55:52.737, Tesla T4, 0 MiB, 15360 MiB, 0 %, 44, 11.84 W, 300 MHz
2026/09/30 04:55:53.247, Tesla T4, 0 MiB, 15360 MiB, 0 %, 44, 11.64 W, 300 MHz
2026/09/30 04:55:53.758, Tesla T4, 0 MiB, 15360 MiB, 0 %, 44, 11.94 W, 300 MHz
2026/09/30 04:55:54.268, Tesla T4, 0 MiB, 15360 MiB, 0 %, 44, 11.64 W, 300 MHz
2026/09/30 04:55:54.778, Tesla T4, 0 MiB, 15360 MiB, 0 %, 44, 11.94 W, 300 MHz
2026/09/30 04:55:55.288, Tesla T4, 0 MiB, 15360 MiB, 0 %, 44, 11.64 W, 300 MHz
2026/09/30 04:55:55.798, Tesla T4, 0 MiB, 15360 MiB, 0 %, 44, 11.64 W, 300 MHz
2026/09/30 04:55:56.308, Tesla T4, 0 MiB, 15360 MiB, 0 %, 44, 11.64 W, 300 MHz
2026/09/30 04:55:56.820, Tesla T4, 0 MiB, 15360 MiB, 0 %, 44, 11.74 W, 300 MHz
2026/09/30 04:55:57.331, Tesla T4, 0 MiB, 15360 MiB, 0 %, 44, 12.03 W, 300 MHz
2026/09/30 04:55:57.841, Tesla T4, 0 MiB, 15360 MiB, 0 %, 44, 12.04 W, 300 MHz
2026/09/30 04:55:58.351, Tesla T4, 0 MiB, 15360 MiB, 0 %, 44, 11.74 W, 300 MHz
2026/09/30 04:55:58.862, Tesla T4, 0 MiB, 15360 MiB, 0 %, 44, 11.64 W, 300 MHz
2026/09/30 04:55:59.372, Tesla T4, 0 MiB, 15360 MiB, 0 %, 44, 11.64 W, 300 MHz
2026/09/30 04:55:59.883, Tesla T4, 0 MiB, 15360 MiB, 0 %, 44, 11.64 W, 300 MHz
2026/09/30 04:56:00.393, Tesla T4, 0 MiB, 15360 MiB, 0 %, 44, 11.74 W, 300 MHz
2026/09/30 04:56:00.904, Tesla T4, 0 MiB, 15360 MiB, 0 %, 44, 11.54 W, 300 MHz
2026/09/30 04:56:01.414, Tesla T4, 0 MiB, 15360 MiB, 0 %, 44, 11.74 W, 300 MHz
2026/09/30 04:56:01.925, Tesla T4, 0 MiB, 15360 MiB, 0 %, 44, 11.84 W, 300 MHz
2026/09/30 04:56:02.435, Tesla T4, 0 MiB, 15360 MiB, 0 %, 44, 12.03 W, 300 MHz
2026/09/30 04:56:02.945, Tesla T4, 0 MiB, 15360 MiB, 0 %, 44, 11.84 W, 300 MHz
2026/09/30 04:56:03.455, Tesla T4, 0 MiB, 15360 MiB, 0 %, 44, 11.84 W, 300 MHz
2026/09/30 04:56:03.966, Tesla T4, 0 MiB, 15360 MiB, 0 %, 44, 11.64 W, 300 MHz
2026/09/30 04:56:04.476, Tesla T4, 0 MiB, 15360 MiB, 0 %, 44, 11.54 W, 300 MHz
2026/09/30 04:56:04.986, Tesla T4, 0 MiB, 15360 MiB, 0 %, 44, 11.94 W, 300 MHz
2026/09/30 04:56:05.496, Tesla T4, 0 MiB, 15360 MiB, 0 %, 44, 11.64 W, 300 MHz
2026/09/30 04:56:06.007, Tesla T4, 0 MiB, 15360 MiB, 0 %, 44, 11.74 W, 300 MHz
2026/09/30 04:56:06.518, Tesla T4, 0 MiB, 15360 MiB, 0 %, 44, 11.94 W, 300 MHz
2026/09/30 04:56:07.029, Tesla T4, 0 MiB, 15360 MiB, 0 %, 44, 11.74 W, 300 MHz
2026/09/30 04:56:07.540, Tesla T4, 0 MiB, 15360 MiB, 0 %, 44, 12.03 W, 300 MHz
2026/09/30 04:56:08.050, Tesla T4, 0 MiB, 15360 MiB, 0 %, 44, 12.03 W, 300 MHz
2026/09/30 04:56:08.561, Tesla T4, 0 MiB, 15360 MiB, 0 %, 44, 11.74 W, 300 MHz
2026/09/30 04:56:09.072, Tesla T4, 0 MiB, 15360 MiB, 0 %, 44, 11.74 W, 300 MHz
2026/09/30 04:56:09.582, Tesla T4, 0 MiB, 15360 MiB, 0 %, 44, 11.74 W, 300 MHz
2026/09/30 04:56:10.092, Tesla T4, 0 MiB, 15360 MiB, 0 %, 43, 11.64 W, 300 MHz
2026/09/30 04:56:10.602, Tesla T4, 0 MiB, 15360 MiB, 0 %, 44, 11.84 W, 300 MHz
2026/09/30 04:56:11.112, Tesla T4, 0 MiB, 15360 MiB, 0 %, 44, 11.64 W, 300 MHz
2026/09/30 04:56:11.622, Tesla T4, 0 MiB, 15360 MiB, 0 %, 44, 11.84 W, 300 MHz
2026/09/30 04:56:12.133, Tesla T4, 0 MiB, 15360 MiB, 0 %, 44, 11.64 W, 300 MHz
2026/09/30 04:56:12.643, Tesla T4, 0 MiB, 15360 MiB, 0 %, 44, 11.84 W, 300 MHz
2026/09/30 04:56:13.153, Tesla T4, 0 MiB, 15360 MiB, 0 %, 44, 11.84 W, 300 MHz
2026/09/30 04:56:13.664, Tesla T4, 0 MiB, 15360 MiB, 0 %, 43, 11.64 W, 300 MHz
2026/09/30 04:56:14.174, Tesla T4, 0 MiB, 15360 MiB, 0 %, 43, 11.94 W, 300 MHz
2026/09/30 04:56:14.685, Tesla T4, 0 MiB, 15360 MiB, 0 %, 44, 11.64 W, 300 MHz
2026/09/30 04:56:15.195, Tesla T4, 0 MiB, 15360 MiB, 0 %, 43, 12.03 W, 300 MHz
2026/09/30 04:56:15.706, Tesla T4, 0 MiB, 15360 MiB, 0 %, 43, 11.74 W, 300 MHz
2026/09/30 04:56:16.216, Tesla T4, 0 MiB, 15360 MiB, 0 %, 43, 11.74 W, 300 MHz
2026/09/30 04:56:16.727, Tesla T4, 0 MiB, 15360 MiB, 0 %, 43, 12.14 W, 300 MHz
2026/09/30 04:56:17.238, Tesla T4, 0 MiB, 15360 MiB, 0 %, 43, 11.74 W, 300 MHz
2026/09/30 04:56:17.748, Tesla T4, 0 MiB, 15360 MiB, 0 %, 43, 11.54 W, 300 MHz
2026/09/30 04:56:18.258, Tesla T4, 0 MiB, 15360 MiB, 0 %, 43, 11.74 W, 300 MHz
2026/09/30 04:56:18.769, Tesla T4, 0 MiB, 15360 MiB, 0 %, 43, 11.74 W, 300 MHz
2026/09/30 04:56:19.279, Tesla T4, 0 MiB, 15360 MiB, 0 %, 43, 11.74 W, 300 MHz
2026/09/30 04:56:19.789, Tesla T4, 0 MiB, 15360 MiB, 0 %, 43, 12.14 W, 300 MHz
2026/09/30 04:56:20.299, Tesla T4, 0 MiB, 15360 MiB, 0 %, 43, 11.74 W, 300 MHz
2026/09/30 04:56:20.810, Tesla T4, 0 MiB, 15360 MiB, 0 %, 43, 11.94 W, 300 MHz
2026/09/30 04:56:21.322, Tesla T4, 0 MiB, 15360 MiB, 0 %, 43, 11.84 W, 300 MHz
2026/09/30 04:56:21.833, Tesla T4, 0 MiB, 15360 MiB, 0 %, 43, 11.84 W, 300 MHz
2026/09/30 04:56:22.343, Tesla T4, 0 MiB, 15360 MiB, 0 %, 43, 11.54 W, 300 MHz
2026/09/30 04:56:22.854, Tesla T4, 0 MiB, 15360 MiB, 0 %, 43, 12.14 W, 300 MHz
2026/09/30 04:56:23.364, Tesla T4, 0 MiB, 15360 MiB, 0 %, 43, 11.54 W, 300 MHz
2026/09/30 04:56:23.875, Tesla T4, 0 MiB, 15360 MiB, 0 %, 43, 11.84 W, 300 MHz
2026/09/30 04:56:24.386, Tesla T4, 0 MiB, 15360 MiB, 0 %, 43, 11.84 W, 300 MHz
2026/09/30 04:56:24.897, Tesla T4, 0 MiB, 15360 MiB, 0 %, 43, 11.64 W, 300 MHz
2026/09/30 04:56:25.407, Tesla T4, 0 MiB, 15360 MiB, 0 %, 42, 11.64 W, 300 MHz
2026/09/30 04:56:25.917, Tesla T4, 0 MiB, 15360 MiB, 0 %, 42, 12.03 W, 300 MHz
2026/09/30 04:56:26.427, Tesla T4, 0 MiB, 15360 MiB, 0 %, 42, 11.64 W, 300 MHz
2026/09/30 04:56:26.937, Tesla T4, 0 MiB, 15360 MiB, 0 %, 42, 11.54 W, 300 MHz
2026/09/30 04:56:27.447, Tesla T4, 0 MiB, 15360 MiB, 0 %, 42, 11.64 W, 300 MHz
2026/09/30 04:56:27.958, Tesla T4, 0 MiB, 15360 MiB, 0 %, 42, 11.84 W, 300 MHz
2026/09/30 04:56:28.468, Tesla T4, 0 MiB, 15360 MiB, 0 %, 42, 11.64 W, 300 MHz
2026/09/30 04:56:28.979, Tesla T4, 0 MiB, 15360 MiB, 0 %, 42, 11.54 W, 300 MHz
2026/09/30 04:56:29.489, Tesla T4, 0 MiB, 15360 MiB, 0 %, 42, 12.43 W, 300 MHz
2026/09/30 04:56:29.999, Tesla T4, 0 MiB, 15360 MiB, 0 %, 42, 11.74 W, 300 MHz
2026/09/30 04:56:30.509, Tesla T4, 0 MiB, 15360 MiB, 0 %, 42, 11.84 W, 300 MHz
2026/09/30 04:56:31.020, Tesla T4, 0 MiB, 15360 MiB, 0 %, 42, 11.64 W, 300 MHz
2026/09/30 04:56:31.532, Tesla T4, 0 MiB, 15360 MiB, 0 %, 42, 11.64 W, 300 MHz
2026/09/30 04:56:32.043, Tesla T4, 0 MiB, 15360 MiB, 0 %, 42, 11.64 W, 300 MHz
2026/09/30 04:56:32.554, Tesla T4, 0 MiB, 15360 MiB, 0 %, 42, 11.54 W, 300 MHz
2026/09/30 04:56:33.064, Tesla T4, 0 MiB, 15360 MiB, 0 %, 42, 11.64 W, 300 MHz
2026/09/30 04:56:33.574, Tesla T4, 0 MiB, 15360 MiB, 0 %, 42, 11.74 W, 300 MHz
2026/09/30 04:56:34.085, Tesla T4, 0 MiB, 15360 MiB, 0 %, 42, 11.64 W, 300 MHz
2026/09/30 04:56:34.595, Tesla T4, 0 MiB, 15360 MiB, 0 %, 42, 11.84 W, 300 MHz
2026/09/30 04:56:35.106, Tesla T4, 0 MiB, 15360 MiB, 0 %, 42, 12.23 W, 300 MHz
2026/09/30 04:56:35.616, Tesla T4, 0 MiB, 15360 MiB, 0 %, 42, 11.64 W, 300 MHz
2026/09/30 04:56:36.126, Tesla T4, 0 MiB, 15360 MiB, 0 %, 42, 11.74 W, 300 MHz
2026/09/30 04:56:36.637, Tesla T4, 0 MiB, 15360 MiB, 0 %, 42, 11.64 W, 300 MHz
2026/09/30 04:56:37.147, Tesla T4, 0 MiB, 15360 MiB, 0 %, 42, 12.03 W, 300 MHz
2026/09/30 04:56:37.658, Tesla T4, 0 MiB, 15360 MiB, 0 %, 42, 11.64 W, 300 MHz
2026/09/30 04:56:38.168, Tesla T4, 0 MiB, 15360 MiB, 0 %, 42, 11.64 W, 300 MHz
2026/09/30 04:56:38.678, Tesla T4, 0 MiB, 15360 MiB, 0 %, 42, 11.84 W, 300 MHz
2026/09/30 04:56:39.189, Tesla T4, 0 MiB, 15360 MiB, 0 %, 42, 11.84 W, 300 MHz
2026/09/30 04:56:39.700, Tesla T4, 0 MiB, 15360 MiB, 0 %, 42, 11.84 W, 300 MHz
2026/09/30 04:56:40.211, Tesla T4, 0 MiB, 15360 MiB, 0 %, 42, 11.84 W, 300 MHz
2026/09/30 04:56:40.721, Tesla T4, 0 MiB, 15360 MiB, 0 %, 42, 11.84 W, 300 MHz
2026/09/30 04:56:41.232, Tesla T4, 0 MiB, 15360 MiB, 0 %, 42, 11.84 W, 300 MHz
2026/09/30 04:56:41.742, Tesla T4, 0 MiB, 15360 MiB, 0 %, 42, 11.54 W, 300 MHz
2026/09/30 04:56:42.252, Tesla T4, 0 MiB, 15360 MiB, 0 %, 42, 11.84 W, 300 MHz
2026/09/30 04:56:42.763, Tesla T4, 0 MiB, 15360 MiB, 0 %, 42, 11.54 W, 300 MHz
2026/09/30 04:56:43.273, Tesla T4, 0 MiB, 15360 MiB, 0 %, 42, 11.64 W, 300 MHz
2026/09/30 04:56:43.784, Tesla T4, 0 MiB, 15360 MiB, 0 %, 42, 11.94 W, 300 MHz
2026/09/30 04:56:44.294, Tesla T4, 0 MiB, 15360 MiB, 0 %, 42, 11.84 W, 300 MHz
2026/09/30 04:56:44.804, Tesla T4, 0 MiB, 15360 MiB, 0 %, 42, 11.84 W, 300 MHz
2026/09/30 04:56:45.314, Tesla T4, 0 MiB, 15360 MiB, 0 %, 42, 11.84 W, 300 MHz
2026/09/30 04:56:45.825, Tesla T4, 0 MiB, 15360 MiB, 0 %, 42, 12.03 W, 300 MHz
2026/09/30 04:56:46.335, Tesla T4, 0 MiB, 15360 MiB, 0 %, 42, 11.84 W, 300 MHz
2026/09/30 04:56:46.846, Tesla T4, 0 MiB, 15360 MiB, 0 %, 42, 12.04 W, 300 MHz
2026/09/30 04:56:47.356, Tesla T4, 0 MiB, 15360 MiB, 0 %, 42, 11.64 W, 300 MHz
2026/09/30 04:56:47.867, Tesla T4, 0 MiB, 15360 MiB, 0 %, 42, 11.74 W, 300 MHz
2026/09/30 04:56:48.378, Tesla T4, 0 MiB, 15360 MiB, 0 %, 42, 11.54 W, 300 MHz
2026/09/30 04:56:48.888, Tesla T4, 0 MiB, 15360 MiB, 0 %, 42, 12.03 W, 300 MHz
2026/09/30 04:56:49.398, Tesla T4, 0 MiB, 15360 MiB, 0 %, 42, 11.64 W, 300 MHz
2026/09/30 04:56:49.909, Tesla T4, 0 MiB, 15360 MiB, 0 %, 42, 11.74 W, 300 MHz
2026/09/30 04:56:50.419, Tesla T4, 0 MiB, 15360 MiB, 0 %, 42, 11.54 W, 300 MHz
2026/09/30 04:56:50.929, Tesla T4, 0 MiB, 15360 MiB, 0 %, 42, 11.74 W, 300 MHz
2026/09/30 04:56:51.440, Tesla T4, 0 MiB, 15360 MiB, 0 %, 42, 11.64 W, 300 MHz
2026/09/30 04:56:51.950, Tesla T4, 0 MiB, 15360 MiB, 0 %, 42, 11.64 W, 300 MHz
2026/09/30 04:56:52.462, Tesla T4, 0 MiB, 15360 MiB, 0 %, 42, 11.74 W, 300 MHz
2026/09/30 04:56:52.973, Tesla T4, 0 MiB, 15360 MiB, 0 %, 42, 11.84 W, 300 MHz
2026/09/30 04:56:53.483, Tesla T4, 0 MiB, 15360 MiB, 0 %, 42, 11.84 W, 300 MHz
2026/09/30 04:56:53.994, Tesla T4, 0 MiB, 15360 MiB, 0 %, 42, 11.94 W, 300 MHz
2026/09/30 04:56:54.505, Tesla T4, 0 MiB, 15360 MiB, 0 %, 42, 11.84 W, 300 MHz
2026/09/30 04:56:55.015, Tesla T4, 0 MiB, 15360 MiB, 0 %, 42, 11.54 W, 300 MHz
2026/09/30 04:56:55.526, Tesla T4, 0 MiB, 15360 MiB, 0 %, 42, 11.64 W, 300 MHz
2026/09/30 04:56:56.036, Tesla T4, 0 MiB, 15360 MiB, 0 %, 42, 11.74 W, 300 MHz
2026/09/30 04:56:56.547, Tesla T4, 0 MiB, 15360 MiB, 0 %, 42, 11.54 W, 300 MHz
2026/09/30 04:56:57.057, Tesla T4, 0 MiB, 15360 MiB, 0 %, 42, 11.84 W, 300 MHz
2026/09/30 04:56:57.567, Tesla T4, 0 MiB, 15360 MiB, 0 %, 42, 11.74 W, 300 MHz
2026/09/30 04:56:58.078, Tesla T4, 0 MiB, 15360 MiB, 0 %, 42, 11.74 W, 300 MHz
2026/09/30 04:56:58.588, Tesla T4, 0 MiB, 15360 MiB, 0 %, 42, 11.54 W, 300 MHz
2026/09/30 04:56:59.098, Tesla T4, 0 MiB, 15360 MiB, 0 %, 42, 11.64 W, 300 MHz
2026/09/30 04:56:59.609, Tesla T4, 0 MiB, 15360 MiB, 0 %, 42, 11.74 W, 300 MHz
2026/09/30 04:57:00.119, Tesla T4, 0 MiB, 15360 MiB, 0 %, 42, 11.64 W, 300 MHz
2026/09/30 04:57:00.630, Tesla T4, 0 MiB, 15360 MiB, 0 %, 42, 11.54 W, 300 MHz
2026/09/30 04:57:01.140, Tesla T4, 0 MiB, 15360 MiB, 0 %, 42, 11.74 W, 300 MHz
2026/09/30 04:57:01.651, Tesla T4, 0 MiB, 15360 MiB, 0 %, 42, 11.54 W, 300 MHz
2026/09/30 04:57:02.161, Tesla T4, 0 MiB, 15360 MiB, 0 %, 42, 11.84 W, 300 MHz
2026/09/30 04:57:02.672, Tesla T4, 0 MiB, 15360 MiB, 0 %, 41, 11.64 W, 300 MHz
2026/09/30 04:57:03.182, Tesla T4, 0 MiB, 15360 MiB, 0 %, 41, 12.23 W, 300 MHz
2026/09/30 04:57:03.694, Tesla T4, 0 MiB, 15360 MiB, 0 %, 41, 11.54 W, 300 MHz
2026/09/30 04:57:04.217, Tesla T4, 0 MiB, 15360 MiB, 0 %, 41, 11.74 W, 300 MHz
2026/09/30 04:57:04.727, Tesla T4, 0 MiB, 15360 MiB, 0 %, 41, 11.74 W, 300 MHz
2026/09/30 04:57:05.237, Tesla T4, 0 MiB, 15360 MiB, 0 %, 41, 11.94 W, 300 MHz
2026/09/30 04:57:05.747, Tesla T4, 0 MiB, 15360 MiB, 0 %, 41, 11.64 W, 300 MHz
2026/09/30 04:57:06.257, Tesla T4, 0 MiB, 15360 MiB, 0 %, 41, 11.64 W, 300 MHz
2026/09/30 04:57:06.768, Tesla T4, 0 MiB, 15360 MiB, 0 %, 41, 11.54 W, 300 MHz
2026/09/30 04:57:07.278, Tesla T4, 0 MiB, 15360 MiB, 0 %, 41, 11.84 W, 300 MHz
2026/09/30 04:57:07.788, Tesla T4, 0 MiB, 15360 MiB, 0 %, 41, 11.54 W, 300 MHz
2026/09/30 04:57:08.298, Tesla T4, 0 MiB, 15360 MiB, 0 %, 41, 11.84 W, 300 MHz
2026/09/30 04:57:08.809, Tesla T4, 0 MiB, 15360 MiB, 0 %, 41, 11.64 W, 300 MHz
2026/09/30 04:57:09.319, Tesla T4, 0 MiB, 15360 MiB, 0 %, 41, 11.54 W, 300 MHz
2026/09/30 04:57:09.830, Tesla T4, 0 MiB, 15360 MiB, 0 %, 41, 11.64 W, 300 MHz
2026/09/30 04:57:10.341, Tesla T4, 0 MiB, 15360 MiB, 0 %, 41, 11.54 W, 300 MHz
2026/09/30 04:57:10.851, Tesla T4, 0 MiB, 15360 MiB, 0 %, 41, 11.54 W, 300 MHz
2026/09/30 04:57:11.362, Tesla T4, 0 MiB, 15360 MiB, 0 %, 41, 11.54 W, 300 MHz
2026/09/30 04:57:11.872, Tesla T4, 0 MiB, 15360 MiB, 0 %, 41, 11.84 W, 300 MHz
2026/09/30 04:57:12.383, Tesla T4, 0 MiB, 15360 MiB, 0 %, 41, 12.04 W, 300 MHz
2026/09/30 04:57:12.894, Tesla T4, 0 MiB, 15360 MiB, 0 %, 41, 12.14 W, 300 MHz
2026/09/30 04:57:13.404, Tesla T4, 0 MiB, 15360 MiB, 0 %, 41, 11.54 W, 300 MHz
2026/09/30 04:57:13.914, Tesla T4, 0 MiB, 15360 MiB, 0 %, 41, 12.03 W, 300 MHz
2026/09/30 04:57:14.424, Tesla T4, 0 MiB, 15360 MiB, 0 %, 41, 11.74 W, 300 MHz
2026/09/30 04:57:14.937, Tesla T4, 0 MiB, 15360 MiB, 0 %, 41, 11.94 W, 300 MHz
2026/09/30 04:57:15.464, Tesla T4, 0 MiB, 15360 MiB, 0 %, 41, 11.54 W, 300 MHz
2026/09/30 04:57:15.999, Tesla T4, 0 MiB, 15360 MiB, 0 %, 41, 11.64 W, 300 MHz
2026/09/30 04:57:16.520, Tesla T4, 0 MiB, 15360 MiB, 0 %, 41, 11.64 W, 300 MHz
2026/09/30 04:57:17.030, Tesla T4, 0 MiB, 15360 MiB, 0 %, 41, 11.54 W, 300 MHz
2026/09/30 04:57:17.540, Tesla T4, 0 MiB, 15360 MiB, 0 %, 41, 11.94 W, 300 MHz
2026/09/30 04:57:18.051, Tesla T4, 0 MiB, 15360 MiB, 0 %, 41, 11.54 W, 300 MHz
2026/09/30 04:57:18.561, Tesla T4, 0 MiB, 15360 MiB, 0 %, 41, 11.64 W, 300 MHz
2026/09/30 04:57:19.072, Tesla T4, 0 MiB, 15360 MiB, 0 %, 41, 11.74 W, 300 MHz
2026/09/30 04:57:19.583, Tesla T4, 0 MiB, 15360 MiB, 0 %, 41, 11.64 W, 300 MHz
